Selected Article,Stakeholder,Giver,Receiver,Problematic Behavior,Aftermath,Platform,Link
" (U.S. News: New Online-Data Bill Sets Up Privacy Fight --- Internet Firms Push Back on California Proposal Requiring They Disclose What Has Been Done With Users' Information, wall street journal, 2013-04-06)",S->Regular Group,S,Regular Group,User Safety_Personal Information,Legal Action,Facebook,https://www.wsj.com/articles/SB10001424127887323916304578402912554668102
"‘Disinformation can be a very lucrative business, especially if you’re good at it,’ media scholar says",Regular Group->Regular Group,Regular Group,Regular Group,User Safety_Broken Harmony,Public protest,"Twitter, Facebook",https://www.washingtonpost.com/lifestyle/magazine/disinformation-can-be-a-very-lucrative-business-especially-if-youre-good-at-it-media-scholar-says/2021/01/19/4c842f06-4a04-11eb-a9d9-1e3ec4a928b9_story.html
‘They become what they are not’: Yuvraj Singh feels young cricketers are trying too hard on social media,S->Influential Group,S,Influential Group,User Safety_Safety Risk of Social Media Overuse,,"Twitter, Instagram, Facebook, TikTok",https://www.hindustantimes.com/cricket/they-become-what-they-are-not-yuvraj-singh-feels-young-cricketers-are-trying-too-hard-on-social-media/story-FwQvLIIWvoI6sTH2A13dxM.html
"(''13 Reasons Why' is affecting America's classrooms. Teachers tell us their stories', 'los angeles times', '2017-05-10')",Influential Individual->Regular Group,Influential Individual,Regular Group,User Safety_Suicide&Self-harm,Death,Online,https://www.latimes.com/entertainment/tv/la-et-st-13-reasons-why-schools-teachers-20170510-htmlstory.html
"(''Aunty National' Irani takes on trolls with open letter on Facebook', 'the hindustan times', '2016-06-17')",Regular Group->Influential Individual,Regular Group,Regular Group,User Safety_Broken Harmony,Public Message from Social Media,Twitter,https://www.pressreader.com/india/hindustan-times-amritsar/20160617/281517930407569?srsltid=AfmBOooY2kTAOgY5wKI0xjwyD4cWldgOC3jOmv-SGeJ3cCBkFW-YaOpn
"('‘But I Saw It on Facebook’: Hoaxes Are Making Doctors’ Jobs Harder', 'the new york times', '2020-09-02')",S->Regular Group,S,Regular Group,User Safety_Dangerous Misinformation & Endangerment,Misinformation led to action,Facebook,https://www.nytimes.com/2020/08/28/opinion/sunday/coronavirus-misinformation-faceboook.html
"(''Forced' to fly extra hours, Air India cabin crew start online drive', 'the times of india', '2012-08-20')",Regular Group->Influential Individual,Regular Group,Influential Individual,User Safety_Broken Harmony,,Facebook,https://timesofindia.indiatimes.com/city/mumbai/forced-to-fly-extra-hours-air-india-cabin-crew-start-online-drive/articleshow/15563120.cms
"(''Hits two targets with one arrow': Irfan's explosive 'mushkil kaam aap karo, aasan main kar lunga' dig divides internet', 'the hindustan times', '2023-08-09')",Influential Individual->Influential Individual,Influential Individual,Influential Individual,User Safety_Broken Harmony,Public Backlash,Twitter,https://www.hindustantimes.com/cricket/hits-two-targets-with-one-arrow-irfans-explosive-mushkil-kaam-aap-karo-aasan-main-kar-lunga-dig-divides-internet-101691565506887.html
"('‘I’m not afraid any more’: Christie Whelan Browne on Show People, Twitter trolls and her ‘horrible’ four years', 'the guardian', '2023-01-04')",Regular Group->Influential Individual,Regular Group,Influential Individual,User Safety_Harassment&Bullying,,Twitter,https://www.theguardian.com/global/2022/dec/31/im-not-afraid-any-more-christie-whelan-browne-on-show-people-twitter-trolls-and-her-horrible-four-years
"(''Like' Button, Widgets Track Users' Web Visits', 'wall street journal', '2011-05-20')",S->Regular Group,S,Regular Group,User Safety_Personal Information,,"Facebook, Twitter",https://www.wsj.com/articles/SB10001424052748704281504576329441432995616
"(''Necesitas hablar inglés': Los videos y las redes sociales muestran la polarización que el español está provocando en Estados Unidos', 'los angeles times', '2018-05-28')",Regular Individual->Regular Group,Regular Individual,Regular Group,User Safety_Broken Harmony,Public Apology,Social Media,https://www.latimes.com/espanol/eeuu/la-es-necesitas-hablar-ingles-los-videos-y-las-redes-sociales-muestran-la-polarizacion-que-el-espanol-esta-20180528-story.html
"(''Social media is fuelling a mental crisis in children. It is a tragedy for our time'', 'the daily telegraph', '2018-08-13')",S->Regular Group,S,Regular Group,User Safety_Safety Risk of Social Media Overuse,,Social Media,https://www.telegraph.co.uk/news/2018/08/12/impact-social-media-childrens-mental-health-real-tragedy-time/
"(''Techlash': Whipping Up Criticism of the Top Tech Companies; The increasingly sharp rebukes of Facebook, Google and others now have a term of their own', 'wall street journal', '2019-01-10')",S->Regular Group,S,Regular Group,User Safety_Censorship & Retribution,,"Facebook, Google",https://www.wsj.com/articles/techlash-whipping-up-criticism-of-the-top-tech-companies-11547146279
"('‘Used to it’: Aviva CEO responds after sexist comments at AGM', 'the guardian', '2022-05-11')",Influential Individual->Regular Group,Influential Individual,Regular Group,User Safety_Broken Harmony,,LinkedIn,https://www.theguardian.com/inequality/2022/may/11/used-to-it-aviva-ceo-responds-after-sexist-comments-at-agm
"(''Video footage of Korean female TV announcer spreads in China'', 'the korea times', '2012-07-30')",Regular Individual->Regular Group,Regular Individual,Regular Group,User Safety_Dangerous Misinformation & Endangerment,,Weibo,https://www.koreatimes.co.kr/southkorea/20120730/video-footage-of-korean-female-tv-announcer-spreads-in-china
"(''Was advised to switch off my mobile till I got anticipatory bail'', 'the times of india', '2023-01-08')",Regular Group->Regular Group,Regular Group,Regular Group,User Safety_Broken Harmony,Legal Action,Social Media,https://timesofindia.indiatimes.com/city/bengaluru/pee-gate-man-who-urinated-on-co-flyer-held-from-bengaluru-guest-house/articleshow/96821477.cms
"('‘What do you do when you can’t agree on reality?’ Demise of popular Oak Park Coronavirus Facebook group highlights pandemic’s divisions', 'chicago tribune', '2022-02-28')",Regular Group->Regular Group,Regular Group,Regular Group,User Safety_Broken Harmony,Public Backlash,Facebook,https://www.chicagotribune.com/2022/02/28/what-do-you-do-when-you-cant-agree-oRegular Groupeality-demise-of-popular-oak-park-coronavirus-facebook-group-highlights-pandemics-divisions/
"(''Where are we headed': Jwala Gutta posts about grandmother's death, gets racist replies', 'the hindustan times', '2021-02-12')",Regular Group->Influential Individual,Regular Group,Influential Individual,User Safety_Harassment&Bullying,,Twitter,https://www.hindustantimes.com/india-news/jwala-gutta-posts-about-grandmom-s-death-gets-racist-replies-101613137291928.html
"('‘White power’ video was a glimpse into Trump-era political discourse in ‘America’s friendliest’ retirement community', 'the washington post', '2020-07-04')",Regular Individual->Regular Group,Regular Individual,Regular Group,User Safety_Broken Harmony,Remove Content,Twitter,https://www.washingtonpost.com/politics/white-power-video-was-a-glimpse-into-trump-era-political-discourse-in-americas-friendliest-retirement-community/2020/07/04/0ca405dc-bbc0-11ea-8cf5-9c1b8d7f84c6_story.html
"(''You can't teach dignity': Derek O'Brien tweets after Mamata objected to slogans', 'the hindustan times', '2021-01-23')",Influential Individual->Regular Group,Influential Individual,Regular Group,User Safety_Broken Harmony,,Twitter,https://www.hindustantimes.com/india-news/you-can-t-teach-dignity-derek-o-brien-tweets-after-mamata-objected-to-slogans-101611407130175.html
"(''You're a Tijuanan': Viral video roils Santa Barbara, spurring hundreds to protest', 'los angeles times', '2023-09-18')",Regular Group->Regular Group,Regular Group,Regular Group,User Safety_Broken Harmony,Public Protest,Instagram,https://www.latimes.com/california/story/2023-09-18/racist-video-roils-santa-barbara-drawing-hundreds-to-impromptu-protest
"('""No me echan Twitter, 'Marca', 'As', ni la marioneta de Florentino""', 'el pais', '2016-10-19')",Regular Group->Influential Individual,Regular Group,Influential Individual,User Safety_Dangerous Misinformation & Endangerment,Address Misinformation,Twitter,https://mexico.as.com/mexico/2016/10/18/futbol/1476791192_376424.html
"('""Suicide games"" prompt Kyrgyzstan to block social media', 'bbc monitoring central asia', '2017-02-09')",Influential Individual->Regular Individual,Influential Individual,Regular Individual,User Safety_Suicide&Self-harm,Death,Game,https://www.rferl.org/a/russia-teen-suicide-blue-whale-internet-social-media-game/28322884.html
"('#AirBnBWhileBlack hashtag highlights potential racial bias on rental app', 'the guardian', '2016-05-05')",S->Regular Group,S,Regular Group,User Safety_Broken Harmony,Public Backlash,Airbnb,https://www.theguardian.com/technology/2016/may/05/airbnbwhileblack-hashtag-highlights-potential-racial-bias-rental-app
"('#BobbyJindalisSoWhite trends on Twitter', 'the times of india', '2015-06-26')",Regular Group->Regular Group,Regular Group,Regular Group,User Safety_Broken Harmony,,Twitter,https://indianexpress.com/article/trending/bobbyjindalissowhite-trends-on-twitter/
"('2 Hyderabad students lose govt hospital apprenticeship for dance videos', 'the hindustan times', '2019-07-26')",Regular Group->Regular Group,Regular Group,Regular Group,User Safety_Broken Harmony,"Restricted from job/school, Public Apology",TikTok,https://www.hindustantimes.com/india-news/2-hyderabad-students-lose-govt-hospital-apprenticeship-for-dance-videos/story-woPbR4cAfSfjMFW8o5btuN.html
"('2 policemen suspended; video shows them accepting bribes from drivers', 'the times of india', '2022-08-19')",Regular Group->Regular Group,Regular Group,Regular Group,User Safety_Broken Harmony,Restricted from job/school,Social Media,https://timesofindia.indiatimes.com/city/bengaluru/2-policemen-suspended-video-shows-them-accepting-bribes-from-drivers-in-tumakuru/articleshow/93649163.cms
"('75% of social media considered as 'gutter' internationally: Jang/Geo owner', 'the nation', '2017-07-26')",Regular Individual->Regular Group,Regular Individual,Regular Group,User Safety_Dangerous Misinformation & Endangerment,,Online,https://www.nation.com.pk/26-Jul-2017/75-of-social-media-considered-as-gutter-internationally-says-jang-geo-owner
"('80-yr-old woman thrashed by bahu, video goes viral', 'the times of india', '2019-06-09')",Regular Group->Regular Group,Regular Group,Regular Group,User Safety_Broken Harmony,Legal Action,"WhatsApp, Social Media",https://www.india.com/news/india/haryana-woman-brutally-thrashes-80-year-old-mother-in-law-arrested-after-video-goes-viral-3683239/
"('A Feature of Zoom Allowed Snooping at Users' LinkedIn Profiles', 'new york times', '2020-04-03')",S->Regular Group,S,Regular Group,User Safety_Personal Information,Social Media Policy Change,Zoom,https://www.nytimes.com/2020/04/02/technology/zoom-linkedin-data.html
"('A Rhode Island candidate was charged after a video showed him punching an opponent at an abortion protest.', 'new york times', '2022-06-27')",Regular Individual->Regular Group,Regular Individual,Regular Group,User Safety_Broken Harmony,"Legal Action, Restricted from job/school",Twitter,https://www.nytimes.com/2022/06/27/us/politics/rhode-island-abortion-protest-arrest.html
"('A Site for the Videos You Don’t Want Everyone to See', 'new york times', '2010-06-23')",S->Regular Individual,S,Regular Individual,User Safety_Personal Information,,"Youtube, Facebook",https://archive.nytimes.com/bits.blogs.nytimes.com/2010/06/23/a-site-for-the-videos-you-dont-want-everyone-to-see/
"('A summer sequel: Hogan posts another ad on 'the most incompetent man in Maryland' (Posted 2014-08-05 20:35:33)', 'the washington post', '2014-01-01')",Influential Individual->Regular Group,Influential Individual,Regular Group,User Safety_Broken Harmony,Public Backlash,Youtube,https://www.washingtonpost.com/local/md-politics/a-summer-sequel-hogan-posts-another-ad-on-the-most-incompetent-maInfluential Groupn-maryland/2014/08/05/48a09678-1cd8-11e4-82f9-2cd6fa8da5c4_story.html
"('A viral plea to let grandparents sacrifice themselves captures a truth about Trump', 'the washington post', '2020-03-24')",Regular Group->Regular Group,Regular Group,Regular Group,User Safety_Broken Harmony,,Social Media,https://www.washingtonpost.com/opinions/2020/03/24/viral-on-air-plea-captures-an-essential-truth-about-trump/
"('Aahana Kumra shares picture in swimwear day after asking fan not to touch, shares important message', 'the hindustan times', '2023-05-21')",Influential Individual->Regular Group,Influential Individual,Regular Group,User Safety_Broken Harmony,,Instagram,https://www.hindustantimes.com/entertainment/bollywood/aahana-kumra-shares-picture-in-bikini-says-look-but-don-t-touch-101684678292818.html
"('Acting Navy secretary says ousted captain leaked concerns to media, or was ‘too naive or too stupid to command a ship’', 'the washington post', '2020-04-06')",Influential Individual->Regular Group,Influential Individual,Regular Group,User Safety_Broken Harmony,Public Backlash,Online,https://www.washingtonpost.com/national-security/acting-navy-secretary-says-ousted-captain-leaked-to-media-or-was-too-naive-or-too-stupid-to-command-a-ship/2020/04/06/9269c230-7820-11ea-8cec-530b4044a458_story.html
"('After 'dead pool' pick, radio host Dan McNeil shares mental health struggle: 'I must confess, this guy got to me'', 'chicago tribune', '2019-01-18')",Influential Individual->Regular Group,Influential Individual,Regular Group,User Safety_Suicide&Self-harm,,Facebook,https://www.chicagotribune.com/2019/01/18/after-dead-pool-pick-radio-host-dan-mcneil-shares-mental-health-struggle-i-must-confess-this-guy-got-to-me/
"('After an Online Uproar, SXSW Festival Promises to Amend Its Contracts', 'new york times', '2017-03-07')",Influential Individual->Regular Group,Influential Individual,Regular Group,User Safety_Broken Harmony,Public protest,Twitter,https://www.nytimes.com/2017/03/07/arts/music/sxsw-festival-immigration-clause.html
"('After lover gets engaged, man streams suicide live on Facebook', 'the times of india', '2019-07-22')",Regular Individual->Regular Group,Regular Individual,Regular Group,User Safety_Suicide&Self-harm,Death,Facebook Live,https://timesofindia.indiatimes.com/city/agra/after-girlfriend-gets-engaged-22-yr-old-streams-suicide-live-on-fb/articleshow/70321255.cms
"('After online learning flopped, Fairfax schools switched to Google. More virtual harassment followed.', 'the washington post', '2020-05-16')",Regular Group->Regular Individual,Regular Group,Regular Individual,User Safety_Harassment&Bullying,,Google Chat,https://www.washingtonpost.com/local/education/after-online-learning-flopped-fairfax-schools-switched-to-google-more-virtual-harassment-followed/2020/05/16/728ecb1e-9449-11ea-91d7-cf4423d47683_story.html
"('After TikTok party, a third rowdy night in Huntington Beach ends in 29 arrests', 'los angeles times', '2021-05-24')",Regular Group->Regular Group,Regular Group,Regular Group,User Safety_Broken Harmony,Public Protest,TikTok,"https://www.latimes.com/california/story/2021-05-24/after-tiktok-party-29-more-arrested-in-huntington-beach#:~:text=After%20TikTok%20party%2C%20a%20third,Beach%20ends%20in%2029%20arrests&text=Police%20declared%20an%20unlawful%20assembly,was%20overrun%20with%20unruly%20revelers."
"('Ahead of Senate hearing on Russia, Trump tweets about Obama and leaks', 'los angeles times', '2017-05-08')",Influential Individual->Regular Group,Influential Individual,Regular Group,User Safety_Broken Harmony,,Twitter,https://www.npr.org/2017/05/12/528104260/trump-tweet-suggests-his-conversations-with-comey-might-have-beeRegular Groupecorded
"('AIB video: Richa, Vicky recreate old songs to highlight stalking in Bollywood', 'the hindustan times', '2016-12-12')",Influential Individual->Regular Group,Influential Individual,Regular Group,User Safety_Broken Harmony,,Youtube,https://www.hindustantimes.com/bollywood/aib-video-richa-vicky-recreate-old-songs-to-highlight-stalking-in-bollywood/story-hUlBDFl1GStwBeeJkWaqHN.html
"('Aluko apologises following anger at furlough tweets', 'the daily telegraph', '2020-05-14')",Influential Individual->Regular Group,Influential Individual,Regular Group,User Safety_Broken Harmony,Public Apology,Twitter,https://www.telegraph.co.uk/football/2020/05/13/former-england-player-eni-aluko-apologises-furlough-tweets/
"('An Instagram Poet Outpaces the Haters', 'new york times', '2017-10-08')",Influential Individual->Regular Group,Influential Individual,Regular Group,User Safety_Broken Harmony,Remove Content,Instagram,https://www.nytimes.com/2017/10/05/fashion/rupi-kaur-poetry-the-sun-and-her-flowers.html
"('ANATOMÍA DE TWITTER / NATALIA JUNQUERA Mentes sucias y juicios amañados Twitter lleva la friolera d...', 'el pais', '2022-09-24')",Regular Individual->Regular Group,Regular Individual,Regular Group,User Safety_Broken Harmony,Public Backlash,Twitter ,https://elpais.com/opinion/2022-09-24/irene-montero-las-mentes-sucias-y-los-juicios-amanados.html
"('Anurag Kashyap faces flak from Twitter users for praising 'most regressive movie' Bakasuran: 'Your bar has gone so low'', 'the hindustan times', '2023-02-19')",Influential Individual->Regular Group,Influential Individual,Regular Group,User Safety_Broken Harmony,Public Backlash,Twitter,https://www.hindustantimes.com/entertainment/bollywood/anurag-kashyap-faces-flak-from-twitter-users-for-praising-most-regressive-movie-bakasuran-your-bar-has-gone-so-low-101676819710977.html
"('Are you ready? This is all the data Facebook and Google have on you | Dylan Curran', 'the guardian', '2018-03-30')",S->Regular Group,S,Regular Group,User Safety_Personal Information,,Google,https://www.theguardian.com/commentisfree/2018/mar/28/all-the-data-facebook-google-has-on-you-privacy
"('Armaan Malik deletes all Instagram posts except one saying 'I can't take it anymore', shares cryptic tweet later', 'the hindustan times', '2020-03-11')",Influential Individual->Regular Group,Influential Individual,Regular Group,User Safety_Suicide&Self-harm,,Instagram,https://www.hindustantimes.com/music/armaan-malik-deletes-all-instagram-posts-except-one-saying-i-can-t-take-it-anymore-shares-cryptic-tweet-later/story-LIpXH8BRB0aJL6rpJAT95I.html
"('BACK STORY; She brings expertise, and poise, to Trump crisis team; Dr. Deborah Birx navigates a world often riddled with misinformation', 'los angeles times', '2020-03-26')",Regular Group->Regular Group,Regular Group,Regular Group,User Safety_Broken Harmony,,Social Media,https://www.latimes.com/politics/story/2020-03-25/deborah-birx-aids-researcher-coronavirus-messaging-for-trump-administration
"('Bathinda cops book man for uploading fake video on child lifters' gang', 'the times of india', '2019-07-30')",Regular Individual->Regular Group,Regular Individual,Regular Group,User Safety_Dangerous Misinformation & Endangerment,Legal Action,Social Media,https://timesofindia.indiatimes.com/city/amritsar/bathinda-police-book-man-for-uploading-fake-video-about-child-lifters-gang/articleshow/70425284.cms
"('Ben Stokes condemns racist abuse during India vs England Test at Edgbaston, issues statement on Twitter', 'the hindustan times', '2022-07-07')",Regular Group->Regular Group,Regular Group,Regular Group,User Safety_Broken Harmony,,Twitter,https://www.hindustantimes.com/cricket/ben-stokes-condemns-racist-abuse-during-india-vs-england-edgbaston-test-issues-statement-on-twitter-101657207822697.html
"('Bengaluru: Video of parents violating traffic rules viral, police say 'will act'', 'the hindustan times', '2022-07-22')",Regular Individual->Regular Group,Regular Individual,Regular Group,User Safety_Broken Harmony,Public Backlash,Twitter,https://www.hindustantimes.com/cities/bengaluru-news/bengaluru-video-of-parents-violating-traffic-rules-viral-police-say-will-act-101658478157340.html
"('Berger demands Twitter blocks racist attacks', 'the daily telegraph', '2014-12-19')",Regular Group->Influential Individual,Regular Group,Influential Individual,User Safety_Harassment&Bullying,Legal Action,Twitter,https://www.telegraph.co.uk/women/womens-life/11302428/Anti-semitic-abuse-Twitter-must-block-racist-words-says-Labour-MP.html
"('Best podcasts of the week: How Danielle Miller went from socialite to swindler', 'the guardian', '2023-01-04')",Regular Group->Influential Individual,Regular Group,Influential Individual,User Safety_Dangerous Misinformation & Endangerment,,Online,https://www.theguardian.com/tv-and-radio/2022/dec/22/how-danielle-miller-went-from-socialite-to-swindler
"('Beyonce to change offensive song lyric after online backlash', 'irish examiner', '2022-08-01')",Influential Individual->Regular Group,Influential Individual,Regular Group,User Safety_Broken Harmony,Remove Content,Social Media,https://www.irishexaminer.com/lifestyle/celebrity/arid-40931099.html
"('Bigg Boss 13: Vikas Gupta shares video of Asim Riaz confessing he has a girlfriend, exposes Umar Riaz's 'lies'', 'the hindustan times', '2020-02-03')",Influential Individual->Regular Group,Influential Individual,Regular Group,User Safety_Broken Harmony,,Twitter,https://www.hindustantimes.com/tv/bigg-boss-13-vikas-gupta-shares-video-of-asim-riaz-confessing-he-has-a-girlfriend-exposes-umar-riaz-s-lies/story-eYQNkEUxpWK4R5CMkDC3VM.html
"('Bihar polls: 'Download' shops selling politicos' videos, cartoons', 'the hindustan times', '2015-09-23')",Regular Group->Regular Group,Regular Group,Regular Group,User Safety_Broken Harmony,Buy Social Media Content,"WhatApp, Facebook",https://www.hindustantimes.com/india/bihar-polls-download-shops-selling-politicos-videos-cartoons/story-nzEX3KAh07SPMrvXp8HFVN.html
"('BJP's Kerala chief in trouble for comments against Muslims', 'the hindustan times', '2019-04-16')",Regular Individual->Regular Group,Regular Individual,Regular Group,User Safety_Broken Harmony,Public Backlash,Social Media,https://www.hindustantimes.com/lok-sabha-elections/bjp-s-kerala-chief-in-trouble-for-comments-against-muslims/story-8pfbLYdYd7ywmZM2TLupUM.html
"('Body set to counter online misinformation', 'the japan news', '2022-10-01')",Regular Group->Regular Group,Regular Group,Regular Group,User Safety_Dangerous Misinformation & Endangerment,Protective Measures,Social Media,https://japannews.yomiuri.co.jp/society/general-news/20220929-61235/
"('Boris Johnson's polarising statue tweets are pure Trump', 'the guardian', '2020-06-12')",Influential Individual->Regular Group,Influential Individual,Regular Group,User Safety_Broken Harmony,,Twitter,https://www.theguardian.com/commentisfree/2020/jun/12/boris-johnson-statue-tweets-donald-trump-prime-minister-george-floyd-culture-war
"('Boulter: tennis players get abuse online even if they win', 'the daily telegraph', '2023-06-27')",Regular Group->Influential Individual,Regular Group,Influential Individual,User Safety_Harassment&Bullying,,Social Media,https://www.telegraph.co.uk/news/2023/06/26/wimbledon-katie-boulter-social-media-abuse/
"('Britons cheer toppling of slave trader statue but are divided over tagging of Winston Churchill as racist', 'the washington post', '2020-06-08')",Regular Group->Regular Group,Regular Group,Regular Group,User Safety_Broken Harmony,,Social Media,https://www.washingtonpost.com/world/europe/churchill-statue-racism-british-black-lives-matter-protests/2020/06/08/33f68146-a991-11ea-9063-e69bd6520940_story.html
"('Business &amp; Technology: Crypto Magnates Trade Barbs Online Over Lender's Freeze', 'wall street journal', '2023-01-03')",Influential Individual->Regular Group,Influential Individual,Regular Group,User Safety_Broken Harmony,,Twitter,https://www.wsj.com/articles/crypto-magnates-cameron-winklevoss-and-barry-silbert-trade-barbs-11672689694
"('BUSINESS; Zoom's pledge to work with law agencies criticized; Comments by CEO of videoconferencing service irk users amid protests over police.', 'los angeles times', '2020-06-04')",S->Regular Group,S,Regular Group,User Safety_Broken Harmony,Public Backlash,Zoom,https://www.scmp.com/tech/apps-social/article/3087472/videoconferencing-service-zooms-pledge-work-law-enforcement-spurs
"('Call to axe Metallica Glastonbury show after star voices TV series on bear hunt', 'the guardian', '2014-06-04')",Regular Group->Influential Individual,Regular Group,Influential Individual,User Safety_Broken Harmony,,Facebook,https://www.theguardian.com/music/2014/jun/04/call-to-axe-metallica-glastonbury-bear-hunt-tv-series-hetfield
"('Can change in social media have a negative impact on journalists?', 'the hindustan times', '2015-01-25')",Regular Group->Regular Group,Regular Group,Regular Group,User Safety_Dangerous Misinformation & Endangerment,,Twitter,https://www.hindustantimes.com/books/can-change-in-social-media-have-a-negative-impact-on-journalists/story-YdcR00loHXjIKERwJCDwzH.html
"('Capitals’ Evgeny Kuznetsov shown in video next to lines of white powdery substance', 'the washington post', '2019-05-27')",Regular Group->Regular Group,Regular Group,Regular Group,User Safety_Broken Harmony,Public Backlash,Twitter,https://www.washingtonpost.com/sports/2019/05/27/capitals-evgeny-kuznetsov-shown-video-next-lines-white-powdery-substance/
"('Caught taking selfies in national parks? You will be fined ?1,000', 'the times of india', '2018-04-18')",S->Regular Group,S,Regular Group,User Safety_Safety Risk of Social Media Overuse,"Negative Impact to Public Property, Legistlation",Social Media,https://timesofindia.indiatimes.com/city/mysuru/caught-taking-selfies-in-national-parks-you-will-be-fined-1000/articleshow/63808528.cms
"('CBI makes second arrest in WhatsApp sex video case', 'the times of india', '2015-04-02')",Regular Individual->Regular Group,Regular Individual,Regular Group,User Safety_Broken Harmony,Public Backlash,Youtube,https://www.thenewsminute.com/news/shametherapist-cbi-makes-second-arrest-gangrape-videos-shared-whatsapp-22283
"('CBSE locates more fake news links about paper leaks', 'the times of india', '2019-03-23')",Regular Individual->Regular Group,Regular Individual,Regular Group,User Safety_Dangerous Misinformation & Endangerment,Address Misinformation,YouTube,https://timesofindia.indiatimes.com/education/news/cbse-locates-more-fake-news-links-about-paper-leaks/articleshow/68522314.cms
"('Charu Asopa on trolls attacking her over pics with husband: If we keep thinking what'll people say, we won't be able to do anything in life', 'the hindustan times', '2020-04-17')",Regular Group->Influential Individual,Regular Group,Influential Individual,User Safety_Harassment&Bullying,,Instagram,https://www.hindustantimes.com/tv/charu-asopa-on-trolls-attacking-her-over-pics-with-husband-if-we-keep-thinking-what-ll-people-say-we-won-t-be-able-to-do-anything-in-life/story-s623w5fYrChP9MgMICpLDL.html
"('Chatchai apologises for Facebook post', 'the nation', '2017-06-20')",Influential Individual->Regular Group,Influential Individual,Regular Group,User Safety_Broken Harmony,Public Apology,Facebook,https://www.nationthailand.com/life/30318561
"('Cherry-picked clip in Trump's Puerto Rico relief video', 'the washington post', '2017-10-10')",Influential Individual->Regular Group,Influential Individual,Regular Group,User Safety_Dangerous Misinformation & Endangerment,,Twitter,https://www.washingtonpost.com/politics/trumps-puerto-rico-video-tells-positive-story-but-leaves-a-lot-on-cutting-room-floor/2017/10/10/b6b9d8bc-adf9-11e7-9e58-e6288544af98_story.html
"('Children hurt eating liquid nitrogen ‘dragon’s breath’ snack in Indonesian Tiktok trend', 'the guardian', '2023-01-17')",Regular Group->Regular Group,Regular Group,Regular Group,User Safety_Broken Harmony,Physical Harm,TikTok,https://www.theguardian.com/world/2023/jan/17/dragons-breath-tiktok-trend-children-hurt-indoneseia-eating-liquid-nitrogen-dragon-snack-chiki-ngebul
"('China censura la última sensación en Internet Desaparece de las webs locales un documental sobre la polución, visto por 200 millones de personas en cinco días', 'el pais', '2015-03-07')",Influential Individual->Influential Individual,Influential Individual,Influential Individual,User Safety_Censorship & Retribution,,Online,https://elpais.com/internacional/2015/03/06/actualidad/1425656280_517419.html
"('China Focus: 12 detained or punished over fabricating massive leak of online personal data', 'xinhua news agency - ceis', '2012-01-10')",Regular Group->Regular Group,Regular Group,Regular Group,User Safety_Personal Information,Legal Action,CSDN(online community),https://www.chinadaily.com.cn/china/2012-01/11/content_14418260.htm
"('China hires porn watchdogs to monitor internet', 'irish times', '2014-05-06')",Influential Individual->Regular Group,Influential Individual,Regular Group,User Safety_Censorship & Retribution,,Online,https://www.irishtimes.com/news/ireland/irish-news/china-hires-porn-watchdogs-as-crackdowInfluential Groupntensifies-1.1784580
"('China to censor online videos just like TV shows, films - media regulator', 'bbc monitoring asia pacific', '2014-12-17')",Influential Individual->Regular Group,Influential Individual,Regular Group,User Safety_Censorship & Retribution,,Online,https://www.caixinglobal.com/2014-12-17/net-videos-will-be-censored-just-like-tv-shows-regulator-says-101012827.html
"('China to Embed Internet Police in Tech Firms; Cybercops are Beijing's latest bid to reduce online freedoms and prevent 'spreading of rumors'', 'wall street journal', '2015-08-05')",Regular Individual->Regular Group,Regular Individual,Regular Group,User Safety_Suicide&Self-harm,,Facebook,https://www.wsj.com/articles/china-to-embed-internet-police-in-tech-firms-1438755985
"('Chinese Cafe Owner Given 8-Year Sentence Over Online Messages', 'new york times', '2012-11-01')",Influential Individual->Regular Individual,Influential Individual,Regular Individual,User Safety_Censorship & Retribution,Legal Action,Online Cafe,https://www.nytimes.com/2012/11/02/world/asia/chinese-cafe-owner-given-8-year-sentence-over-online-messages.html
"('Chinese Social Media Lose 7 Percent of Visitors During Crackdown', 'bloomberg businessweek', '2014-07-21')",Influential Individual->Regular Group,Influential Individual,Regular Group,User Safety_Censorship & Retribution,,Online,https://www.bloomberg.com/news/articles/2014-07-22/chinas-social-media-lose-7-percent-of-visitors-during-crackdown
"('Chipotle's pulled pork stunt is ham-fisted, internet claims', 'the guardian', '2015-01-14')",Regular Group->Regular Group,Regular Group,Regular Group,User Safety_Broken Harmony,Public Backlash,Twitter,https://www.theguardian.com/us-news/2015/jan/14/chipotle-takes-pork-off-the-menu
"('CITY &amp; STATE; Man held in attack seen in viral video; Sylmar resident turns himself in, accused of punching women at a food cart downtown.', 'los angeles times', '2019-01-31')",Regular Individual->Regular Group,Regular Individual,Regular Group,User Safety_Broken Harmony,Legal Action,Facebook,https://www.abc15.com/national/man-seen-on-video-punching-two-women-at-los-angeles-hot-dog-cart-turns-himself-into-police
"('CMO Today: Oscars Ads; More YouTube Brand Safety Concerns; The Rise of Location-Data-Grabbing Apps; Here's your morning roundup of the biggest marketing, advertising and media industry news and happenings.', 'wall street journal', '2018-03-05')",Influential Individual->Regular Group,Influential Individual,Regular Group,User Safety_Personal Information,Protective Measures,Youtube,https://www.wsj.com/articles/cmo-today-oscars-ads-more-youtube-brand-safety-concerns-the-rise-of-location-data-grabbing-apps-1520255126
"('COMPANY TOWN; Sony is attacked on two fronts; PlayStation Network is knocked offline and an executive's flight is threatened on Twitter.', 'los angeles times', '2014-08-26')",Regular Individual->Regular Group,Regular Individual,Regular Group,User Safety_Dangerous Misinformation & Endangerment,Misinformation led to action,Twitter,https://www.latimes.com/business/technology/la-fi-tn-sony-smedley-bomb-playstation-network-20140825-story.html
"('Condemning Youths in Video Playing Chicken With a Train', 'new york times', '2012-04-18')",Regular Individual->Regular Group,Regular Individual,Regular Group,User Safety_Broken Harmony,,Youtube,https://archive.nytimes.com/cityroom.blogs.nytimes.com/2012/04/18/condemning-youths-in-video-playing-chicken-with-a-train/
"('Congo to block social media to prevent anti-Kabila protests', 'dpa international (english)', '2016-12-15')",Influential Individual->Regular Group,Influential Individual,Regular Group,User Safety_Censorship & Retribution,,Online,https://www.spa.gov.sa/w291705
"('Conservatives grumbling about censorship say they’re flocking to Parler. They told us so on Twitter.', 'the washington post', '2020-11-23')",Regular Group->Regular Group,Regular Group,Regular Group,User Safety_Dangerous Misinformation & Endangerment,,Parler,https://www.washingtonpost.com/technology/2020/11/23/parler-conservatives-still-on-twitter/
"('Cop's 'dadagiri' goes viral', 'the times of india', '2017-10-09')",Regular Individual->Regular Group,Regular Individual,Regular Group,User Safety_Broken Harmony,Restricted from job/school,Social Media,https://timesofindia.indiatimes.com/city/chandigarh/cops-dadagiri-goes-viral/articleshow/60986780.cms
"('COPS PROBE INFO - 'Strawberry meth' notice in city school goes viral', 'the times of india', '2017-01-29')",Regular Individual->Regular Group,Regular Individual,Regular Group,User Safety_Dangerous Misinformation & Endangerment,Misinformation led to Action,WhatsApp,https://timesofindia.indiatimes.com/city/mumbai/strawberry-methamphetamine-notice-in-school-goes-viral/articleshow/56840468.cms
"('Cornell students petition to have freshman TikTok star expelled for flouting coronavirus rules', 'the washington post', '2020-08-26')",Influential Individual->Regular Group,Influential Individual,Regular Group,User Safety_Broken Harmony,"Public Backlash, Public Apology",Snapchat,https://www.washingtonpost.com/education/2020/08/26/cornell-jessica-zhang-coronavirus-tiktok/
"('Countdown star joins campaign to report social media trolls after anti-Semitic abuse', 'the daily telegraph', '2019-09-16')",Regular Group->Regular Group,Regular Group,Regular Group,User Safety_Broken Harmony,"Legal  Action, Public Protest",Twitter,https://www.telegraph.co.uk/news/2019/09/15/rachel-rileyjoins-campaigRegular Groupeportsocial-media-trolls-anti-semitic/
"('Damages for woman stalked for 12 years by online date', 'the daily telegraph', '2018-07-10')",Regular Individual->Regular Individual,Regular Individual,Regular Individual,User Safety_Harassment&Bullying,Legal Action,Online,https://www.bbc.co.uk/news/uk-england-somerset-44770192
"('dcw notice to cops after video shows women in pg assaulted', 'the hindustan times', '2022-08-17')",Regular Group->Regular Group,Regular Group,Regular Group,User Safety_Broken Harmony,Legal Action,Twitter,https://www.thehindu.com/news/cities/Delhi/dcw-asks-police-to-file-fir-over-assault-video/article65776534.ece
"('Devoleena Bhattacharjee reacts angrily after Instagram users troll her for 'wasting cake' on pet dog's birthday', 'the hindustan times', '2023-01-15')",Influential Individual->Regular Group,Influential Individual,Regular Group,User Safety_Broken Harmony,Public Message from Social Media,Instagram,https://www.hindustantimes.com/entertainment/tv/devoleena-bhattacharjee-reacts-angrily-after-instagram-users-troll-her-for-wasting-cake-on-pet-dog-s-birthday-101673783826130.html
"('Doctors raise concerns about online advice, self-medication', 'the times of india', '2019-07-02')",Regular Group->Regular Group,Regular Group,Regular Group,User Safety_Dangerous Misinformation & Endangerment,,"Internet, Mobile application",https://timesofindia.indiatimes.com/city/patna/doctors-raise-concerns-about-online-advice-self-medication/articleshow/70014755.cms
"('Doctors warn Pete Evans to stick to cooking after sharing anti-vaxx podcast', 'the guardian', '2019-03-14')",Influential Individual->Regular Group,Influential Individual,Regular Group,User Safety_Broken Harmony,Public Backlash,Facebook,https://www.theguardian.com/society/2019/mar/14/doctors-warns-pete-evans-to-stick-to-cooking-after-sharing-anti-vaxx-podcast
"('Don't hate the Instagram engagement stunt – 'branded' love began long ago', 'the guardian', '2019-06-22')",Influential Individual->Regular Group,Influential Individual,Regular Group,User Safety_Safety Risk of Social Media Overuse,,Instagram,https://www.theguardian.com/world/2019/jun/22/dont-hate-the-instagram-engagement-stunt-branded-love-began-long-ago
"('Don't want spoilers of your fav show? Don't step out, say these 'ads' dividing Twitter', 'the hindustan times', '2020-03-30')",Regular Individual->Regular Group,Regular Individual,Regular Group,User Safety_Broken Harmony,Public Backlash,Twitter,https://www.hindustantimes.com/it-s-viral/don-t-want-spoilers-of-your-fav-show-don-t-step-out-say-these-ads-dividing-twitter/story-eJN66kndeUMTyty57qRYgK.html
"('Employers risk being sued for spying on staff via social networks', 'the hindustan times', '2011-09-02')",Influential Individual->Regular Individual,Influential Individual,Regular Individual,User Safety_Personal Information,,Facebook,https://content.timesjobs.com/employers-risk-being-sued-for-spying-on-staff-via-social-networks/articleshow/57879906.cms
"('Erdogan's army of trolls stamps out online dissent', 'the daily telegraph', '2020-07-18')",Regular Group->Regular Group,Regular Group,Regular Group,User Safety_Harassment&Bullying,"Protective Measures, Restricted from job/school",Twitter,https://www.telegraph.co.uk/news/2020/07/17/turkey-internet-crackdown-erdogans-army-online-trolls-forces/
"('Et si chacun vendait ses données personnelles sur Internet ?', 'le monde', '2018-01-26')",S->Regular Group,S,Regular Group,User Safety_Personal Information,,"Facebook, Google, Amazon, Apple",https://www.lemonde.fr/economie/article/2018/01/26/et-si-chacun-vendait-ses-donnees-personnelles-sur-internet_5247706_3234.html
"('Ex-cons contest mug shot posts', 'chicago tribune', '2017-03-12')",Influential Individual->Regular Group,Influential Individual,Regular Group,User Safety_Personal Information,Restricted from job/school,Mugshots.com,https://digitaledition.chicagotribune.com/tribune/article_popover.aspx?guid=7e79fdeb-4abf-4c44-ba18-631429436071
"('Exclusive! Vikram Bhatt on Mahesh Bhatt and Alia Bhatt getting trolled on social media', 'the times of india', '2021-05-23')",Regular Group->Influential Individual,Regular Group,Influential Individual,User Safety_Harassment&Bullying,,Online,https://timesofindia.indiatimes.com/entertainment/hindi/bollywood/news/exclusive-vikram-bhatt-on-mahesh-bhatt-and-alia-bhatt-getting-trolled-on-social-media/articleshow/82855208.cms
"('Facebook accusé d'être un "" Gangster du numérique ""', 'le monde', '2019-02-19')",S->Regular Group,S,Regular Group,User Safety_Dangerous Misinformation & Endangerment,Legistlation,Facebook,https://www.lefigaro.fr/flash-actu/2019/02/18/97001-20190218FILWWW00042-facebook-qualifie-de-gangster-numerique-par-les-parlementaires-britanniques.php
"('Facebook amplía el uso de tecnología de reconocimiento facial', 'los angeles times', '2017-12-19')",S->Regular Group,S,Regular Group,User Safety_Personal Information,,Facebook,https://www.latimes.com/espanol/vidayestilo/hoyla-lat-facebook-amplia-el-uso-de-tecnologia-de-reconocimiento-facial-20171219-story.html
"('Facebook desvela datos de su ayuda al espionaje para limpiar su imagen', 'el pais', '2013-06-16')",S->Regular Group,S,Regular Group,User Safety_Personal Information,,Facebook,https://srv00.epimg.net/pdf/elpais/1aPagina/2013/06/ep-20130616.pdf
"('Facebook exec: media firms that don't work with us will end up 'in hospice'', 'the guardian', '2018-08-13')",S->Regular Group,S,Regular Group,User Safety_Dangerous Misinformation & Endangerment,Social Media Policy Change,Facebook,https://www.theguardian.com/technology/2018/aug/13/facebook-news-media-campbell-brown-hospice
"('Facebook fights back in row over its free internet for India’s poor', 'the guardian', '2016-01-09')",S->Regular Group,S,Regular Group,User Safety_Broken Harmony,Public Backlash,Facebook,https://www.theguardian.com/technology/2016/jan/09/facebook-india-zuckerberg
"('Facebook founder's sister runs foul of privacy laws', 'irish examiner', '2012-12-28')",S->Influential Individual,S,Influential Individual,User Safety_Personal Information,,Facebook,https://www.irishexaminer.com/world/arid-20218002.html
"('Facebook live records accident; two dead, seven injured', 'the times of india', '2019-06-18')",Regular Group->Regular Group,Regular Group,Regular Group,User Safety_Safety Risk of Social Media Overuse,Death,Facebook_live,https://timesofindia.indiatimes.com/city/nagpur/facebook-live-records-accident-two-dead-seveInfluential Groupnjured/articleshow/69817271.cms
"('Facebook Made Me Do It', 'new york times', '2013-06-16')",S->Regular Group,S,Regular Group,User Safety_Personal Information,,"Facebook, Instagram, Twitter",https://www.nytimes.com/2013/06/16/sunday-review/facebook-made-me-do-it.html
"('Facebook posts record profit despite year of scandal', 'the guardian', '2019-01-30')",S->Regular Group,S,Regular Group,User Safety_Personal Information,Social Media Policy Change,Facebook,https://www.theguardian.com/technology/2019/jan/30/facebook-fourth-quarter-profits-revenues-earnings
"('Facebook removes Zelenskiy ‘deepfake’ video', 'irish times', '2022-03-18')",Regular Group->Regular Group,Regular Group,Regular Group,User Safety_Dangerous Misinformation & Endangerment,"Restriction on social media usage (content remove, ban, etc.)",Facebook,https://www.irishtimes.com/business/technology/facebook-removes-zelenskiy-deepfake-video-1.4829503
"('Facebook Struggles to Put Out Online Fires in Israeli-Palestinian Conflict', 'the new york times', '2016-12-08')",Influential Individual->Regular Group,Influential Individual,Regular Group,User Safety_Censorship & Retribution,Legal Action,Facebook,https://www.nytimes.com/2016/12/07/world/middleeast/facebook-struggles-to-put-out-online-fires-iInfluential Groupsraeli-palestinian-conflict.html
"('Facebook to be fined £648m for mishandling user information', 'the guardian', '2023-05-21')",S->Regular Group,S,Regular Group,User Safety_Personal Information,Legal Action,Facebook,https://www.theguardian.com/technology/2023/may/21/facebook-to-be-fined-648m-for-mishandling-user-information
"('Facebook told to stop holding details of users who click ads', 'the guardian', '2011-12-22')",S->Regular Group,S,Regular Group,User Safety_Personal Information,,Facebook,https://www.theguardian.com/technology/2011/dec/21/facebook-advertising-data
"('Facebook Tried to Rein In Fake Ads. It Fell Short in a California Race.', 'new york times', '2018-06-03')",S->Regular Group,S,Regular Group,User Safety_Dangerous Misinformation & Endangerment,,Facebook,https://www.nytimes.com/2018/06/03/technology/california-congressional-race-facebook-electioInfluential Groupnterference.html
"('Facebook won’t take down an ad that Rep. Ilhan Omar’s office says could lead to harassment and death threats', 'the washington post', '2021-05-20')",S->Regular Group,S,Regular Group,User Safety_Broken Harmony,Public Message from Social Media,Facebook,https://www.washingtonpost.com/technology/2021/05/20/ilhan-omar-facebook-hamas-aipac/
"('Facebook-Daumen ist ein raffinierter Spion', 'die welt', '2016-03-10')",S->Regular Group,S,Regular Group,User Safety_Personal Information,Legal Action,Facebook,https://www.welt.de/wirtschaft/webwelt/article153117319/Der-Facebook-DaumeInfluential Groupst-eiRegular Groupaffinierter-Spion.html
"('Facebook's 'ethnic affinity' advertising sparks concerns of racial profiling', 'the guardian', '2016-03-22')",S->Regular Group,S,Regular Group,User Safety_Broken Harmony,,Facebook,https://www.theguardian.com/technology/2016/mar/22/facebooks-ethnic-affinity-advertising-concerns-racial-profiling
"('Facebook's Australian news wipeout showed it can delete our history at any time', 'the guardian', '2021-03-05')",S->Regular Group,S,Regular Group,User Safety_Censorship & Retribution,,Facebook,https://www.theguardian.com/commentisfree/2021/mar/01/facebooks-australian-news-wipeout-showed-it-can-delete-our-history-at-any-time
"('Fake photo goes viral, govt denies its release', 'the hindustan times', '2015-06-12')",Regular Group->Regular Group,Regular Group,Regular Group,User Safety_Broken Harmony,Address Misinformation,Online,https://www.indiatoday.in/india/story/viral-photos-of-indian-army-myanmar-operations-fake-256908-2015-06-11
"('False warnings about solar storms have gone viral. Here’s what the flares actually do to Earth.', 'the washington post', '2021-07-20')",Influential Individual->Regular Group,Influential Individual,Regular Group,User Safety_Dangerous Misinformation & Endangerment,,Instagram,https://www.washingtonpost.com/science/2021/07/19/solar-storms-explainer/
"('Family sues city of Yorkville, 2 cops after video reveals police taunting man, telling him to 'finish yourself off'', 'chicago tribune', '2019-01-25')",Regular Individual->Regular Group,Regular Individual,Regular Group,User Safety_Broken Harmony,"Restricted from job/school, Public Apology",Online,https://www.chicagotribune.com/2019/01/25/family-sues-city-of-yorkville-2-cops-after-video-reveals-police-taunting-man-telling-him-to-finish-yourself-off/
"('Farm regrets opening fields after social-media butterflies trample flowers', 'the guardian', '2018-08-02')",S->Regular Group,S,Regular Group,User Safety_Safety Risk of Social Media Overuse,Negative Impact to Public Property,Social Media,https://www.theguardian.com/world/2018/aug/01/crowds-trample-canada-sunflower-farm
"('Feminist author gets trolled on social media', 'the times of india', '2020-05-02')",Regular Group->Regular Group,Regular Group,Regular Group,User Safety_Broken Harmony,Public Message from/to Social Media,Social Media,https://timesofindia.indiatimes.com/life-style/books/features/feminist-author-gets-trolled-on-social-media/articleshow/75473918.cms
"('FIR against Bobby Kataria for pouring himself a drink on road in Instagram video', 'the hindustan times', '2022-08-11')",Influential Individual->Regular Group,Influential Individual,Regular Group,User Safety_Broken Harmony,Legal Action,Instagram,https://www.hindustantimes.com/india-news/fir-against-bobby-kataria-for-pouring-himself-a-drink-oRegular Groupoad-iInfluential Groupnstagram-video-101660236489792.html
"('Fired After Criticizing the Police on Social Media', 'new york times', '2022-02-13')",Influential Individual->Regular Group,Influential Individual,Regular Group,User Safety_Broken Harmony,Restricted from job/school,"Twitter, TikTok",https://www.nytimes.com/2022/02/11/nyregion/nypd-social-media-teachers-fired.html
"('Flap over tweets could forecast Democratic divide on Israel', 'the washington post', '2019-02-14')",Influential Individual->Regular Group,Influential Individual,Regular Group,User Safety_Broken Harmony,Public Apology,Twitter,https://www.washingtonpost.com/politics/flap-over-tweets-could-forecast-democratic-divide-oInfluential Groupsrael/2019/02/13/e68bbfe8-2fa7-11e9-8ad3-9a5b113ecd3c_story.html
"('For Some Drivers, Video of Sandra Bland's Arrest Is All Too Familiar', 'new york times', '2015-07-31')",Regular Individual->Regular Group,Regular Individual,Regular Group,User Safety_Broken Harmony,,Online,https://www.nytimes.com/2015/08/01/nyregion/for-some-drivers-video-of-sandra-blands-arrest-is-all-too-familiar.html
"('Former DUP MLA apologises to reporter over defamatory posts', 'irish times', '2019-05-14')",Influential Individual->Regular Group,Influential Individual,Regular Group,User Safety_Broken Harmony,"Public Apology, Legal Action","Facebook, Blog",https://www.irishtimes.com/news/crime-and-law/former-dup-mla-apologises-over-defamatory-posts-about-journalist-1.3890711
"('Four Nerds and a Cry to Arms Against Facebook', 'new york times', '2010-05-11')",S->Regular Group,S,Regular Group,User Safety_Personal Information,,Facebook,https://www.nytimes.com/2010/05/12/nyregion/12about.html
"('Front: A breach of etiquette? Storm on the web as columnist admits he borrowed quotes: Lines in interviews match work by interviewees No one complained, says Independent journalist', 'the guardian', '2011-06-29')",Influential Individual->Regular Group,Influential Individual,Regular Group,User Safety_Broken Harmony,Public Backlash,Online,https://www.theguardian.com/media/2011/jun/28/johann-hari-twitter-plagiarism
"('G2: Charlie Brooker: I'm all for sharing, but why this current online obsession with revealing every detail of your likes and dislikes?', 'the guardian', '2012-01-30')",S->Regular Group,S,Regular Group,User Safety_Personal Information,,"Facebook, Spotify",https://www.theguardian.com/commentisfree/2012/jan/29/sharing-obsessioRegular Groupevealing-every-detail
"('Ganga pollution: HC takes cognizance of WhatsApp video', 'the times of india', '2018-04-07')",Regular Individual->Regular Group,Regular Individual,Regular Group,User Safety_Broken Harmony,Legal Action,WhatsApp,https://timesofindia.indiatimes.com/city/dehradun/hc-takes-cognizance-of-whatsapp-video-on-ganga-pollution-asks-state-to-reply/articleshowprint/63648394.cms
"('German regulator orders Facebook to end real name policy', 'bbc monitoring european', '2012-12-18')",S->Regular Group,S,Regular Group,User Safety_Personal Information,Legal Action,Facebook,https://www.bbc.com/news/technology-20766682
"('Germany May Ask U.S. Tech Chiefs to Testify on NSA Activities; Heads of Facebook, Twitter, Apple and Google on Witness Shortlist', 'wall street journal', '2014-05-21')",S->Regular Group,S,Regular Group,User Safety_Personal Information,Legal Action,"Facebook, Twitter",https://www.wsj.com/articles/SB10001424052702303749904579576082240379764
"('Govinda reacts to Twitter's disbelief over Avatar claims: 'Don't believe if you don't want, it's not like meri aukat nahi hai'', 'the hindustan times', '2019-08-04')",Regular Group->Influential Individual,Regular Group,Influential Individual,User Safety_Harassment&Bullying,,Twitter,https://www.hindustantimes.com/bollywood/govinda-reacts-to-twitter-s-disbelief-over-avatar-claims-don-t-believe-if-you-don-t-want-it-s-not-like-meri-aukat-nahi-hai/story-CQzdmDApBSGKYqN15FqMQL.html
"('Govt officials to keep eye on fake news, hate speech', 'the times of india', '2019-04-04')",Regular Group->Regular Group,Regular Group,Regular Group,User Safety_Dangerous Misinformation & Endangerment,Protective Measures,Social Media,https://timesofindia.indiatimes.com/elections/lok-sabha-elections/maharashtra/news/govt-officials-to-keep-eye-on-fake-news-hate-speech/articleshow/68712639.cms
"('Greenwich girls labelled promiscuous on Facebook 'Smut List'', 'the hindustan times', '2011-03-20')",Regular Individual->Regular Group,Regular Individual,Regular Group,User Safety_Harassment&Bullying,Legal Action,Facebook,https://patch.com/new-york/whiteplains/officials-and-students-react-to-white-plains-smut-list
"('Gujarat: Video showing pride of lions being chased by vehicle goes viral', 'the times of india', '2019-01-25')",Regular Individual->Regular Group,Regular Individual,Regular Group,User Safety_Broken Harmony,,Social Media,https://timesofindia.indiatimes.com/city/rajkot/gujarat-video-showing-pride-of-lions-being-chased-by-vehicle-goes-viral/articleshow/67676387.cms
"('Haryana board class 10 result likely in end of May, beware of fake news: BSEH secretary', 'the hindustan times', '2020-05-20')",Regular Group->Regular Group,Regular Group,Regular Group,User Safety_Dangerous Misinformation & Endangerment,Address Misinformation,Online,https://www.hindustantimes.com/education/haryana-board-class-10-result-likely-in-end-of-may-beware-of-fake-news-bseh-secretary/story-SwBzcN915siK5IWzmXSIgO.html
"('Hashtag backlash: marketing campaigns that turned into social media disasters', 'the guardian', '2015-12-27')",Influential Individual->Regular Group,Influential Individual,Regular Group,User Safety_Broken Harmony,Public Backlash,Twitter,https://www.theguardian.com/media/2015/dec/27/hashtag-backlash-marketing-campaigns-that-turned-into-social-media-disasters
"('He bet his sister she couldn't copy him. She couldn't but Twitter wants him to pay her $50 anyway', 'the hindustan times', '2020-04-08')",Regular Individual->Regular Group,Regular Individual,Regular Group,User Safety_Broken Harmony,,Twitter,https://www.hindustantimes.com/it-s-viral/he-bet-his-sister-she-couldn-t-copy-him-she-couldn-t-but-twitter-wants-him-to-pay-her-50-anyway/story-uF1AiQ5Hne4Xgire9kU17L.html/elections/karnataka-assembly-election
"('High school walkout in response to racist video', 'the washington post', '2016-02-03')",Regular Individual->Regular Group,Regular Individual,Regular Group,User Safety_Broken Harmony,"Public Apology, Public Protest",Online,https://www.washingtonpost.com/local/education/md-students-walk-out-after-viral-video-slams-black-lives-matter-movement/2016/02/02/564db234-c9a1-11e5-88ff-e2d1b4289c2f_story.html
"('Hospital revokes Houston doctor’s privileges for ‘spreading dangerous misinformation’ about covid on Twitter', 'the washington post', '2021-11-15')",Regular Individual->Regular Group,Regular Individual,Regular Group,User Safety_Dangerous Misinformation & Endangerment,Restricted from job/school,Twitter,https://www.washingtonpost.com/nation/2021/11/15/houston-doctor-suspended-hospital-misinformation-covid/
"('How one woman got a new smile after severe online bullying', 'chicago tribune', '2017-07-26')",Regular Group->Regular Individual,Regular Group,Regular Individual,User Safety_Harassment&Bullying,,Facebook,https://www.chicagotribune.com/2017/07/26/how-one-woman-got-a-new-smile-after-severe-online-bullying/
"('How to Tell News Fact from Fiction, Even During a War; People have been sharing information about the war in Ukraine on social media without verifying it. News-literacy tactics taught in school can benefit many of us', 'wall street journal', '2022-03-05')",Regular Group->Regular Group,Regular Group,Regular Group,User Safety_Broken Harmony,Public Backlash,"Twitter, Facebook, TikTok",https://www.wsj.com/us-news/education/how-to-spot-fake-news-even-during-a-war-11646434626
"('How will new laws help stop Australians being bullied online?', 'the guardian', '2022-01-22')",Regular Group->Regular Individual,Regular Group,Regular Individual,User Safety_Harassment&Bullying,Protective Measures,Social Media,https://www.theguardian.com/media/2022/jan/23/how-will-new-laws-help-stop-australians-being-bullied-online
"('Hulk Hogan: Gawker Media founder Nick Denton 'scared the hell out of me'', 'the guardian', '2016-03-23')",Influential Individual->Influential Individual,Influential Individual,Influential Individual,User Safety_Personal Information,Legal Action,Gawker,https://www.theguardian.com/media/2016/mar/23/hulk-hogan-scared-gawker-media-nick-denton-sex-tape-trial
"('I tried the TikTok ‘non-aesthetic’ home fad. But it was a nightmare designed to inflict pain on me', 'the guardian', '2023-02-02')",Regular Group->Regular Group,Regular Group,Regular Group,User Safety_Broken Harmony,,TikTok,https://www.theguardian.com/commentisfree/2023/feb/02/i-tried-the-tiktok-non-aesthetic-home-fad-but-it-was-a-nightmare-designed-to-inflict-pain-on-me
"('I was dumped on Facebook Breaking up in cyberspace adds a new dimension to heartache, says Samuel Pinney', 'the daily telegraph', '2008-02-11')",Regular Individual->Regular Individual,Regular Individual,Regular Individual,User Safety_Personal Information,,Facebook,https://www.telegraph.co.uk/news/features/3635590/I-was-dumped-on-Facebook.html
"('Ilhan Omar's removal from US foreign affairs panel over anti-Israel remarks divides internet, tweets viral', 'the times of india', '2023-02-04')",Influential Individual->Influential Group,Influential Individual,Influential Group,User Safety_Broken Harmony,Public Backlash,Twitter,https://timesofindia.indiatimes.com/viral-news/ilhan-omars-removal-from-us-foreign-affairs-panel-over-anti-israel-remarks-divides-internet-tweets-viral/articleshow/97575506.cms
"('In a first in Kolkata, woman arrested for harassing another on Instagram', 'the times of india', '2017-02-11')",Regular Individual->Regular Individual,Regular Individual,Regular Individual,User Safety_Harassment&Bullying,Legal Action,Instagram,https://timesofindia.indiatimes.com/city/kolkata/in-a-first-in-kolkata-woman-arrested-for-harassing-another-oInfluential Groupnstagram/articleshow/57085336.cms
"('In China, the regime again goes after social media', 'the washington post', '2016-07-31')",Influential Individual->Regular Group,Influential Individual,Regular Group,User Safety_Censorship & Retribution,,Online,https://www.washingtonpost.com/opinions/in-china-the-regime-again-goes-after-social-media/2016/07/30/02139290-542c-11e6-bbf5-957ad17b4385_story.html
"('Incoming Georgetown Law administrator apologizes after tweets dean called ‘appalling’', 'the washington post', '2022-01-28')",Influential Individual->Regular Group,Influential Individual,Regular Group,User Safety_Broken Harmony,Public Apology,Twitter,https://www.washingtonpost.com/education/2022/01/27/georgetown-law-ilya-shapiro-tweets/
"('Indian government takes notice of PM Modi's morphed picture on Facebook', 'bbc monitoring south asia', '2016-04-04')",Regular Individual->Regular Group,Regular Individual,Regular Group,User Safety_Broken Harmony,Public Apology,Twitter,https://www.ndtv.com/india-news/government-orders-probe-into-posting-pms-morphed-photo-on-facebook-1338699
"('Indonesia online retailer faces backlash over tweets', 'bbc monitoring asia pacific', '2019-02-15')",Influential Individual->Regular Group,Influential Individual,Regular Group,User Safety_Broken Harmony,"Platform Reputation Damage, Public Backlash",Bukalapak,https://www.thejakartapost.com/news/2019/02/17/bukalapak-feels-the-pinch-from-ceos-controversial-tweet.html
"('Inside Anonymous India, the hacker group that brought down the TRAI website', 'the hindustan times', '2015-05-07')",Influential Individual->Regular Group,Influential Individual,Regular Group,User Safety_Personal Information,,TRAI,https://tech.hindustantimes.com/tech/news/inside-anonymous-india-the-hacker-group-that-brought-down-the-trai-website-story-mS12WWVVPwTHhpBkzxKybJ.html
"('Internet alert - Online safety', 'irish examiner', '2015-05-04')",Regular Group->Regular Group,Regular Group,Regular Group,User Safety_Harassment&Bullying,,Online,https://www.irishexaminer.com/opinion/columnists/arid-20328500.html
"('Internet is blamed as young demand eye bag surgery', 'the daily telegraph', '2020-03-21')",S->Regular Group,S,Regular Group,User Safety_Safety Risk of Social Media Overuse,Mental Health,Social Media,https://www.telegraph.co.uk/news/2020/03/20/tired-teenagers-fuelling-demand-cosmetic-surgery-can-look-better/
"('Internet thinks Namrata Shirodkar lost at Miss Universe 1993 because of her 'dumb' answer', 'the hindustan times', '2023-01-19')",Regular Group->Regular Group,Regular Group,Regular Group,User Safety_Broken Harmony,,"Reddit, Instagram",https://www.hindustantimes.com/entertainment/telugu-cinema/internet-thinks-namrata-shirodkar-lost-at-miss-universe-1993-because-of-her-dumb-answer-watch-101674106489563.html
"('Internet users enraged over US online spying', 'the times of india', '2013-06-29')",S->Regular Group,S,Regular Group,User Safety_Personal Information,,Online,https://timesofindia.indiatimes.com/life-style/spotlight/internet-users-enraged-over-us-online-spying/articleshow/20815068.cms
"('Internet-User schimpfen wieder auf ""Zensursula""', 'die welt', '2010-06-03')",Regular Group->Influential Individual,Regular Group,Influential Individual,User Safety_Harassment&Bullying,,Twitter,https://www.welt.de/welt_print/politik/article7895002/Internet-User-schimpfen-wieder-auf-Zensursula.html
"('Internet's obsession with who Ileana D'Cruz's baby daddy is shows just how women are judged on daily basis', 'the hindustan times', '2023-04-19')",Influential Individual->Regular Group,Influential Individual,Regular Group,User Safety_Broken Harmony,,Instagram,https://www.hindustantimes.com/entertainment/bollywood/internets-obsession-with-who-ileana-d-cruz-s-baby-daddy-is-shows-just-how-women-are-judged-on-daily-basis-101681875004488.html
"('Iran arrests musician as anthem for protests goes viral', 'the guardian', '2022-10-04')",Influential Individual->Regular Individual,Influential Individual,Regular Individual,User Safety_Censorship & Retribution,Legal Action,Youtube,https://www.theguardian.com/global-development/2022/oct/04/iran-arrests-musician-anthem-iran-protests-viral-mahsa-amini-shervin-hajipour-baraye
"('Iran releases celebrity chef arrested for 'Insta story' amid protest crackdown', 'the hindustan times', '2023-01-17')",Influential Individual->Influential Individual,Influential Individual,Influential Individual,User Safety_Censorship & Retribution,Legal Action,Instagram,https://www.hindustantimes.com/world-news/iran-anti-hijab-protests-navab-ebrahimi-iraRegular Groupeleases-celebrity-chef-arrested-for-insta-story-amid-protest-crackdown-101673946203859.html
"('Isha Koppikar gets criticized for her ignorant comments on Southern Superstars Rajinikanth And Ajith', 'the times of india', '2019-03-05')",Influential Individual->Regular Group,Influential Individual,Regular Group,User Safety_Broken Harmony,,Twitter,https://timesofindia.indiatimes.com/entertainment/tamil/movies/news/isha-koppikar-gets-criticized-for-her-ignorant-comments-on-southern-superstars-rajinikanth-and-ajith/articleshow/68254646.cms
"('It's no use fretting over CCTV if you use social media', 'the daily telegraph', '2019-07-23')",S->Regular Group,S,Regular Group,User Safety_Personal Information,,Social Media,https://www.telegraph.co.uk/women/politics/no-use-fretting-cctv-use-social-media/
"('Jabalpur man's 'caste' remark on Facebook stirs row', 'the hindustan times', '2015-04-17')",Influential Individual->Regular Group,Influential Individual,Regular Group,User Safety_Broken Harmony,Public Apology,Facebook,https://www.hindustantimes.com/bhopal/jabalpur-man-s-caste-remark-on-facebook-stirs-row/story-y2WNlwiyj2JDF8ms2mmo2O.html
"('Jad Hadid's girlfriend warns Bigg Boss OTT 2's Akanksha Puri in paparazzi video: 'Jad se durr rahein'', 'the hindustan times', '2023-08-18')",Regular Group->Regular Group,Regular Group,Regular Group,User Safety_Broken Harmony,,Social Media,https://www.hindustantimes.com/entertainment/web-series/jad-hadids-girlfriend-warns-akanksha-puri-101692348674818.html
"('Jadeja continues social media onslaught, lands fresh jibe with 'most valuable asset' tweet after CSK reach IPL final', 'the hindustan times', '2023-05-24')",Influential Individual->Regular Group,Influential Individual,Regular Group,User Safety_Broken Harmony,,Twitter,https://www.hindustantimes.com/cricket/jadeja-continues-social-media-onslaught-lands-fresh-jibe-with-most-valuable-asset-tweet-after-csk-reach-101684907386086.html
"('Jaipur jailbirds post Holi pics on social media, probe ordered', 'the times of india', '2018-03-12')",Regular Individual->Regular Group,Regular Individual,Regular Group,User Safety_Broken Harmony,Protective Measures,Social Media,https://timesofindia.indiatimes.com/city/jaipur/jaipur-prisoners-post-holi-pics-govt-left-red-faced/articleshow/63261452.cms
"('Junior health minister's group pic without masks goes viral', 'the times of india', '2020-08-02')",Influential Individual->Regular Group,Influential Individual,Regular Group,User Safety_Broken Harmony,Address Virality,Social Media,https://timesofindia.indiatimes.com/city/surat/junior-health-ministers-group-pic-without-masks-goes-viral/articleshow/77292173.cms
"('Junk food still being marketed to children as companies find ways to bypass rules: Games and social media among sales methods WHO finds UK clampdown on TV ads is not enough', 'the guardian', '2013-06-18')",Influential Individual->Regular Group,Influential Individual,Regular Group,User Safety_Safety Risk of Social Media Overuse,,Facebook,https://www.theguardian.com/lifeandstyle/2013/jun/18/junk-food-children-marketing-who-tv
"('Kangana Ranaut's sister Rangoli hits back at Karan Patel on his 'most hilarious woman' comment; calls him 'bojh on Mother Earth'', 'the times of india', '2021-05-07')",Influential Individual->Influential Individual,Influential Individual,Influential Individual,User Safety_Harassment&Bullying,Remove Content,Twitter,https://timesofindia.indiatimes.com/tv/news/hindi/kangana-ranauts-sister-rangoli-hits-back-at-karan-patel-on-his-most-hilarious-woman-comment-calls-him-bojh-on-mother-earth/articleshow/82427828.cms
"('Kazakhstan cracks down on illegal online content', 'bbc monitoring central asia', '2017-02-09')",Influential Individual->Regular Group,Influential Individual,Regular Group,User Safety_Censorship & Retribution,,Online,https://www.amnesty.org/en/latest/press-release/2017/02/kazakhstan-social-media-crackdown-suffocates-freedom-of-expression-online/
"('KHAN TARGETED ON SOCIAL MEDIA FOR 'PROTOCOL BREACH' AT SCO', 'the hindustan times', '2019-06-15')",Regular Group->Influential Individual,Regular Group,Influential Individual,User Safety_Harassment&Bullying,,Twitter,https://economictimes.indiatimes.com/news/international/world-news/pakistan-pm-imran-khan-trolled-online-for-seating-gaffe-at-sco-summit-in-bishkek/articleshow/69788427.cms?from=mdr
"('Kim Kardashian under fire from DWTS contestants for fake 'Bieber' tweets', 'the hindustan times', '2011-10-30')",Influential Individual->Regular Group,Influential Individual,Regular Group,User Safety_Dangerous Misinformation & Endangerment,Misinformation led to action,Twitter,https://www.nbcdfw.com/news/national-international/kim-kardashian-justin-bieber-tweet-dwts/1906287/
"('Kriti Sanon shares touching video of a technician from Humari Bahu Silk asking for his money, urges CINTAA to help', 'the hindustan times', '2020-05-19')",Regular Individual->Regular Group,Regular Individual,Regular Group,User Safety_Broken Harmony,,Instagram,https://www.hindustantimes.com/tv/kriti-sanon-shares-touching-video-of-a-technician-from-humari-bahu-silk-asking-for-his-money-urges-cintaa-to-help/story-TR1mpguUGWtz8ifShCr20L.html
"('Kuwait jails blogger for five years over anti-UAE tweets', 'dpa international (english)', '2018-02-04')",Influential Individual->Influential Individual,Influential Individual,Influential Individual,User Safety_Censorship & Retribution,Protective Measures,Online,https://gulfif.org/kuwait-sentences-blogger-abdullah-al-saleh-to-5-years-for-insulting-uae/
"('La France prend des mesures contre TikTok', 'le monde', '2023-03-27')",Influential Individual->Regular Group,Influential Individual,Regular Group,User Safety_Censorship & Retribution,,TikTok,https://www.lemonde.fr/pixels/article/2023/03/24/tiktok-netflix-et-autres-applications-recreatives-interdites-sur-les-telephones-professionnels-des-fonctionnaires-d-etat-francais_6166825_4408996.html
"('Leo Kalyan, who performed at Sonam Kapoor's baby shower, reacts to hate comments: 'I'm doing something right'', 'the hindustan times', '2022-06-17')",Regular Group->Influential Individual,Regular Group,Influential Individual,User Safety_Harassment&Bullying,,Instagram,https://www.hindustantimes.com/entertainment/bollywood/leo-kalyan-who-performed-at-sonam-kapoor-s-baby-shower-reacts-to-hate-comments-101655457472435.html
"('Les autorités iraniennes limitent massivement l'accès à Internet', 'le monde', '2022-10-08')",Influential Individual->Regular Group,Influential Individual,Regular Group,User Safety_Censorship & Retribution,Legal Action,Social Media,https://www.lemonde.fr/international/article/2022/10/07/le-regime-iranien-cible-les-vpn-pour-limiter-l-acces-a-internet_6144812_3210.html
"('LeSean McCoy Denies Accusations That Surfaced on Social Media', 'new york times', '2018-07-10')",Regular Individual->Influential Individual,Regular Individual,Influential Individual,User Safety_Dangerous Misinformation & Endangerment,,Instagram,https://www.nytimes.com/2018/07/10/sports/lesean-mccoy-girlfriend-wife-delicia-cordon-.html
"('Liam O’Neill: GAA 'code of honour' needed to tackle online abuse', 'irish examiner', '2021-09-22')",Regular Group->Influential Individual,Regular Group,Influential Individual,User Safety_Harassment&Bullying,,Social Media,https://www.irishexaminer.com/sport/gaa/arid-40703420.html
"('Lily Allen wins damages over Mail Online article', 'the guardian', '2011-03-23')",Influential Individual->Influential Individual,Influential Individual,Influential Individual,User Safety_Personal Information,Legal Action,Daily Mail,https://www.theguardian.com/media/2011/mar/23/lily-allen-wins-damages-over-mail-online-article
"('Mahesh Babu's Sarkaru Vaari Paata trailer partially leaked online, angry fans question production house', 'the hindustan times', '2022-05-02')",Regular Individual->Regular Group,Regular Individual,Regular Group,User Safety_Broken Harmony,Public Backlash,Online,https://www.hindustantimes.com/entertainment/telugu-cinema/mahesh-babu-s-sarkaru-vaari-paata-trailer-partially-leaked-online-angry-fans-question-production-house-101651476835553.html
"('Man denies online abuse of sister of Hillsborough victim in court hearing', 'the guardian', '2023-04-13')",Regular Individual->Regular Individual,Regular Individual,Regular Individual,User Safety_Harassment&Bullying,Legal Action,Twitter,https://www.theguardian.com/football/2023/apr/13/man-denies-online-abuse-of-sister-of-hillsborough-victim-in-court-hearing
"('Man held for making video aimed at disrupting peace', 'the times of india', '2020-03-04')",Regular Individual->Regular Group,Regular Individual,Regular Group,User Safety_Broken Harmony,Legal Action,TikTok,https://timesofindia.indiatimes.com/city/aurangabad/man-held-for-making-video-aimed-at-disrupting-peace/articleshow/74448164.cms
"('Mannan Wani's latest video under scanner now', 'the hindustan times', '2018-01-12')",Regular Individual->Regular Group,Regular Individual,Regular Group,User Safety_Broken Harmony,Legal Action,Social Media,https://www.hindustantimes.com/lucknow/mannan-wani-s-latest-video-under-scanner-now/story-GhvIdCENPVsnLwP0AcJBFI.html
"('Marketers Package Sugary Cereals With Online Fun; Food Web Sites Use Games and Videos to Entice Children, Blurring Line Between Ads and Entertainment', 'the washington post', '2006-07-20')",Influential Individual->Regular Group,Influential Individual,Regular Group,User Safety_Safety Risk of Social Media Overuse,,Online,https://www.washingtonpost.com/archive/business/2006/07/20/marketers-package-sugary-cereals-with-online-fun-span-classbankheadfood-web-sites-use-games-and-videos-to-entice-children-blurring-line-between-ads-and-entertainmentspan/61502eb4-bbe9-449d-8f6b-2cabd2b385b8/
"('Mayor defends Niles garbage bill change against social media trashing', 'chicago tribune', '2023-05-24')",Regular Group->Regular Group,Regular Group,Regular Group,User Safety_Broken Harmony,Public Apology,Online,https://www.chicagotribune.com/2023/05/24/mayor-defends-niles-garbage-bill-change-against-social-media-trashing/
"('Media: Opinion: One click - and it's so easy to destroy someone's world', 'the guardian', '2012-11-12')",S->Influential Individual,S,Influential Individual,User Safety_Personal Information,,Twitter,https://www.theguardian.com/media/2012/nov/11/twitter-click-destroy-world
"('Men whine and women gossip online', 'the times of india', '2013-04-05')",Regular Individual->Regular Individual,Regular Individual,Regular Individual,User Safety_Harassment&Bullying,,Facebook,https://timesofindia.indiatimes.com/life-style/relationships/love-sex/men-whine-and-women-gossip-online/articleshow/19381568.cms
"('Merriam-Webster defines ‘key bump’ after Cawthorn’s drug and orgy claims', 'the washington post', '2022-03-31')",Influential Individual->Regular Group,Influential Individual,Regular Group,User Safety_Broken Harmony,Address Virality,Twitter,https://www.washingtonpost.com/nation/2022/03/31/madison-cawthorn-key-bump/
"('Met officer arrested over park sex act viral video', 'the daily telegraph', '2022-04-01')",Regular Group->Regular Group,Regular Group,Regular Group,User Safety_Broken Harmony,Legal Action,Social Media,https://www.lbc.co.uk/news/serving-met-pcso-arrested-sex-act-park-bench/
"('Mexican rapper gets gold chain hooks implanted into scalp. Shares pics, videos', 'the hindustan times', '2021-09-11')",Influential Individual->Regular Group,Influential Individual,Regular Group,User Safety_Safety Risk of Social Media Overuse,,Instagram,https://www.hindustantimes.com/trending/mexicaRegular Groupapper-gets-gold-chain-hooks-implanted-into-scalp-shares-pics-videos-101631364775405.html
"('Mike Pence Is Invited to Dine at Pizzeria at Center of Fake News Barrage', 'new york times', '2016-12-13')",Influential Individual->Regular Group,Influential Individual,Regular Group,User Safety_Dangerous Misinformation & Endangerment,"Misinformation led to action, Violent Behavior",Online,https://www.nytimes.com/2016/12/13/us/pizzagate-comet-ping-pong-pizza-mike-pence.html
"('Minneapolis Police Chief Texted Activists Suicide Footage to Quell Violence; 'There was so much misinformation out there,' says civil-rights activist who helped circulate video', 'wall street journal', '2020-08-27')",Regular Group->Regular Group,Regular Group,Regular Group,User Safety_Dangerous Misinformation & Endangerment,Address Misinformation,Social Media,https://www.wsj.com/us-news/minneapolis-under-state-of-emergency-after-fresh-unrest-11598509839
"('Misinformed comments do Priyanka Chopra , or the Northeast, no good', 'the hindustan times', '2017-09-15')",Influential Individual->Regular Group,Influential Individual,Regular Group,User Safety_Broken Harmony,,Social Media,https://www.hindustantimes.com/bollywood/priyanka-chopra-your-misinformed-comments-about-sikkim-did-a-huge-disservice-to-northeast/story-OdgSqJC3N93AD8FzwTEVJK.html
"('Mitch McConnell's Twitter Jailbreak; Social sites may not want speech regulation, but this is how to get it.', 'wall street journal', '2019-08-12')",S->Regular Group,S,Regular Group,User Safety_Broken Harmony,Public Protest,Twitter,https://www.wsj.com/articles/mitch-mcconnells-twitter-jailbreak-11565652171
"('Mohammed Siraj grabs Kuldeep Yadav by the neck, video goes viral: WATCH', 'the hindustan times', '2021-02-07')",Regular Group->Regular Group,Regular Group,Regular Group,User Safety_Broken Harmony,,Social Media,https://www.hindustantimes.com/cricket/india-vs-england-mohammed-siraj-grabs-kuldeep-yadav-by-the-neck-video-goes-viral-watch-101612671218426.html
"('Monkey Shirt On H&amp;M Site Raises Outcry On Internet', 'new york times', '2018-01-09')",Influential Individual->Regular Group,Influential Individual,Regular Group,User Safety_Broken Harmony,Public Apology,Online,https://www.nytimes.com/2018/01/08/business/hm-monkey.html
"('Morgan Wallen Suspended From Record Label After Shouting Racial Slur on Video; Radio and streaming services pull back from promoting the country music star, who issues apology', 'wall street journal', '2021-02-04')",Regular Individual->Regular Group,Regular Individual,Regular Group,User Safety_Broken Harmony,"Restricted from job/school, Public Apology",Online,https://www.wsj.com/arts-culture/music/morgan-wallen-suspended-from-record-label-after-shouting-racial-slur-on-video-11612386540
"('Morning Skim: Is Facebook a Cult, or Just Having an Identity Crisis?', 'new york times', '2009-04-09')",S->Regular Group,S,Regular Group,User Safety_Personal Information,,Facebook,https://archive.nytimes.com/opinionator.blogs.nytimes.com/2009/04/09/morning-skim-is-facebook-a-cult-or-just-having-aInfluential Groupdentity-crisis/
"('Moving the Market -- Tracking the Numbers / Street Sleuth: CBOT Gets Flak Over Online Trades; Critics Fault Exchange For Falling Short in Effort To Fully Shield User Data', 'wall street journal', '2006-08-17')",Influential Individual->Regular Group,Influential Individual,Regular Group,User Safety_Personal Information,Social Media policy change,CBOT,https://www.wsj.com/articles/SB115578126459237977
"('Mug shots have become a commodity; Websites gather the photos and publish them for all to search, then charge money to take them down.', 'los angeles times', '2013-07-07')",S->Regular Individual,S,Regular Individual,User Safety_Personal Information,,Mug Shot Websites,https://abcnews.go.com/Technology/mug-shot-websites-profiting-off-people-booking-photos/story?id=18669703
"('My father only contacts me on social media, where he shows me contempt. I feel bullied | Annalisa Barbieri', 'the guardian', '2017-08-11')",Regular Individual->Regular Individual,Regular Individual,Regular Individual,User Safety_Harassment&Bullying,,Social Media,https://www.theguardian.com/lifeandstyle/2017/aug/11/father-only-contact-me-social-media-shows-contempt-feel-bullied
"('My review, my choice:Anupama Chopra calls out Twitter trolls', 'the hindustan times', '2019-08-10')",Regular Group->Influential Individual,Regular Group,Influential Individual,User Safety_Harassment&Bullying,,Twitter,https://www.hindustantimes.com/bollywood/my-review-my-choice-anupama-chopra-calls-out-twitter-trolls/story-s31onzDOYPPCCeyirhWMvJ.html
"('Namitha Pramod slams man who made sleazy comments', 'the times of india', '2019-01-23')",Regular Individual->Influential Individual,Regular Individual,Influential Individual,User Safety_Harassment&Bullying,,Instagram,https://timesofindia.indiatimes.com/entertainment/malayalam/movies/news/namitha-pramod-slams-man-who-made-sleazy-comments/articleshow/67639803.cms
"('Naomi Osaka: Celebrities, the Media and Mental Health', 'new york times', '2021-06-04')",Influential Group->Influential Individual,Influential Group,Influential Individual,User Safety_Personal Information,,Online news,https://www.nytimes.com/2021/06/04/opinion/letters/naomi-osaka-mental-health.html
"('National: Kate Moss fallout: 'Pro-anorexic' community finds comfort in model's motto: Interview comments criticised as dangerous: Agent says words were taken out of context', 'the guardian', '2009-11-21')",Regular Group->Regular Group,Regular Group,Regular Group,User Safety_Broken Harmony,Public Backlash,Online,https://www.theguardian.com/lifeandstyle/2009/nov/20/kate-moss-motto-pro-anorexic
"('Ned Fulmer Is Out of Comedy Group the Try Guys Amid Affair With Employee; The internet comedy group said it couldn't work with one of its founding members after word spread on social media that he had a relationship with an employee', 'wall street journal', '2022-09-28')",Regular Individual->Regular Group,Regular Individual,Regular Group,User Safety_Broken Harmony,Public Apology,Reddit,https://www.wsj.com/articles/the-try-guys-say-ned-fulmer-is-out-amid-cheating-allegations-11664394267
"('Never been ashamed of what I do: Kalki on being slammed for posting nude pic on Instagram', 'the hindustan times', '2017-08-21')",Regular Group->Influential Individual,Regular Group,Influential Individual,User Safety_Harassment&Bullying,,Instagram,https://www.hindustantimes.com/bollywood/never-been-ashamed-of-what-i-do-kalki-koechlin-on-being-slammed-for-posting-nude-pic/story-wUPjTUXFpSR01PxaxPxX3J.html
"('Nick Jonas calls for #justiceforgeorgefloyd, shares Jay-Z's post demanding all officers involved in the murder to face justice', 'the times of india', '2020-06-02')",Influential Individual->Regular Group,Influential Individual,Regular Group,User Safety_Broken Harmony,,Instagram,https://timesofindia.indiatimes.com/entertainment/english/music/news/nick-jonas-calls-for-justiceforgeorgefloyd-shares-jay-zs-post-demanding-all-officers-involved-in-the-murder-to-face-justice/articleshow/76138024.cms
"('NK's YouTube vlog channels blocked in S. Korea on spy agency's request', 'the korea times', '2023-06-23')",Influential Individual->Regular Group,Influential Individual,Regular Group,User Safety_Censorship & Retribution,,Youtube,https://www.koreatimes.co.kr/foreignaffairs/northkorea/20230623/nks-youtube-vlog-channels-blocked-in-s-korea-on-spy-agencys-request
"('No likes from RSS for Maneka Gandhi's helpline against online trolls', 'the hindustan times', '2016-07-14')",Regular Group->Regular Group,Regular Group,Regular Group,User Safety_Harassment&Bullying,Protective Measures,"Twitter, Facebook",https://www.hindustantimes.com/india-news/no-likes-from-rss-for-maneka-gandhi-s-helpline-against-online-trolls/story-3qewpxdPKW1dwJcexF8CaI.html
"('Noida: Murder accused out on bail held for making stunt videos for YouTube', 'the hindustan times', '2022-06-02')",Regular Individual->Regular Group,Regular Individual,Regular Group,User Safety_Broken Harmony,Legal Action,Twitter,https://www.indiatoday.in/cities/noida/story/noida-news-popular-youtuber-murder-accused-nizamul-khan-bike-stunts-arrested-1957610-2022-06-02
"('Now, a Facebook 'like' leads to sedition charges', 'the times of india', '2013-01-17')",Influential Individual->Regular Individual,Influential Individual,Regular Individual,User Safety_Censorship & Retribution,Legal Action,Facebook,https://timesofindia.indiatimes.com/city/kochi/facebook-like-case-no-evidence-of-sedition-govt-tells-hc/articleshow/18254753.cms
"('Nupur faces FIR in EMidnapore; 3 held over fake news', 'the times of india', '2022-06-13')",Regular Group->Regular Group,Regular Group,Regular Group,User Safety_Dangerous Misinformation & Endangerment,Legal Action,Social Media,https://timesofindia.indiatimes.com/city/kolkata/nupur-faces-fir-in-e-midnapore-3-held-over-fake-news/articleshow/92169757.cms
"('OFF DUTY --- Gear &amp; Gadgets: The Tech to Get Some Z's --- Facebook and videogames may be sleep's worst enemy, but technology can also be bedtime's best friend', 'wall street journal', '2012-06-16')",S->Regular Group,S,Regular Group,User Safety_Safety Risk of Social Media Overuse,,Online,https://www.wsj.com/articles/SB10001424052702303901504577460482577257626
"('Officials condemn racist and false posts from GOP county leaders in Texas', 'the washington post', '2020-06-08')",Influential Group->Regular Group,Influential Group,Regular Group,User Safety_Broken Harmony,Public Backlash,Facebook,https://www.texastribune.org/2020/06/05/texas-gop-chairs-racist-george-floyd/
"('Officials worried about flak received on social media', 'the times of india', '2017-03-06')",Regular Group->Regular Group,Regular Group,Regular Group,User Safety_Broken Harmony,Address Broken Harmony,Twitter,https://timesofindia.indiatimes.com/city/pune/officials-worried-about-flak-received-on-social-media/articleshow/57473025.cms
"('Olympic cyclist Callum Skinner hits out at Leave.EU over Twitter video', 'the guardian', '2016-08-17')",Influential Individual->Regular Group,Influential Individual,Regular Group,User Safety_Broken Harmony,Public Backlash,Online,https://www.theguardian.com/media/2016/aug/17/olympic-cyclist-callum-skinner-leave-eu-twitter-brexit
"('On campaign trail, Bikash blasts e-media for smearing opponents', 'the times of india', '2019-03-18')",Regular Group->Influential Individual,Regular Group,Influential Individual,User Safety_Harassment&Bullying,,Social Media,https://timesofindia.indiatimes.com/city/kolkata/on-campaign-trail-bikash-blasts-e-media-for-smearing-opponents/articleshow/68445701.cms
"('On the Twitter Reckoning', 'the nation', '2018-04-16')",Regular Individual->Regular Group,Regular Group,Regular Group,User Safety_Broken Harmony,Public Backlash,Twitter,https://www.nation.com.pk/E-Paper/lahore/2018-04-16/page-6/detail-5
"('One in every 5 school students a 'problematic' internet user', 'the times of india', '2018-04-11')",S->Regular Group,S,Regular Group,User Safety_Safety Risk of Social Media Overuse,Violent Behavior,Online,https://timesofindia.indiatimes.com/city/delhi/one-in-every-5-school-students-a-problematic-internet-user/articleshow/63703507.cms
"('Online abuse targeting footballers to be tackled by ‘world first’ AI software', 'the guardian', '2022-04-04')",Regular Group->Influential Group,Regular Group,Influential Group,User Safety_Harassment&Bullying,Protective Measures,Social Media,https://www.theguardian.com/football/2022/apr/04/online-abuse-targeting-footballers-to-be-tackled-by-world-first-ai-software
"('Online and Scared', 'new york times', '2017-01-11')",Regular Group->Regular Group,Regular Group,Regular Group,User Safety_Dangerous Misinformation & Endangerment,Misinformation led to action,Facebook,https://www.nytimes.com/2017/01/11/opinion/online-and-scared.html
"('Online harassment increases to 35% for American minority groups', 'the guardian', '2020-06-24')",Regular Group->Regular Group,Regular Group,Regular Group,User Safety_Harassment&Bullying,Protective Measures,"Youtube, Facebook, Twitter, Instagram, Whatsapp",https://www.theguardian.com/society/2020/jun/23/online-harassment-increases-for-american-minority-groups
"('Online petition to seek ban on 'sardar' jokes', 'the hindustan times', '2015-11-13')",Influential Individual->Regular Group,Influential Individual,Regular Group,User Safety_Broken Harmony,Public Protest,Online,https://www.change.org/p/supreme-court-of-india-ban-websites-that-defame-and-insult-the-sikh-community-bansikhjokes
"('Online Privacy Protections Gain Traction With Lawmakers, Tech Industry; Disclosures of social-media harms to young people put pressure on Congress, tech companies to safeguard personal information', 'wall street journal', '2022-04-26')",S->Regular Group,S,Regular Group,User Safety_Safety Risk of Social Media Overuse,Mental Health,"TikTok, Facebook",https://www.wsj.com/politics/policy/online-privacy-protections-gain-traction-with-lawmakers-tech-industry-11650978000
"('Pak talks: Bid to peddle fake news, says MEA', 'the times of india', '2019-06-21')",Regular Group->Regular Group,Regular Group,Regular Group,User Safety_Dangerous Misinformation & Endangerment,Address Misinformation,Social Media,https://indianexpress.com/article/india/fake-news-mea-dismisses-media-reports-oInfluential Groupndia-pakistan-dialogue-5791556/
"('Pakistan asks Twitter to remove tweets on territorial conflicts involving nation', 'bbc monitoring south asia', '2015-08-12')",S->Regular Group,S,Regular Group,User Safety_Censorship & Retribution,,Twitter,https://tribune.com.pk/story/936447/pta-wanted-twitter-to-remove-tweets-about-territorial-conflicts-involving-pakistan
"('Parties could break law with adverts on Facebook', 'the daily telegraph', '2017-05-18')",Influential Individual->Regular Group,Influential Individual,Regular Group,User Safety_Personal Information,Legal Action,Facebook,https://www.telegraph.co.uk/news/2017/05/17/political-parties-facing-investigation-targeting-voters-twitter/
"('People go online to report cheating at petrol pumps', 'the times of india', '2018-06-18')",Regular Group->Regular Group,Regular Group,Regular Group,User Safety_Broken Harmony,,"Facebook, Twitter",https://timesofindia.indiatimes.com/city/hubballi/people-go-online-to-report-cheating-at-petrol-pumps/articleshow/64618833.cms
"('Personal NHS data is posted on Facebook', 'the daily telegraph', '2011-10-28')",Regular Individual->Regular Individual,Regular Individual,Regular Individual,User Safety_Personal Information,Restricted from job/school,Facebook,https://thenextweb.com/news/nhs-patient-data-ends-up-on-facebook-but-how-serious-is-the-latest-data-debacle
"('Pics: Ananya Panday spotted with Siddhant Chaturvedi post the former's trolling on nepotism comment', 'the times of india', '2020-01-20')",Influential Individual->Regular Group,Influential Individual,Regular Group,User Safety_Broken Harmony,,Online,https://timesofindia.indiatimes.com/entertainment/hindi/bollywood/news/pics-ananya-panday-spotted-with-siddhant-chaturvedi-post-the-formers-trolling-on-nepotism-comment/articleshow/73386627.cms
"('Pixstory raises voice against social media hate as Arsenal beat United', 'the hindustan times', '2023-01-23')",Regular Group->Influential Individual,Regular Group,Influential Individual,User Safety_Harassment&Bullying,Protective Measures,Social Media,https://www.hindustantimes.com/sports/football/indian-app-pixstory-makes-pitch-against-online-hate-in-arsenal-united-game-101674412694421.html
"('Police probe online game angle in 17-yr-old's suicide', 'the hindustan times', '2018-08-23')",Influential Individual->Regular Individual,Influential Individual,Regular Individual,User Safety_Suicide&Self-harm,Death,Game,https://www.thehindu.com/news/national/other-states/police-probe-online-game-angle-in-girls-suicide/article24754877.ece
"('Political party member posts name, photo of rape survivor in social group', 'the times of india', '2018-08-18')",Regular Individual->Regular Individual,Regular Individual,Regular Individual,User Safety_Personal Information,Legal Action,WhatsApp,https://timesofindia.indiatimes.com/city/nagpur/political-party-member-posts-name-photo-of-rape-survivor-in-social-group/articleshow/65431230.cms
"('President Biden will call for more limits on social media.', 'new york times', '2022-03-01')",S->Regular Group,S,Regular Group,User Safety_Safety Risk of Social Media Overuse,"Mental Health, Protective Measures",Social Media,https://www.nytimes.com/2022/03/01/us/politics/state-of-the-union-biden-social-media.html
"('Pro-Trump media sets the agenda with lies. Here's how traditional media can take it back.', 'the washington post', '2017-03-11')",Regular Group->Influential Individual,Regular Group,Influential Individual,User Safety_Dangerous Misinformation & Endangerment,,Twitter,https://www.washingtonpost.com/lifestyle/style/pro-trump-media-sets-the-agenda-with-lies-heres-how-traditional-media-can-take-it-back/2017/03/11/4f30f768-050a-11e7-b9fa-ed727b644a0b_story.html
"('Probed for corruption, Etah civic body head threatens suicide on Facebook', 'the times of india', '2017-06-19')",Influential Individual->Regular Group,Influential Individual,Regular Group,User Safety_Suicide&Self-harm,,Facebook,https://timesofindia.indiatimes.com/city/agra/probed-for-corruption-etah-civic-body-head-threatens-suicide-on-facebook/articleshow/59207348.cms
"('Pune police act on suicide alert on Twitter; find woman safe in Kerala', 'the times of india', '2018-11-27')",Regular Individual->Regular Group,Regular Individual,Regular Group,User Safety_Dangerous Misinformation & Endangerment,"Legal Action, Misinformation led to action",Facebook ,https://timesofindia.indiatimes.com/city/pune/pune-police-act-on-suicide-alert-on-twitter-find-woman-safe-in-kerala/articleshow/66817200.cms
"('Putting a stop to mobile addiction', 'the hindustan times', '2014-07-06')",S->Regular Group,S,Regular Group,User Safety_Safety Risk of Social Media Overuse,Protective Measures,Online,https://www.hindustantimes.com/chandigarh/putting-a-stop-to-mobile-addiction/story-6GAf9SZReNRM5CD6SoRvDL.html
"('Ramdev's messenger app 'Kimbho' goes off Play Store, gets roasted on Twitter', 'the hindustan times', '2018-06-01')",Influential Individual->Regular Group,Influential Individual,Regular Group,User Safety_Personal Information,Remove Content,Messaging app,https://www.theweek.in/news/sci-tech/2018/05/31/ramdev-app-kimbho-disappears-from-playstore-expert-calls-joke.html
"('Rap star Ramz 'getting support' following suicide messages on social media', 'the guardian', '2019-07-11')",Influential Individual->Regular Group,Influential Individual,Regular Group,User Safety_Suicide&Self-harm,Remove Content,"Twitter, Instagram",https://www.theguardian.com/music/2019/jul/11/rap-star-ramz-getting-support-following-suicide-messages
"('Reader Idea | Teaching and Learning About Body Image in the Social Media Age', 'new york times', '2016-06-02')",S->Regular Group,S,Regular Group,User Safety_Safety Risk of Social Media Overuse,,Instagram,https://archive.nytimes.com/learning.blogs.nytimes.com/2016/06/02/reader-idea-body-image-in-the-social-media-age/
"('Rebel Wilson tweets photo of wrong journalist when 'shaming to stop criminal conduct'', 'the guardian', '2016-02-29')",Influential Individual->Regular Individual,Influential Individual,Regular Individual,User Safety_Harassment&Bullying,,Twitter,https://www.theguardian.com/film/2016/feb/29/rebel-wilson-cites-shaming-to-stop-criminal-conduct-after-photo-tweet-mix-up
"('Receta marroquí para armar un boicot en Internet', 'el pais', '2018-05-16')",Regular Group->Influential Group,Regular Group,Influential Group,User Safety_Broken Harmony,Public protest,Facebook,https://elpais.com/elpais/2018/05/15/opinion/1526402338_267749.html
"('Reports: Ohio attacker posted anti-US rant online before attack', 'dpa international (english)', '2016-11-29')",Regular Group->Regular Group,Regular Group,Regular Group,User Safety_Broken Harmony,,Online,https://www.bbc.com/news/world-us-canada-38136658
"('Riverside teacher who mocked Native Americans in math lesson caught on video is fired', 'los angeles times', '2022-02-10')",Regular Individual->Regular Group,Regular Individual,Regular Group,User Safety_Broken Harmony,Public Protest,Online,https://www.latimes.com/california/story/2022-02-09/riverside-sohcahtoa-teacher-viral-video-mocked-native-americans-fired
"('Roundup: Indian teenage girl jumps into lake over deadly online challenge', 'xinhua news agency - ceis', '2017-09-05')",Influential Individual->Regular Individual,Influential Individual,Regular Individual,User Safety_Suicide&Self-harm,Death,Game,https://www.thehindu.com/news/national/jodhpur-police-rescues-girl-trying-to-complete-blue-whale-challenge/article19625485.ece
"('Ruling party to request Google delete fake news on YouTube', 'the korea times', '2018-10-15')",Regular Group->Influential Individual,Regular Group,Influential Individual,User Safety_Dangerous Misinformation & Endangerment,Address Misinformation,Youtube,https://www.koreatimes.co.kr/business/tech-science/20181015/ruling-party-to-request-google-delete-fake-news-on-youtube
"('Russia spread fake news via Twitter bots after Salisbury poisoning –&#xa0;analysis', 'the guardian', '2018-04-19')",Influential Individual->Regular Group,Influential Individual,Regular Group,User Safety_Broken Harmony,Public Backlash,Twitter,https://www.theguardian.com/world/2018/apr/19/russia-fake-news-salisbury-poisoning-twitter-bots-uk
"('Sadhvi Pragya vents anger on Sehore media, calls them 'beimaan'', 'the times of india', '2019-09-19')",Influential Individual->Regular Group,Influential Individual,Regular Group,User Safety_Broken Harmony,Public Criticism,Social Media,https://timesofindia.indiatimes.com/india/sadhvi-pragya-vents-anger-on-sehore-media-calls-them-beimaan/articleshow/71188040.cms
"('Saloni Chopra on her bra strap-shaming Instagram post: I write about things I believe in', 'the times of india', '2016-08-04')",Influential Individual->Regular Group,Influential Individual,Regular Group,User Safety_Broken Harmony,,Instagram,https://timesofindia.indiatimes.com/tv/news/hindi/saloni-chopra-on-her-bra-strap-shaming-instagram-post-i-write-about-things-i-believe-in/articleshow/53520546.cms
"('Samaritans join battle on online suicide content', 'the daily telegraph', '2019-04-29')",Regular Group->Regular Group,Regular Group,Regular Group,User Safety_Suicide&Self-harm,Death,Social Media,https://www.theguardian.com/society/2019/apr/29/samaritans-set-to-work-with-facebook-and-google-on-limiting-online-harm
"('Sanders Aims for Positive Campaign, but Allies Don't Always Follow; Vermont senator apologizes for supporter's comments about Joe Biden. Mr. Sanders's wife tweets call for unity.', 'wall street journal', '2020-01-22')",Regular Group->Influential Individual,Regular Group,Influential Individual,User Safety_Harassment&Bullying,,Twitter,https://www.wsj.com/articles/sanders-aims-for-positive-campaign-allies-dont-always-follow-11579694402
"('Schaltet die Kommentarfunktion auf Facebook ab!', 'die tageszeitung', '2018-01-16')",S->Regular Group,S,Regular Group,User Safety_Dangerous Misinformation & Endangerment,,Facebook  ,https://taz.de/Kolumne-Luegenleser/!5474612/
"('Selfies, sex and body image – the revolution in books for teenage girls', 'the guardian', '2015-06-20')",S->Regular Group,S,Regular Group,User Safety_Safety Risk of Social Media Overuse,,Social Media,https://www.theguardian.com/books/2015/jun/21/selfies-sex-body-image-teenage-girls-young-adult-fiction-louise-oneill-interview
"('Selling You on Facebook; Many popular Facebook apps are obtaining sensitive information about users--and users' friends--so don't be surprised if details about your religious, political and even sexual preferences start popping up in unexpected places.', 'wall street journal', '2012-04-08')",S->Regular Group,S,Regular Group,User Safety_Personal Information,,Facebook,https://www.wsj.com/articles/SB10001424052702303302504577327744009046230
"('Shanghai Residents Plead for Help Online as Daily Covid-19 Count Nears 20,000; Nearly a week into lockdown, many turn to social media to get food, medicine or, if they are taken away for quarantine, advice on pet care', 'wall street journal', '2022-04-07')",Regular Group->Regular Group,Regular Group,Regular Group,User Safety_Broken Harmony,Public Backlash,Weibo,https://www.wsj.com/world/china/shanghai-residents-seek-help-online-as-daily-covid-count-nears-20-000-11649296811
"('Shark Tank's Anupam Mittal takes jibe at Air India over 'Pee-gate' case. See tweets', 'the hindustan times', '2023-01-11')",Influential Individual->Influential Individual,Influential Individual,Influential Individual,User Safety_Broken Harmony,Public Apology,Twitter,https://www.hindustantimes.com/trending/shark-tank-s-anupam-mittal-takes-jibe-at-air-india-over-pee-gate-case-see-tweets-101673436769141.html
"('Shatrughan Sinha feels people can't stop trolls on social media: 'Na rok sakte hai, na tok sakte hai'', 'the hindustan times', '2023-02-19')",Regular Group->Influential Individual,Regular Group,Influential Individual,User Safety_Harassment&Bullying,,Social Media,https://www.hindustantimes.com/entertainment/bollywood/shatrughan-sinha-feels-people-can-t-stop-social-media-trolls-na-rok-sakte-hai-101676813059529.html
"('She is India's highest-profile cabinet minister -- and its most trolled', 'the washington post', '2016-07-01')",Regular Group->Influential Individual,Regular Group,Influential Individual,User Safety_Harassment&Bullying,,Twitter,https://www.washingtonpost.com/world/she-is-indias-highest-profile-cabinet-minister-and-its-most-trolled/2016/07/01/e7ab7e7c-3e41-11e6-9e16-4cf01a41decb_story.html
"('Shraddha gets trolled on social media for advocating Diwali without crackers', 'the times of india', '2017-10-16')",Regular Group->Influential Individual,Regular Group,Influential Individual,User Safety_Harassment&Bullying,,Social Media,https://timesofindia.indiatimes.com/entertainment/telugu/movies/news/shraddha-gets-trolled-on-social-media-for-advocating-diwali-without-crackers/articleshow/61090305.cms
"('Shripad's online comment stirs controversy', 'the times of india', '2015-04-16')",Influential Individual->Regular Group,Influential Individual,Regular Group,User Safety_Broken Harmony,,SNS,https://timesofindia.indiatimes.com/city/goa/shripads-online-comment-stirs-controversy/articleshow/46937900.cms
"('Slack's Latest Collaboration Falls Flat on Its Feet; Twitter users see Slack's new collaboration with old-school clothier Cole Haan as an embarrassment of tech's riches', 'wall street journal', '2020-10-14')",Regular Group->Regular Group,Regular Group,Regular Group,User Safety_Broken Harmony,,Twitter,https://www.wsj.com/articles/slacks-latest-collaboration-falls-flat-oInfluential Groupts-feet-11602683163
"('Smug eco-trolls need to be careful what they wish for', 'the daily telegraph', '2022-10-22')",Regular Group->Influential Group,Regular Group,Influential Group,User Safety_Harassment&Bullying,,Social Media,https://www.telegraph.co.uk/news/2022/10/22/smug-eco-trolls-should-careful-what-wish/
"('Social media had a role in Molly's death, coroner rules', 'the daily telegraph', '2022-10-01')",S->Regular Individual,S,Regular Individual,User Safety_Suicide&Self-harm,Death,Instagram,https://www.telegraph.co.uk/news/2022/09/30/how-social-media-killed-molly-russell/
"('Social media ice cream licking stunt ends in prison', 'the daily telegraph', '2020-03-07')",Regular Individual->Regular Group,Regular Individual,Regular Group,User Safety_Broken Harmony,Legal Action,Social Media,https://www.bbc.com/news/world-us-canada-51762753
"('Social media is a public health emergency', 'the daily telegraph', '2018-04-24')",S->Regular Group,S,Regular Group,User Safety_Safety Risk of Social Media Overuse,Mental Health,Social Media,https://www.telegraph.co.uk/news/2018/04/23/social-media-has-become-public-health-issue-killing-us/
"('Social media's 'like' button is toxic, says health charity', 'the daily telegraph', '2019-08-30')",S->Regular Group,S,Regular Group,User Safety_Safety Risk of Social Media Overuse,Protective Measures,Social Media,https://www.telegraph.co.uk/news/2019/08/29/like-button-toxic-feature-social-media-royal-society-public/
"('Soni Razdan shares video of Delhi airport chaos as fliers take on authorities for confiscating passports: 'Please kill us'', 'the hindustan times', '2020-03-18')",Influential Individual->Regular Group,Influential Individual,Regular Group,User Safety_Broken Harmony,"Address Virality, Remove Content",Twitter,https://www.hindustantimes.com/bollywood/soni-razdan-shares-video-of-delhi-airport-chaos-as-fliers-take-on-authorities-for-confiscating-passports-please-kill-us/story-i4jm75QYOYyQ2BI1lSUvPJ.html
"('Spotify charts podcasting future after controversies, challenges and shakeups', 'los angeles times', '2023-03-08')",Influential Individual->S,Influential Individual,S,User Safety_Dangerous Misinformation & Endangerment,Platform Reputation Damage,Spotify,https://www.latimes.com/entertainment-arts/business/story/2023-03-08/after-controversies-challenges-shakeups-spotify-charts-its-podcasting-future
"('Srabanti on trolls: Kuch toh log kahenge, logon ka kaam hai kehna', 'the times of india', '2021-08-02')",Regular Group->Influential Individual,Regular Group,Influential Individual,User Safety_Harassment&Bullying,,Online,https://timesofindia.indiatimes.com/entertainment/bengali/movies/news/srabanti-on-trolls-kuch-toh-log-kahenge-logon-ka-kaam-hai-kehna/articleshow/84946561.cms
"('State link to cheaters website', 'irish examiner', '2015-08-21')",Influential Individual->Regular Group,Influential Individual,Regular Group,User Safety_Personal Information,,Online,https://www.irishexaminer.com/news/arid-20349467.html
"('Stuck in jam, angry BJP MLA deflates car tyre, photo goes viral', 'the times of india', '2018-07-16')",Regular Individual->Regular Group,Regular Individual,Regular Group,User Safety_Broken Harmony,Public Backlash,Social Media,https://timesofindia.indiatimes.com/city/dehradun/stuck-in-jam-angry-bjp-mla-deflates-car-tyre-photo-goes-viral/articleshow/65000696.cms
"('Students learn how to tackle fake news, scams', 'the straits times', '2018-09-04')",S->Regular Group,S,Regular Group,User Safety_Dangerous Misinformation & Endangerment,Protective Measures,Online,https://www.straitstimes.com/singapore/students-learn-to-tackle-fake-news-and-online-scams-in-nemation-workshop
"('Sub-inspector in shooting row reinstated, removed after Twitter protest', 'the times of india', '2019-08-21')",Regular Group->Influential Individual,Regular Group,Influential Individual,User Safety_Broken Harmony,Restricted from job/school,Twitter,https://timesofindia.indiatimes.com/city/noida/sub-inspector-in-shooting-row-reinstated-removed-after-twitter-protest/articleshow/70745778.cms
"('Sudan's electoral commission dismisses You Tube video as ""fabricated""', 'bbc monitoring newsfile', '2010-04-21')",Regular Individual->Regular Group,Regular Individual,Regular Group,User Safety_Dangerous Misinformation & Endangerment,,Youtube,https://sudantribune.com/article34610/#google_vignette
"('Sunfull Movement, Google Korea join hands against cyberbullying', 'the korea times', '2019-05-29')",Regular Group->Regular Group,Regular Group,Regular Group,User Safety_Harassment&Bullying,Protective Measures,Online,https://www.koreatimes.co.kr/southkorea/society/20190529/sunfull-movement-google-korea-join-hands-against-cyberbullying
"('Sushant's death embroiled in a web of theories', 'the hindustan times', '2020-08-03')",Regular Group->Regular Group,Regular Group,Regular Group,User Safety_Broken Harmony,,"Facebook, Twitter",https://www.hindustantimes.com/india-news/sushant-s-death-embroiled-in-a-web-of-theories/story-TEWZDqHtQRJXoN22jE5cqJ.html
"('SXSW clarifies immigration comment in contract after punk band pulls out', 'the guardian', '2017-03-03')",Influential Individual->Regular Group,Influential Individual,Regular Group,User Safety_Broken Harmony,Public protest,Twitter,https://www.theguardian.com/culture/2017/mar/02/sxsw-immigration-told-slant-contract-trump-travel-ban
"('Taarak Mehta Ka Ooltah Chashmah's Babita ji aka Munmun Dutta: I block people who write hate comments', 'the times of india', '2019-04-29')",Regular Group->Influential Individual,Regular Group,Influential Individual,User Safety_Harassment&Bullying,Legal Action,Social Media,https://timesofindia.indiatimes.com/tv/news/hindi/taarak-mehta-ka-ooltah-chashmahs-babita-ji-aka-munmun-dutta-i-block-people-who-write-hate-comments/articleshow/69084284.cms
"('Taylor Swift fans get married in the middle of her concert, Internet calls them 'rude'', 'the hindustan times', '2023-03-21')",Regular Individual->Regular Group,Regular Individual,Regular Group,User Safety_Broken Harmony,Public Backlash,Twitter,https://www.hindustantimes.com/trending/taylor-swift-fans-get-married-in-the-middle-of-her-concert-internet-calls-them-rude-101679383323974.html
"('Teen sparks outrage with popular Twitter OMGFacts trend', 'the hindustan times', '2010-01-23')",Regular Group->Regular Group,Regular Group,Regular Group,User Safety_Broken Harmony,Public Apology,Online,https://abcnews.go.com/Technology/16-year-sparks-twitter-trend-omgfacts/story?id=9634218
"('Teenage girl apologises on YouTube to AFL players over St Kilda nude photo scandal', 'the hindustan times', '2011-03-21')",Regular Individual->Regular Group,Regular Individual,Regular Group,User Safety_Broken Harmony,Public Apology,Facebook,https://www.theage.com.au/sport/afl/nudescandal-girl-apologises-to-st-kilda-players-20110321-1c2nj.html
"('Testing firms turn to Twitter to find cheaters', 'the washington post', '2015-03-24')",Influential Individual->Regular Individual,Influential Individual,Regular Individual,User Safety_Personal Information,Remove Content,Twitter,https://www.washingtonpost.com/local/education/debate-over-test-security-vs-student-privacy-rages-in-the-age-of-social-media/2015/03/23/bbac030a-cf0c-11e4-a2a7-9517a3a70506_story.html
"('That internet stalker of yours is not, alas, Beyonce', 'the guardian', '2007-05-02')",Regular Group->Influential Individual,Regular Group,Influential Individual,User Safety_Dangerous Misinformation & Endangerment,,Online  ,https://www.theguardian.com/music/2007/may/02/news.paulmacinnes?CMP=gu_com
"('The 'Angriest Librarian' rant that went viral', 'the washington post', '2017-10-26')",Regular Individual->Regular Group,Regular Individual,Regular Group,User Safety_Broken Harmony,,Twitter,https://www.washingtonpost.com/video/national/the-angriest-librariaRegular Groupant-that-went-viral/2017/10/26/48457a1e-ba9a-11e7-9b93-b97043e57a22_video.html
"('The Authoritarian Internet Power Grab', 'wall street journal', '2016-10-26')",S->Regular Group,S,Regular Group,User Safety_Personal Information,,Online,https://www.wsj.com/articles/the-authoritariaInfluential Groupnternet-power-grab-1477436573
"('The long history of disinformation during war', 'the washington post', '2022-04-28')",Regular Group->Regular Group,Regular Group,Regular Group,User Safety_Dangerous Misinformation & Endangerment,,Twitter,https://www.washingtonpost.com/outlook/2022/04/28/long-history-misinformation-during-war/
"('The Most Dominant Toxic Election Narratives Online', 'new york times', '2022-09-23')",Regular Group->Regular Group,Regular Group,Regular Group,User Safety_Dangerous Misinformation & Endangerment,,Twitter,https://www.nytimes.com/2022/09/23/technology/midterm-elections-misinformation.html
"('The Taste With Vir Sanghvi: What accounts for the popularity of David Icke and his lunatic theories', 'the hindustan times', '2019-01-22')",Influential Individual->Regular Group,Influential Individual,Regular Group,User Safety_Dangerous Misinformation & Endangerment,,Online,https://www.hindustantimes.com/more-lifestyle/the-taste-with-vir-sanghvi-what-accounts-for-the-popularity-of-david-icke-and-his-lunatic-theories/story-T5uiiCrZDnb0Lk75Tyn5wL.html
"('The Teenage Social-Media Trap; Teens increasingly measure and manage their social success online--and it may be taking a toll on their mental health', 'wall street journal', '2018-05-04')",S->Regular Group,S,Regular Group,User Safety_Safety Risk of Social Media Overuse,Violent Behavior,Social Media,https://www.wsj.com/articles/the-teenage-social-media-trap-1525444767
"('The truth about Brexit didn't stand a chance in the online bubble', 'the guardian', '2016-07-03')",S->Regular Group,S,Regular Group,User Safety_Dangerous Misinformation & Endangerment,,Online,https://www.theguardian.com/media/2016/jul/03/facebook-bubble-brexit-filter
"('The web is a Blade Runner nightmare, but there is a way to stem the tide of lies', 'the guardian', '2023-02-17')",Regular Group->Regular Group,Regular Group,Regular Group,User Safety_Dangerous Misinformation & Endangerment,,Social Media,https://www.theguardian.com/commentisfree/2023/feb/17/web-blade-runner-lies-misinformatioInfluential Groupnternet
"('The Week in Business: Facebook Filters Politics', 'new york times', '2021-02-14')",S->Regular Group,S,Regular Group,User Safety_Censorship & Retribution,,Facebook,https://www.nytimes.com/2021/02/14/business/the-week-in-business-facebook-politics.html
"('Those who made videos of injured girl in Kannauj face arrest', 'the hindustan times', '2022-10-28')",S->Regular Group,S,Regular Group,User Safety_Safety Risk of Social Media Overuse,Legal Action,Online,https://www.hindustantimes.com/cities/lucknow-news/those-who-made-videos-of-injured-girl-in-kannauj-face-arrest-101666975411487.html
"('Three arrested, fined rRs.r25,500 for driving rashly to make Insta reels', 'the hindustan times', '2023-01-28')",Regular Group->Regular Group,Regular Group,Regular Group,User Safety_Safety Risk of Social Media Overuse,Legal Action,Instagram,https://www.hindustantimes.com/cities/noida-news/three-arrested-fined-25-500-for-driving-rashly-to-make-insta-reels-101674846589574.html
"('Thrills and Traps, Lurking on the Web', 'new york times', '2010-05-11')",S->Regular Group,S,Regular Group,User Safety_Personal Information,,Facebook,https://www.nytimes.com/2010/05/12/opinion/l12internet.html
"('TikTok's Osama bin Laden Fiasco; Many young Americans regularly get news on the Chinese-owned app.', 'wall street journal', '2023-11-16')",Regular Group->Regular Group,Regular Group,Regular Group,User Safety_Dangerous Misinformation & Endangerment,Remove Content,TikTok,https://www.wsj.com/opinion/tiktok-osama-bin-laden-letter-to-america-israel-hamas-palestine-2505207b
"('TNSTC bus driver caught using phone while driving, video goes viral', 'the times of india', '2019-08-04')",Regular Individual->Regular Group,Regular Individual,Regular Group,User Safety_Broken Harmony,Restricted from job/school,Social Media,https://timesofindia.indiatimes.com/city/trichy/tnstc-bus-driver-caught-using-phone-while-driving-video-goes-viral/articleshow/70509999.cms
"('Today: The Twitterer-in-Chief and the #TransBan', 'los angeles times', '2017-07-27')",Influential Individual->Regular Group,Influential Individual,Regular Group,User Safety_Broken Harmony,,Twitter,https://www.latimes.com/newsletters/la-me-todays-headlines-20170727-story.html
"('Trolled for her dance video, Nusrat hits back with another video', 'the times of india', '2020-04-29')",Regular Group->Influential Individual,Regular Group,Influential Individual,User Safety_Harassment&Bullying,,TikTok,https://timesofindia.indiatimes.com/entertainment/bengali/movies/news/trolled-for-dance-video-nusrat-hits-back-with-another-video/articleshow/75424101.cms
"('Trump Nuke Tweets', 'chicago tribune', '2017-08-09')",Influential Individual->Regular Group,Influential Individual,Regular Group,User Safety_Broken Harmony,,Twitter,https://www.chicagotribune.com/2017/08/09/trump-nuke-tweets/
"('Trump says he tweeted about tapes to influence Comey's account of their private conversations', 'los angeles times', '2017-06-23')",Influential Individual->Regular Group,Influential Individual,Regular Group,User Safety_Broken Harmony,,Twitter,https://www.nytimes.com/2017/06/23/us/politics/trump-indicates-tape-tweet-was-meant-to-affect-comey-testimony.html
"('Trump verrät auf Twitter ein US-Militärgeheimnis', 'die welt', '2019-09-02')",Influential Individual->Regular Group,Influential Individual,Regular Group,User Safety_Broken Harmony,,Twitter,https://www.welt.de/print/die_welt/wirtschaft/article199531088/Trump-verraet-auf-Twitter-ein-US-Militaergeheimnis.html
"('Trump’s tweets used against him in Georgia indictment', 'the washington post', '2023-08-15')",Influential Individual->Regular Group,Influential Individual,Regular Group,User Safety_Dangerous Misinformation & Endangerment,Legal Action,Twitter,https://www.washingtonpost.com/national-security/2023/08/15/trumps-tweets-used-against-him-georgia-indictment/
"('Turkey Opposition Leader Quits After Video of Alleged Affair Airs', 'wall street journal', '2010-05-11')",Regular Individual->Regular Group,Regular Individual,Regular Group,User Safety_Broken Harmony,Restricted from job/school,Online,https://www.wsj.com/articles/SB10001424052748704879704575236181109356968
"('Twitter is eroding your intelligence. Now there’s data to prove it.', 'the washington post', '2019-05-30')",S->Regular Group,S,Regular Group,User Safety_Safety Risk of Social Media Overuse,Mental Health,Twitter,https://www.washingtonpost.com/nation/2019/05/30/twitter-hurting-intelligence-not-smart-study/
"('Twitter is the modern public square. So can the president block you? | Katie Fallow', 'the guardian', '2018-03-08')",Influential Individual->Regular Group,Influential Individual,Regular Group,User Safety_Censorship & Retribution,,Twitter,https://www.theguardian.com/commentisfree/2018/mar/08/twitter-modern-public-square-donald-trump
"('Twitter ridicules Hindu Mahasabha's Valentine's Day diktat', 'the hindustan times', '2015-02-05')",Influential Individual->Regular Group,Influential Individual,Regular Group,User Safety_Censorship & Retribution,,Online,https://www.hindustantimes.com/india/twitter-ridicules-hindu-mahasabha-s-valentine-s-day-diktat/story-aE9cM15X8alYPbHt61fZaP.html
"('Twitter rips into Jeremy Corbyn’s ‘pretentious’ poetry – except it’s actually by Shelley', 'the guardian', '2023-07-04')",Influential Individual->Regular Group,Influential Individual,Regular Group,User Safety_Broken Harmony,,Twitter,https://www.theguardian.com/books/2023/jun/28/twitter-rips-into-jeremy-corbyns-pretentious-poetry-except-its-actually-by-shelley
"('Twitter troll takes over Valparaiso lawmaker's handle, demands apology', 'chicago tribune', '2017-03-07')",Regular Individual->Influential Individual,Regular Individual,Influential Individual,User Safety_Harassment&Bullying,,Twitter,https://www.redbluffdailynews.com/2017/03/08/twitter-troll-takes-over-lawmakers-handle-demands-apology/
"('Twitter user expresses regret over posts with fake submerged images', 'the japan news', '2022-10-06')",Regular Individual->Regular Group,Regular Individual,Regular Group,User Safety_Dangerous Misinformation & Endangerment,Public Apology,Twitter,https://japannews.yomiuri.co.jp/society/general-news/20221005-62595/
"('Twitterati lambasts Telangana deputy CM for his 'proper coach for Sindhu' gaffe', 'the times of india', '2016-08-23')",Influential Individual->Regular Group,Influential Individual,Regular Group,User Safety_Broken Harmony,,Twitter,https://timesofindia.indiatimes.com/india/twitterati-lambasts-telangana-deputy-cm-for-his-proper-coach-for-sindhu-gaffe/articleshow/53810873.cms
"('Twittergate Rattles France Before Vote', 'new york times', '2012-06-14')",Influential Individual->Regular Group,Influential Individual,Regular Group,User Safety_Broken Harmony,,Twitter,https://archive.nytimes.com/rendezvous.blogs.nytimes.com/2012/06/14/twittergate-rattles-france-before-vote/
"('U.S. Penalizes Online Company in Sale of Personal Data', 'new york times', '2012-06-13')",Influential Individual->Regular Group,Influential Individual,Regular Group,User Safety_Personal Information,Legal Action,Spokeo,https://www.nytimes.com/2012/06/13/technology/ftc-levies-first-fine-over-internet-data.html
"('UCLA posts video with heckling of U.S. Treasury Secretary Steven T. Mnuchin', 'los angeles times', '2018-03-13')",S->Regular Group,S,Regular Group,User Safety_Broken Harmony,,Online,https://www.latimes.com/local/lanow/la-me-edu-ucla-posts-mnuchin-video-20180313-story.html
"('Ugandan activist gets 18-month sentence for online poem about leader', 'dpa international (english)', '2019-08-02')",Influential Individual->Influential Individual,Influential Individual,Influential Individual,User Safety_Harassment&Bullying,Legal Action,Facebook,https://www.voanews.com/a/africa_ugandan-activist-sentenced-vulgar-poem-about-president/6173260.html
"('UK banker fired for boasting about '6K redundancy payout on Facebook', 'the hindustan times', '2010-11-27')",Regular Individual->Regular Group,Regular Individual,Regular Group,User Safety_Broken Harmony,Restricted from job/school,Facebook,https://www.oneindia.com/2010/11/27/ukbanker-fired-for-boasting-about-6k-redundancypayout.html
"('Unemployed man, addicted to online rummy, ends life', 'the times of india', '2023-02-21')",S->Regular Individual,S,Regular Individual,User Safety_Safety Risk of Social Media Overuse,Death,Online game,https://timesofindia.indiatimes.com/city/coimbatore/unemployed-man-addicted-to-online-rummy-ends-life/articleshow/98077528.cms
"('UP Police, FB join hands for realtime alert about online posts on suicide', 'the times of india', '2022-04-03')",Regular Group->S,Regular Group,S,User Safety_Suicide&Self-harm,Protective Measures,Facebook,https://timesofindia.indiatimes.com/city/lucknow/up-police-fb-join-hands-for-realtime-alert-about-online-posts-on-suicide/articleshow/90617229.cms
"('UP: Four in BMW die chasing 300kmph on Facebook Live', 'the times of india', '2022-10-18')",Regular Individual->Regular Group,Regular Individual,Regular Group,User Safety_Safety Risk of Social Media Overuse,Death,Facebook,https://timesofindia.indiatimes.com/city/lucknow/up-four-in-bmw-die-chasing-300kmph-on-facebook-live/articleshow/94903833.cms
"('Urgent action on cyberbullying is vital', 'irish examiner', '2013-09-28')",Regular Group->Regular Group,Regular Group,Regular Group,User Safety_Harassment&Bullying,Death,Online,https://www.irishexaminer.com/opinion/columnists/arid-20244553.html
"('US congresswomen with Korean roots pull support of candidate for anti-China comments', 'the korea times', '2021-04-05')",Regular Group->Regular Group,Regular Group,Regular Group,User Safety_Broken Harmony,Legal Action,Social Media,https://www.koreatimes.co.kr/world/20210405/us-congresswomen-with-koreaRegular Groupoots-pull-support-of-candidate-for-anti-china-comments
"('US man eats 40 chickens for 40 days, documents his journey on Twitter', 'the hindustan times', '2022-11-08')",Influential Individual->Regular Group,Influential Individual,Regular Group,User Safety_Broken Harmony,,Twitter,https://www.hindustantimes.com/trending/us-man-eats-40-chickens-for-40-days-documents-his-journey-on-twitter-101667912141548.html
"('UVA rape story trial highlights struggle to report on sexual assault in Trump era', 'the guardian', '2016-10-24')",Regular Group->Regular Group,Regular Group,Regular Group,User Safety_Broken Harmony,,Twitter,https://www.theguardian.com/us-news/2016/oct/24/trump-sexual-misconduct-accusers-uva-rape-story-rolling-stone
"('Vancouver rioters named in online 'vigilante' campaign', 'the guardian', '2011-07-01')",Regular Group->Influential Individual,Regular Group,Influential Individual,User Safety_Harassment&Bullying,Restricted from job/school,Facebook,https://www.theguardian.com/world/2011/jun/30/vancouver-rioters-internet-campaign
"('Verbraucherschützer mahnen Facebook ab', 'die tageszeitung', '2015-02-27')",Regular Group->S,Regular Group,S,User Safety_Personal Information,Legal Action,Facebook,https://www.dw.com/de/verbrauchersch%C3%BCtzer-mahnen-facebook-ab/a-18282622
"('Video of an Arrest in San Francisco Triggers Investigations Into Deputies' Use of Force', 'new york times', '2015-11-16')",Influential Individual->Regular Group,Influential Individual,Regular Group,User Safety_Broken Harmony,Legal Action,Online,https://www.nytimes.com/2015/11/17/us/video-of-an-arrest-in-san-francisco-triggers-investigations-into-deputies-use-of-force.html
"('Video of celebratory firing goes viral, youth in police net', 'the times of india', '2019-08-13')",Regular Individual->Regular Group,Regular Individual,Regular Group,User Safety_Broken Harmony,Legal Action,TikTok,https://timesofindia.indiatimes.com/city/delhi/video-of-celebratory-firing-goes-viral-youth-in-police-net/articleshow/70650657.cms
"('Video of Fans Stirs Anxiety Over Racism', 'new york times', '2015-02-19')",Regular Individual->Regular Group,Regular Individual,Regular Group,User Safety_Broken Harmony,,Youtube,https://www.nytimes.com/2015/02/19/world/europe/video-shows-chelsea-soccer-fans-iRegular Groupacist-behavior.html
"('Video of former kotedar shot dead in presence cops goes viral on social media', 'the hindustan times', '2022-11-28')",Influential Individual->Regular Group,Influential Individual,Regular Group,User Safety_Broken Harmony,Legal Action,Twitter,https://www.hindustantimes.com/cities/lucknow-news/video-of-former-kotedar-shot-dead-in-presence-cops-goes-viral-on-social-media-101669575743356.html
"('Video of La Mesa police officer throwing handcuffed teen to ground sparks outrage', 'los angeles times', '2018-01-21')",Regular Individual->Regular Group,Regular Individual,Regular Group,User Safety_Broken Harmony,Protective Measures,Social Media,https://www.latimes.com/local/lanow/la-me-ln-sd-la-mesa-officer-20180121-story.html
"('Video of Tanushree Dutta's car being attacked in 2008 goes viral', 'the hindustan times', '2018-10-01')",Influential Individual->Regular Group,Influential Individual,Regular Group,User Safety_Broken Harmony,,Online,https://www.hindustantimes.com/bollywood/video-of-tanushree-dutta-s-car-being-attacked-in-2008-goes-viral/story-dsi9m5Nq7cn7hEHYHMVtOJ.html
"('Video Shatters Public's Image Of Hoops Cop', 'new york times', '2020-08-16')",Influential Individual->Regular Group,Influential Individual,Regular Group,User Safety_Broken Harmony,Public Backlash ,Social Media,https://www.nytimes.com/2020/08/15/us/politics/basketball-cop-gainesville-police.html
"('Video shows MLA using abusive language, he defends', 'the hindustan times', '2018-04-29')",Regular Individual->Regular Group,Regular Individual,Regular Group,User Safety_Broken Harmony,,Social Media,https://www.hindustantimes.com/jaipur/video-shows-mla-using-abusive-language-he-defends/story-B3hFHOUuUfLZYvG240QuII.html
"('Vietnam criticised for 'totalitarian' law banning online criticism of government', 'the guardian', '2019-01-02')",Influential Individual->Regular Group,Influential Individual,Regular Group,User Safety_Censorship & Retribution,,Online,https://www.theguardian.com/world/2019/jan/02/vietnam-criticised-for-totalitarian-law-banning-online-criticism-of-government
"('Viral clip shows two traffic cops thrashing man', 'the times of india', '2018-03-01')",Regular Individual->Regular Group,Regular Individual,Regular Group,User Safety_Broken Harmony,,Social Media,https://www.aninews.in/news/national/general-news/viral-video-shows-two-traffic-cops-thrashing-man201803011419360001/
"('Viral tourist videos spur curbs, fines', 'the times of india', '2021-07-10')",Regular Group->Regular Group,Regular Group,Regular Group,User Safety_Dangerous Misinformation & Endangerment,Address Misinformation,Online,https://timesofindia.indiatimes.com/city/dehradun/after-viral-pics-of-crowds-covid-curbs-kick-in-at-manali-mussoorie-nainital/articleshow/84276504.cms
"('Viral video of attack on Asian couple leads to 15-year-old’s arrest months later, police say', 'the washington post', '2021-04-03')",Regular Individual->Regular Group,Regular Individual,Regular Group,User Safety_Broken Harmony,Legal Action,Online,https://www.washingtonpost.com/nation/2021/04/03/tacoma-teen-arrested-asian-assault/
"('Viral videos show booze &amp; dance at MP police station', 'the times of india', '2022-03-23')",Regular Group->Regular Group,Regular Group,Regular Group,User Safety_Broken Harmony,Restricted from job/school,Online,https://timesofindia.indiatimes.com/city/bhopal/viral-videos-show-booze-dance-at-madhya-pradesh-police-station-probe-ordered/articleshow/90386438.cms
"('Virat Kohli faces Twitter flak after trying to look taller than Karman Kaur Thandi', 'the hindustan times', '2018-10-10')",Regular Group->Regular Group,Regular Group,Regular Group,User Safety_Broken Harmony,,Social Media,https://www.hindustantimes.com/cricket/virat-kohli-faces-twitter-flak-after-trying-to-look-taller-than-karman-kaur-thandi/story-VZsWnw63tanFV0dYoykj9J.html
"('Web Watchdogs Dig for Privacy Flaws, Bark Loud', 'wall street journal', '2010-06-10')",S->Regular Group,S,Regular Group,User Safety_Personal Information,,Facebook,https://www.wsj.com/articles/SB10001424052748704312104575298561398856680
"('What Followers You Have, Granny. The Better to Sell to You With, My Dear.', 'new york times', '2016-11-03')",S->Regular Group,S,Regular Group,User Safety_Safety Risk of Social Media Overuse,,Social Media,https://www.nytimes.com/2016/11/03/books/review-attention-merchants-tim-wu.html
"('What's happening in France? Videos show Paris burning in protest', 'the hindustan times', '2023-03-17')",Regular Group->Regular Group,Regular Group,Regular Group,User Safety_Broken Harmony,,Online,https://www.hindustantimes.com/world-news/france-protests-emmanuel-macron-what-s-happening-in-france-videos-show-paris-burning-in-protest-101679020307667.html
"('When Kevin Durant went down, Twitter’s armchair doctors went wild. Real medical pros made diagnoses.', 'the washington post', '2019-05-10')",Regular Group->Influential Individual,Regular Group,Influential Individual,User Safety_Dangerous Misinformation & Endangerment,,Twitter,https://www.washingtonpost.com/sports/2019/05/10/when-durant-went-down-twitters-armchair-doctors-went-wild-real-medical-pros-made-diagnoses/
"('When school fights go viral', 'the washington post', '2012-03-04')",Regular Group->Regular Individual,Regular Group,Regular Individual,User Safety_Harassment&Bullying,,Youtube,https://www.washingtonpost.com/local/education/when-school-fights-land-on-youtube/2012/02/25/gIQAyrujkR_story.html
"('Who's afraid of viral videos on the drug menace in Punjab?', 'the hindustan times', '2018-07-01')",Regular Group->Regular Group,Regular Group,Regular Group,User Safety_Broken Harmony,,Online,https://www.hindustantimes.com/columns/who-s-afraid-of-viral-videos-on-the-drug-menace-in-punjab/story-o4wk55Jd9zfCuhSNL1lLiP.html
"('Why are ketamine ads following me around the internet?', 'new york times', '2023-02-28')",S->Regular Group,S,Regular Group,User Safety_Safety Risk of Social Media Overuse,,TikTok,https://www.nytimes.com/2023/03/01/opinion/ketamine-ads-depression-anxiety.html
"('Why are people on TikTok obsessed with Little Miss quizzes? And are they harvesting my data?', 'the guardian', '2022-08-03')",S->Regular Group,S,Regular Group,User Safety_Personal Information,,TikTok,https://www.theguardian.com/culture/2022/aug/03/little-miss-personalilty-quiz-tiktok-are-they-harvesting-my-data
"('Woman boxer assaulted in Kolkata, three held after social media post', 'the hindustan times', '2019-06-29')",Influential Individual->Regular Group,Influential Individual,Regular Group,User Safety_Broken Harmony,Legal Action,Social Media,https://www.hindustantimes.com/india-news/woman-boxer-assaulted-in-kolkata-three-held-after-social-media-post/story-znplzvHao1qNElTvg5jScL.html
"('Woman demands full refund from wedding photographer after divorce. WhatsApp chat goes viral', 'the hindustan times', '2023-05-08')",Regular Individual->Regular Group,Regular Individual,Regular Group,User Safety_Broken Harmony,,Twitter,https://www.hindustantimes.com/trending/woman-demands-full-refund-from-wedding-photographer-after-divorce-whatsapp-chat-goes-viral-101683539707084.html
"('Woman in viral video arrested for torturing minor daughter', 'the times of india', '2018-09-06')",Regular Individual->Regular Group,Regular Individual,Regular Group,User Safety_Broken Harmony,Legal Action,Social Media,https://timesofindia.indiatimes.com/city/hubballi/womaInfluential Groupn-viral-video-arrested-for-torturing-minor-daughter/articleshow/65692641.cms
"('Would-be refugee hosts flaunt size of gardens in social media 'free for all'', 'the daily telegraph', '2022-03-19')",Regular Group->Regular Group,Regular Group,Regular Group,User Safety_Broken Harmony,Protective Measures,Facebook ,https://www.telegraph.co.uk/news/2022/03/18/britons-engage-bidding-war-house-ukrainiaRegular Groupefugees-social-media/
"('Young charity busker barred by Facebook', 'the daily telegraph', '2015-02-13')",S->Regular Group,S,Regular Group,User Safety_Broken Harmony,Public Backlash,Facebook,https://www.telegraph.co.uk/news/uknews/11407804/Mean-hearted-Facebook-shuts-down-violin-girls-30k-charity-page.html
"('YouTube banned in Sudan', 'bbc monitoring newsfile', '2008-08-02')",Regular Individual->Regular Group,Influential Individual,Regular Group,User Safety_Broken Harmony,Public Protest,Youtube,https://sudantribune.com/article28083/
"('YouTube Cracks Down on Far-Right Videos as Conspiracy Theories Spread', 'new york times', '2018-03-03')",Regular Group->Regular Group,Regular Group,Regular Group,User Safety_Dangerous Misinformation & Endangerment,"Protective Measures, Remove Content",Youtube,https://www.nytimes.com/2018/03/03/technology/youtube-right-wing-channels.html
"('YouTube prank gone awry led to shooting at Va. mall, victim’s family says', 'the washington post', '2023-04-05')",Influential Individual->Regular Group,Influential Individual,Regular Group,User Safety_Safety Risk of Social Media Overuse,Violent Behavior,Youtube,https://www.washingtonpost.com/dc-md-va/2023/04/05/youtube-prank-dulles-town-center-shooting/
"('YouTuber Etika found dead in East River, following a series of erratic videos and police confrontations', 'the washington post', '2019-06-25')",Influential Individual->Regular Group,Influential Individual,Regular Group,User Safety_Suicide&Self-harm,"Content Removal, Death",Youtube,https://www.washingtonpost.com/lifestyle/2019/06/25/youtuber-etika-found-dead-east-river-following-series-erratic-videos-police-confrontations/
"(Addiction to digital media linked to more psychiatric problems in teens: study, xinhua news agency - ceis, 2018-07-18)",S->Regular Group,S,Regular Group,User Safety_Safety Risk of Social Media Overuse,Mental Health,Online,http://www.xinhuanet.com/english/2018-07/18/c_137331423.htm
"(Adnan Sami gives a befitting reply to social media troll on Pakistan's national dish nihari, the times of india, 2020-07-22)",Regular Group->Influential Individual,Regular Group,Influential Individual,User Safety_Harassment&Bullying,,Twitter,https://timesofindia.indiatimes.com/entertainment/hindi/bollywood/news/adnan-sami-gives-a-befitting-reply-to-social-media-troll-on-pakistans-national-dish-nihari/articleshow/77085867.cms
"(Airline Tweets, but Its Message Hits False Note, new york times, 2014-11-29)",Influential Individual->Regular Group,Influential Individual,Regular Group,User Safety_Broken Harmony,Public Apology,Twitter,https://www.nytimes.com/2014/11/29/world/asia/malaysia-airlines-tweet-sends-wrong-message.html
"(Bank details of Indians on sale online for Rs 500: MP cops, the times of india, 2017-10-17)",Regular Group->Regular Group,Regular Group,Regular Group,User Safety_Personal Information,Legal Action,Online,https://timesofindia.indiatimes.com/india/bank-details-of-indians-on-sale-online-for-500-mp-cops/articleshow/61109515.cms
"(Belarusian KGB said to arrest administrators of opposition online groups, bbc monitoring former soviet union, 2012-08-30)",Influential Individual->Regular Group,Influential Individual,Regular Group,User Safety_Censorship & Retribution,Legal Action,Vkontakte,https://www.rt.com/russia/services-opposition-groups-social-952/
"(Betrayal and bombast: the surreal story of the Terry v Bridge scandal, the guardian, 2020-05-03)",Regular Group->Influential Individual,Regular Group,Influential Individual,User Safety_Personal Information,,Social Media,https://www.theguardian.com/football/2020/may/03/betrayal-and-bombast-surreal-story-terry-v-bridge-scandal
"(Bolly Buzz: Kangana Ranaut's Twitter handle restricted, Rhea Chakraborty snapped buying flowers, the times of india, 2021-01-21)",Influential Individual->Regular Group,Influential Individual,Regular Group,User Safety_Broken Harmony,Banned from Social Media,Twitter,https://timesofindia.indiatimes.com/entertainment/hindi/bollywood/news/bolly-buzz-kangana-ranauts-twitter-handle-restricted-rhea-chakraborty-snapped-buying-flowers/articleshow/80368881.cms
"(BUSINESS; Musk, brother probed by SEC; Agency investigates Kimbal Musk's sale of Tesla stock just before CEO's Twitter poll., los angeles times, 2022-02-25)",Influential Individual->Regular Group,Influential Individual,Regular Group,User Safety_Broken Harmony,Protective Measures,Twitter,https://www.latimes.com/business/technology/story/2022-02-24/sec-probes-stock-sales-by-elon-musk-and-brother-kimbal
"(Camera Wars at Protest; Police, Demonstrators Both Seek to Use Video of Occupy Wall Street to Advantage, wall street journal, 2011-10-13)",Regular Group->Regular Group,Regular Group,Regular Group,User Safety_Broken Harmony,Legal Action,Youtube,https://www.wsj.com/articles/SB10001424052970204002304576627552817566580
"(China to question Apple about use of app streaming to beat censors, the guardian, 2017-04-20)",Influential Individual->Regular Group,Influential Individual,Regular Group,User Safety_Censorship & Retribution,Create uncensored platform,Online,https://www.theguardian.com/world/2017/apr/20/china-to-question-apple-about-use-of-app-streaming-to-beat-censors
"(China's clinic for its internet junkies, the daily telegraph, 2007-03-13)",Regular Individual->Regular Individual,Regular Individual,Regular Individual,User Safety_Safety Risk of Social Media Overuse,Protective Measures,Internet Game,https://www.telegraph.co.uk/news/worldnews/1545382/Chinas-clinic-for-its-internet-junkies.html
"(Column: So what if Black activists become pawns in Trump's evil reelection plan?, los angeles times, 2020-09-05)",Regular Group->Regular Group,Regular Group,Regular Group,User Safety_Harassment&Bullying,,Social Media,https://www.latimes.com/california/story/2020-09-05/biden-trump-kamala-protest-democrat-activist-black-lives-matter-police-riot
"(Death toll now 14, viral video of alleged stampede surfaces, the hindustan times, 2023-04-19)",Regular Group->Regular Group,Regular Group,Regular Group,User Safety_Broken Harmony,,Social Media,https://www.hindustantimes.com/cities/mumbai-news/heatstroke-deaths-at-maharashtra-bhushan-award-ceremony-rise-to-14-as-video-of-possible-stampede-emerges-on-social-media-101681843767095.html
"(E. Jean Carroll Seeks More Damages After Trump's 'Whack Job' Comments; Representatives for columnist say Trump's remarks on CNN provide further evidence that he has acted maliciously, wall street journal, 2023-05-23)",Influential Individual->Influential Individual,Influential Individual,Influential Individual,User Safety_Harassment&Bullying,Legal Action,Social Media,https://www.wsj.com/us-news/law/donald-trump-accuser-e-jean-carroll-seeks-further-damages-after-whack-job-comments-98e1a6f9
"(Ensure no meddling in LS polls, Twitter told, the times of india, 2019-02-26)",S->Regular Group,S,Regular Group,User Safety_Dangerous Misinformation & Endangerment,Regulatory Inquiry,Social Media,https://www.indiatvnews.com/elections/lok-sabha-elections-2019-ensure-no-foreigInfluential Groupnfluence-in-ls-polls-parliamentary-panel-tells-twitter-506379
"(Exclusive - Bigg Boss 14's Sonali Phogat on trolls mocking her western looks in new song and age shaming her: 'Jalti hai duniya jalane waala chahiye', the times of india, 2021-05-23)",Regular Group->Influential Individual,Regular Group,Influential Individual,User Safety_Harassment&Bullying,,Social Media,https://timesofindia.indiatimes.com/tv/news/hindi/exclusive-bigg-boss-14s-sonali-phogat-on-trolls-mocking-her-western-looks-in-her-new-song-jalti-hai-duniya-jalane-waala-chahiye/articleshow/82849087.cms
"(Facebook ad settlement contested; Children's advocates want parents' explicit permission before teens' data are used., los angeles times, 2014-02-14)",S->Regular Group,S,Regular Group,User Safety_Personal Information,Legal Action,Facebook,https://www.latimes.com/business/technology/la-fi-tn-facebook-social-ads-settlement-under-fire-from-childrens-advocates-20140213-story.html
"(Facebook misled parents and failed to protect children’s privacy – US regulator, irish examiner, 2023-05-03)",S->Regular Group,S,Regular Group,User Safety_Personal Information,Legal Action,Facebook,https://www.irishexaminer.com/world/arid-41130952.html
"(Facebook says it has taken down 7 million posts for spreading coronavirus misinformation, the washington post, 2020-08-11)",Regular Group->Regular Group,Regular Group,Regular Group,User Safety_Dangerous Misinformation & Endangerment,Social Media Policy Change,Facebook,https://www.washingtonpost.com/technology/2020/08/11/facebook-covid-misinformation-takedowns/
"(Facebook Says It Will Remove Coronavirus Vaccine Misinformation, new york times, 2020-12-03)",Regular Group->Regular Group,Regular Group,Regular Group,User Safety_Dangerous Misinformation & Endangerment,Social Media Policy Change,Facebook,https://www.nytimes.com/2020/12/03/technology/facebook-coronavirus-vaccine-misinformation.html
"(Facebook Steps Up Curbs on Bullying, wall street journal, 2018-10-03)",Regular Group->Regular Group,Regular Group,Regular Group,User Safety_Harassment&Bullying,Social Media Policy Change,Facebook,https://www.wsj.com/articles/facebook-takes-new-steps-against-bullying-1538497575
"(False claim that CDC would require covid vaccines for kids goes viral, the washington post, 2022-10-19)",Regular Individual->Regular Group,Regular Individual,Regular Group,User Safety_Dangerous Misinformation & Endangerment,Address Misinformation,Twitter,https://www.washingtonpost.com/health/2022/10/19/covid-vaccines-children-cdc-disinformation/
"(Goa assembly elections: TMC, Congress in Twitter feud over tie-up plans, the times of india, 2022-01-17)",Influential Individual->Regular Group,Influential Individual,Regular Group,User Safety_Broken Harmony,,Twitter,https://timesofindia.indiatimes.com/city/goa/goa-assembly-elections-tmc-congress-in-twitter-feud-over-tie-up-plans/articleshow/88925774.cms
"(Harassed Online, She Remains Determined to Enlist in the Marines, new york times, 2017-03-14)",Regular Group->Regular Individual,Regular Group,Regular Individual,User Safety_Harassment&Bullying,Enforcement,Facebook,https://www.nytimes.com/2017/03/14/us/harassed-online-she-remains-determined-to-enlist-in-the-marines.html
"(Harvard to end online misinformation project, the washington post, 2023-02-04)",Regular Group->Regular Group,Regular Group,Regular Group,User Safety_Harassment&Bullying,,Online,https://www.washingtonpost.com/technology/2023/02/02/misinformation-harvard-donovan-close/
"(Hollywood condemns Terry Gilliam for #MeToo comments, the guardian, 2018-03-17)",Regular Group->Regular Group,Regular Group,Regular Group,User Safety_Broken Harmony,,Twitter,https://www.theguardian.com/film/2018/mar/17/hollywood-condemns-terry-gilliam-for-metoo-comments-mob-rule-weinstein
"(How the 'Bring Back Our Girls' Tweets Changed a War in Nigeria; A well-meaning social-media campaign to free young women kidnapped by Boko Haram galvanized rescue efforts—and may have spurred the jihadist group to expand its use of gender violence, wall street journal, 2021-02-20)",Regular Group->Regular Group,Regular Group,Regular Group,User Safety_Broken Harmony,"Public Protest, Violent Behavior",Social Media,https://www.wsj.com/world/middle-east/how-the-bring-back-our-girls-tweets-changed-a-war-in-nigeria-11613797261
"(IBM under fire for lifting social media photos without permission, the daily telegraph, 2019-03-13)",Influential Individual->Regular Group,Influential Individual,Regular Group,User Safety_Broken Harmony,Public Apology,Social Media,https://www.telegraph.co.uk/technology/2019/03/12/ibm-criticised-collecting-social-media-photos-facial-recognition/
"(In new sanctions list, Ukraine targets Russian social-media sites, the washington post, 2017-05-16)",Influential Individual->Regular Group,Influential Individual,Regular Group,User Safety_Censorship & Retribution,,Online,https://www.washingtonpost.com/world/in-new-sanctions-list-ukraine-blocks-russian-social-media-sites/2017/05/16/a982ab4e-3a16-11e7-9e48-c4f199710b69_story.html
"(It’s not just Meghan and Kate – all women need social media protection, the guardian, 2019-01-31)",Regular Group->Influential Group,Regular Group,Influential Individual,User Safety_Harassment&Bullying,,"Instagram, Twitter",https://www.theguardian.com/commentisfree/2019/jan/30/meghan-kate-women-social-media-twitter-instagram
"(Joy Reid, MSNBC Host, Apologizes Again as More Incendiary Blog Posts Surface, new york times, 2018-06-01)",Influential Individual->Regular Group,Influential Individual,Regular Group,User Safety_Broken Harmony,Public Apology,Online Blog,https://www.nytimes.com/2018/06/01/business/media/joy-reid-msnbc-apology.html
"(K'taka govt to introduce new cyber law to contain fake news, the times of india, 2023-08-02)",Regular Group->Influential Individual,Regular Group,Influential Individual,User Safety_Dangerous Misinformation & Endangerment,Legisliation,Social Media,https://timesofindia.indiatimes.com/india/karnataka-to-enact-new-cyber-law-to-contain-fake-news-spread/articleshow/102330820.cms
"(Karachi: Culprit in viral harassment video arrested, the nation, 2023-08-18)",Regular Group->Regular Group,Regular Group,Regular Group,User Safety_Broken Harmony,Legal Action,Social Media,https://www.inp.net.pk/news-detail/pakistan/karachi-culprit-in-viral-harassment-video-arrested
"(Khushi Kapoor says people made fun of her for not looking like Sridevi or Janhvi Kapoor: ‘It affected the way I would eat’, the hindustan times, 2020-05-17)",Regular Group->Influential Individual,Regular Group,Influential Individual,User Safety_Harassment&Bullying,,Online,https://www.hindustantimes.com/bollywood/khushi-kapoor-says-people-made-fun-of-her-for-not-looking-like-sridevi-or-janhvi-kapoor-it-affected-the-way-i-would-eat/story-tlkbOWlQ8onDShz8XarvPI.html
"(Kim Kardashian and mom cried for days when sex tape was put online, the hindustan times, 2011-11-11)",Regular Individual->Influential Individual,Regular Individual,Influential Individual,User Safety_Personal Information,Mental Health,Online,https://www.hindustantimes.com/entertainment/kardashian-mom-cried-for-days-when-sex-tape-leaked/story-O0KtSMYUNUT8GFRnjHAkVI.html
"(Law of the land must be followed: Govt on Karnataka HC's order dismissing Twitter's plea against content takedown, the times of india, 2023-07-01)",Influential Individual->S,Influential Individual,S,User Safety_Censorship & Retribution,Legal Action,Twitter,https://economictimes.indiatimes.com/news/india/law-of-land-must-be-followed-ashwini-vaishnaw-on-twitter-verdict/articleshow/101401617.cms?from=mdr
"(Listen to ‘The Daily’: When Facebook Rumors Incite Real Violence, new york times, 2018-05-16)",Regular Group->Regular Group,Regular Group,Regular Group,User Safety_Dangerous Misinformation & Endangerment,"Misinformation led to action, Violent Behavior","WhatsApp, Facebook",https://www.nytimes.com/2018/05/16/podcasts/the-daily/facebook-sri-lanka-violence.html
"(Mark Zuckerberg accused of abusing power after Facebook deletes 'napalm girl' post, the guardian, 2016-09-09)",S->Regular Group,S,Regular Group,User Safety_Broken Harmony,Public Backlash,Facebook,https://www.theguardian.com/technology/2016/sep/08/facebook-mark-zuckerberg-napalm-girl-photo-vietnam-war
"(Married to an angry online commenter, the washington post, 2019-02-15)",Regular Individual->Regular Individual,Regular Individual,Regular Individual,User Safety_Harassment&Bullying,,Facebook ,https://www.washingtonpost.com/lifestyle/style/carolyn-hax-angry-comments-on-news-sites-and-facebook-thats-my-husband/2019/02/14/f7606b06-2e59-11e9-8ad3-9a5b113ecd3c_story.html
"(Mental disorders brought on by internet and technology, the times of india, 2018-01-03)",S->Regular Group,S,Regular Group,User Safety_Safety Risk of Social Media Overuse,,Online,http://timesofindia.indiatimes.com/life-style/health-fitness/health-news/mental-disorders-brought-on-by-internet-and-technology/articleshow/62336248.cms
"(Military officials deliberate digitisation of terrorism &amp; social media misuse, the times of india, 2018-09-22)",Regular Group->Regular Group,Regular Group,Regular Group,User Safety_Dangerous Misinformation & Endangerment,,Social Media,https://timesofindia.indiatimes.com/india/military-officials-deliberate-digitisation-of-terrorism-social-media-misuse/articleshow/65903393.cms
"(Mumbai teen jumps to death, cops suspect links to online suicide game Blue Whale challenge, the hindustan times, 2017-07-31)",Influential Individual->Regular Individual,Influential Individual,Regular Individual,User Safety_Suicide&Self-harm,Death,Game,https://www.hindustantimes.com/mumbai-news/14-year-old-jumps-to-death-in-mumbai-police-suspect-links-to-blue-whale-challenge/story-71oBWo4zHkLMntqzHt61jM.html
"(O.C. college professor accused of racism in street encounter caught on viral video, los angeles times, 2018-03-06),",Regular Individual->Regular Group,Regular Individual,Regular Group,User Safety_Broken Harmony,Public Backlash,Facebook ,https://www.latimes.com/local/lanow/la-me-professor-racist-accusations-20180306-story.html
"(Online predators indulge in character assassination, the times of india, 2012-12-26)",Regular Individual->Regular Individual,Regular Individual,Regular Individual,User Safety_Harassment&Bullying,,Online,https://timesofindia.indiatimes.com/city/nagpur/online-predators-indulge-in-character-assassination/articleshow/17751097.cms
"(Pilibhit tiger attacks trigger fake images, videos of big cats in Bareilly?, the times of india, 2017-10-08)",Regular Group->Regular Group,Regular Group,Regular Group,User Safety_Dangerous Misinformation & Endangerment,,Social Media,https://timesofindia.indiatimes.com/city/bareilly/pilibhit-tiger-attacks-trigger-fake-images-videos-of-big-cats-in-bareilly/articleshow/60987746.cms
"(Police Detain Maker of Uganda Video, new york times, 2012-03-16)",Influential Individual->Regular Group,Influential Individual,Regular Group,User Safety_Broken Harmony,,Youtube,https://www.nytimes.com/2012/03/17/us/jasoRegular Groupussell-kony-2012-filmmaker-hospitalized.html
"(Rihanna's sex show tweets see bar owner held, irish examiner, 2013-10-15)",Influential Individual->Regular Group,Influential Individual,Regular Group,User Safety_Broken Harmony,Legal Action,Twitter,https://www.irishexaminer.com/world/arid-20246315.html
"(Schools apologise over students’ use of racist language in video, irish times, 2020-06-13)",Regular Group->Regular Group,Regular Group,Regular Group,User Safety_Broken Harmony,Public Apology,SnapChat,https://www.irishtimes.com/news/ireland/irish-news/athlone-schools-facing-online-accusations-of-racism-1.4277793
"(Senior Tory calls on government to overhaul internet abuse laws, the guardian, 2016-04-13)",Regular Group->Regular Group,Regular Group,Regular Group,User Safety_Harassment&Bullying,Legal Action,Social Media,https://www.theguardian.com/technology/2016/apr/13/britain-needs-better-laws-stop-online-abuse-maria-miller-internet
"(Singer Chinmayi's online petition to block Twitter users posting rape threats garnering support, the times of india, 2017-03-24)",Influential Individual->Regular Group,Influential Individual,Regular Group,User Safety_Broken Harmony,Public Protest,Twitter,https://timesofindia.indiatimes.com/city/chennai/singer-chinmayis-online-petition-to-block-twitter-users-posting-rape-threats-garnering-support/articleshow/57790720.cms
"(Social networking may promote alcohol use, the hindustan times, 2011-12-13)",S->Regular Group,S,Regular Group,User Safety_Suicide&Self-harm,,Facebook,https://www.indiatoday.in/lifestyle/whats-hot/story/social-networking-may-promote-alcohol-use-148632-2011-12-12
"(Target of fake news, says Shalabh Kumar, the times of india, 2017-02-28)",Influential Group->Influential Individual,Influential Group,Influential Individual,User Safety_Dangerous Misinformation & Endangerment,,Online,https://timesofindia.indiatimes.com/india/man-eyeing-us-envoy-post-says-hes-target-of-fake-news/articleshow/57382958.cms
"(Technology: Inside IT: Log on and join in, but beware the web cults, the guardian, 2005-12-15)",Regular Group->Influential Individual,Regular Group,Influential Individual,User Safety_Dangerous Misinformation & Endangerment,,Wikipedia,https://www.theguardian.com/technology/2005/dec/15/wikipedia.web20
"(Teen climbing 6th Street bridge for social media stunt fell to his death, LAPD chief says, los angeles times, 2023-05-24)",S->Regular Individual,S,Regular Individual,User Safety_Safety Risk of Social Media Overuse,Death,Social Media,https://www.latimes.com/california/story/2023-05-24/teen-dies-falling-off-6th-street-bridge
"(Thai company withdraws skin whitening ad after social media outrage, bbc monitoring asia pacific, 2016-01-09)",Influential Individual->Regular Group,Influential Individual,Regular Group,User Safety_Broken Harmony,"Public Backlash, Remove Content",Youtube,https://www.reuters.com/article/lifestyle/thai-skin-whitening-ad-sparks-outrage-on-social-media-idUSKBN0UM195/
"(Thane: Dombivli-based developer facing many criminal cases arrested over controversial videos, the times of india, 2022-11-02)",Influential Individual->Regular Group,Influential Individual,Regular Group,User Safety_Broken Harmony,Legal Action,Instagram,https://timesofindia.indiatimes.com/city/thane/thane-dombivli-based-developer-with-many-criminal-cases-arrested-over-controversial-videos/articleshow/95236041.cms
"(The war in Ukraine doesn’t need your ‘likes’, the washington post, 2022-03-02)",Regular Group->Regular Group,Regular Group,Regular Group,User Safety_Safety Risk of Social Media Overuse,,Social Media,https://www.washingtonpost.com/opinions/2022/03/02/ukraine-russia-social-media-unseemly-war-fandom/
"(The White House Covid Censorship Machine; Newly released emails show how officials coerce social-media companies to toe the government line., wall street journal, 2023-01-08)",S->Regular Group,S,Regular Group,User Safety_Dangerous Misinformation & Endangerment,Legislation,Social Media,https://www.wsj.com/articles/white-house-covid-censorship-machine-social-media-facebook-meta-executive-rob-flaherty-free-speech-google-11673203704
"(Tory peer's anti-Labour tweets have 'cast a stain' on Ofcom, says Harriet Harman, the guardian, 2015-01-30)",Influential Individual->Regular Group,Influential Individual,Regular Group,User Safety_Broken Harmony,"Public Apology, Leave Social Media",Twitter,https://www.theguardian.com/media/2015/jan/30/tory-peer-lady-noakes-ofcom-harriet-harman
"(Trolls target Udhayanidhi for posting photo of Ganesha idol on Twitter, the times of india, 2020-08-26)",Influential Individual->Regular Group,Influential Individual,Regular Group,User Safety_Broken Harmony,Public Backlash,Twitter,https://timesofindia.indiatimes.com/city/chennai/trolls-target-udhayanidhi-stalin-for-posting-photo-of-ganesha-idol-on-twitter/articleshow/77754667.cms
"(Trump-Russia investigation may target Reddit posts, says senator's aide, the guardian, 2017-09-27)",S->Regular Group,S,Regular Group,User Safety_Dangerous Misinformation & Endangerment,,Reddit,https://www.theguardian.com/technology/2017/sep/27/trump-russia-investigatioRegular Groupeddit
"(Trump’s Tweets Attacking Obama, new york times, 2017-03-06)",Influential Individual->Influential Individual,Influential Individual,Influential Individual,User Safety_Dangerous Misinformation & Endangerment,Address Misinformation,Twitter,https://www.nytimes.com/2017/03/06/opinion/trumps-tweets-attacking-obama.html
"(Tweets by Moily, son leave Cong red-faced, the times of india, 2018-03-17)",Influential Group->Regular Group,Influential Group,Regular Group,User Safety_Broken Harmony,,Twitter,https://timesofindia.indiatimes.com/city/bengaluru/cong-left-red-faced-with-moilys-anti-party-tweet/articleshow/63337583.cms
"(Twitter admits 'security incident' led Circle tweets showing for others: Report, the times of india, 2023-05-09)",S->Regular Group,S,Regular Group,User Safety_Personal Information,Public Apology,Twitter,https://timesofindia.indiatimes.com/gadgets-news/twitter-admits-security-incident-led-circle-tweets-showing-for-others-report/articleshow/100060740.cms
"(Twitter blocked in Turkey over suicide attack images, bbc monitoring newsfile, 2015-07-22)",Influential Individual->Regular Group,Influential Individual,Regular Group,User Safety_Censorship & Retribution,,Twitter,https://www.bbc.com/news/world-europe-33619043
"(Twitter bosses face jail if they disclose online surveillance, the daily telegraph, 2015-12-29)",S->Regular Group,S,Regular Group,User Safety_Personal Information,,Ashley Madison,https://www.dailymail.co.uk/news/article-3376791/Social-media-bosses-face-two-years-jail-warn-users-MI5-watching-ministers-lose-patience-tech-giants.html
"(Twitter’s blue check mark was loved and loathed. Now it’s pay for play., the washington post, 2023-03-31)",S->Regular Group,S,Regular Group,User Safety_Broken Harmony,,Twitter,https://www.washingtonpost.com/technology/2023/03/31/twitter-verification-checkmark-ending/
"(Union defends De la Sayette over 'malicious' cocaine video, the daily telegraph, 2021-03-31)",Regular Individual->Regular Group,Regular Individual,Regular Group,User Safety_Broken Harmony,Address Virality,Twitter,https://www.bbc.com/sport/horse-racing/56582146
"(Video of 3 cops violating traffic rules goes viral, the times of india, 2018-09-17)",Regular Individual->Regular Group,Regular Individual,Regular Group,User Safety_Broken Harmony,Legal Action,Online,https://timesofindia.indiatimes.com/city/lucknow/video-of-3-cops-violating-traffic-rules-goes-viral/articleshow/65826504.cms
"(Video of Fatally Wounded Teenager Sparks Palestinian Rage, new york times, 2017-01-17)",Regular Individual->Regular Group,Regular Group,Regular Group,User Safety_Broken Harmony,,Facebook,https://www.nytimes.com/2017/01/17/world/middleeast/israel-video-palestinian-qusai-al-amour.html
"(Video of hippo spanking at L.A. Zoo sparks LAPD investigation, los angeles times, 2018-08-13)",Regular Individual->Regular Group,Regular Individual,Regular Group,User Safety_Broken Harmony,Legal Action,Online,https://www.sandiegouniontribune.com/2018/08/13/video-of-hippo-spanking-at-la-zoo-sparks-lapd-investigation/
"(Video of trans women forced from LA bar prompts hate crime investigation, the guardian, 2019-08-27)",Regular Group->Regular Group,Regular Group,Regular Group,User Safety_Broken Harmony,Legal Action,Online,https://www.theguardian.com/us-news/2019/aug/26/trans-women-bar-la-las-perlas-hate-crim
"(Video of woman criticising 'short dress' choice goes viral, the hindustan times, 2019-05-01)",Regular Individual->Regular Group,Regular Individual,Regular Group,User Safety_Broken Harmony,Public Backlash,Facebook,https://www.hindustantimes.com/gurgaon/video-of-woman-criticising-short-dress-choice-goes-viral/story-buTSXLHcoI5KObypmyJF8M.html
"(When fake news kills: Lynchings in Mexico are linked to viral child-kidnap rumors, los angeles times, 2018-09-21)",Regular Group->Regular Group,Regular Group,Regular Group,User Safety_Dangerous Misinformation & Endangerment,Death,WhatsApp,https://www.latimes.com/world/la-fg-mexico-vigilantes-20180921-story.html
"(Why Facebook Still Seems to Spy on You; The company says we're in charge of our personal data, but it remains difficult to control ad tracking, wall street journal, 2019-02-28)",S->Regular Group,S,Regular Group,User Safety_Personal Information,,Facebook,https://www.wsj.com/articles/facebook-ads-will-follow-you-even-when-your-privacy-settings-are-dialed-up-11551362400
"(Williams's daughter is abused on Twitter, the daily telegraph, 2014-08-14)",Regular Group->Influential Individual,Regular Group,Influential Individual,User Safety_Harassment&Bullying,Leave Social Media,Twitter,https://www.washingtonpost.com/news/the-intersect/wp/2014/08/13/robin-williamss-daughter-zelda-driven-off-twitter-by-vicious-trolls/
"(With suicides livestreamed, FB team to monitor content, the times of india, 2017-05-05)",Regular Individual->Regular Group,Regular Individual,Regular Group,User Safety_Suicide&Self-harm,Protective Measures,Facebook,https://timesofindia.indiatimes.com/india/suicide-videos-facebook-beefs-up-team-to-monitor-content/articleshow/58523818.cms
"(World Briefing | Europe: Germany: Muslims Seek 'Internet Messiah', new york times, 2004-06-25)",Regular Group->Influential Individual,Regular Group,Influential Individual,User Safety_Dangerous Misinformation & Endangerment,Misinformation led to action,www.turkdunya.de,https://www.nytimes.com/2004/06/25/world/world-briefing-europe-germany-muslims-seek-internet-messiah.html
"(Xhaka says those who hurl online abuse are ‘not supporters of my club’, irish times, 2021-02-25)",Regular Group->Influential Individual,Regular Group,Influential Individual,User Safety_Harassment&Bullying,,Social Media,https://www.irishtimes.com/sport/soccer/granit-xhaka-i-wish-i-could-sit-down-with-online-abusers-1.4494113
"(You can report fake news on Delhi Police's site, the times of india, 2020-04-08)",Regular Group->Regular Group,Regular Group,Regular Group,User Safety_Dangerous Misinformation & Endangerment,Legal Action,Social Media,https://timesofindia.indiatimes.com/city/delhi/you-caRegular Groupeport-fake-news-on-delhi-polices-site/articleshow/75019104.cms
"(YouTube Moves to Make Conspiracy Videos Harder to Find, new york times, 2019-01-25)",S->Regular Group,S,Regular Group,User Safety_Dangerous Misinformation & Endangerment,Social Media Policy Change,Youtube,https://www.nytimes.com/2019/01/25/technology/youtube-conspiracy-theory-videos.html
"#UP2US to stop cyberbullying, say students",Regular Group->Regular Group,Regular Group,Regular Group,User Safety_Harassment&Bullying,Protective Measures,Twitter,https://www.irishexaminer.com/news/arid-20258285.html
9 Die in Japan Suicides Tied to Web,Regular Group->Regular Group,Regular Group,Regular Group,User Safety_Suicide&Self-harm,Death,Online,https://www.nytimes.com/2004/10/13/world/asia/9-die-in-japan-suicides-tied-to-web.html
A med-school staffer dived into online groups to debunk coronavirus conspiracy theories. Would anyone listen?,Regular Group->Regular Group,Regular Group,Regular Group,User Safety_Dangerous Misinformation & Endangerment,Address Misinformation,Social Media,https://www.washingtonpost.com/nation/2020/07/18/coronavirus-online-groups-misinformation/
"After Banning Twitter, Nigeria Government Opens Account On India's Koo",Influential Individual->S,Influential Individual,S,User Safety_Censorship & Retribution,,"Twitter, Koo",https://www.ndtv.com/india-news/after-banning-twitter-nigeria-government-opens-account-oInfluential Groupndias-koo-2460884
"After Video Shows Apparent Chokehold, N.Y.P.D. Suspends Officer",Influential Individual->Regular Group,Influential Individual,Regular Group,User Safety_Broken Harmony,Public protest,Online,https://www.nytimes.com/2020/06/21/nyregion/nypd-chokehold-video.html
Agency behind #YourTaxis campaign fired after social media disaster,Regular Group->Regular Group,Regular Group,Regular Group,User Safety_Broken Harmony,"Public Backlash, Restricted from job/school, Public Apology",Twitter,https://www.theguardian.com/australia-news/2015/nov/13/agency-behind-yourtaxis-campaign-fired-after-social-media-disaster
Algorithm 'identifies future trolls from just five posts',Regular Group->Regular Group,Regular Group,Regular Group,User Safety_Harassment&Bullying,,Online,https://www.theguardian.com/technology/2015/apr/17/algorithm-identifies-future-trolls-from-just-five-posts
Anurag Kashyap’s daughter Aaliyah reveals how receiving death threats for her pictures on social media affected her mental health,Regular Group->Influential Individual,Regular Group,Influential Individual,User Safety_Harassment&Bullying,,Instagram,https://timesofindia.indiatimes.com/entertainment/hindi/bollywood/news/anurag-kashyaps-daughter-aaliyah-reveals-how-receiving-death-threats-for-her-pictures-on-social-media-affected-her-mental-health/articleshow/81102583.cms
Arjun Kapoor responds to Instagram user's dig: 'If I was earning ₹16 crore a day I would not need to post this',Regular Group->Regular Group,Regular Group,Regular Group,User Safety_Broken Harmony,,Instagram,https://www.hindustantimes.com/entertainment/bollywood/arjun-kapoor-responds-to-instagram-user-s-dig-at-him-over-donation-for-child-s-treatment-101618494708961.html
Askar Ali defends his 'Kamuki' co-star Aparna from online bullies,Regular Group->Regular Group,Regular Group,Regular Group,User Safety_Broken Harmony,Public Backlash,Facebook,https://timesofindia.indiatimes.com/entertainment/malayalam/movies/news/askar-ali-defends-his-kamuki-co-star-aparna-from-online-bullies/articleshow/64450598.cms
Bangladesh death sentences lead to Facebook ban,Influential Individual->S,Influential Individual,S,User Safety_Censorship & Retribution,,"Facebook, Viber, WhatsApp",https://www.bbc.com/news/world-asia-34860667
Bengal police file FIRs to bust 'fake news' on clashes,Influential Individual->Regular Individual,Influential Individual,Regular Individual,User Safety_Dangerous Misinformation & Endangerment,"Protective Measures, Legal Action","Facebook, Twitter",https://timesofindia.indiatimes.com/city/kolkata/bengal-cops-file-firs-to-bust-fake-news-on-clashes/articleshow/82446299.cms
"Calling Story of Boy and Balloon a Hoax, a Sheriff Will Seek Felony Charges",Regular Individual->Regular Group,Regular Individual,Regular Group,User Safety_Dangerous Misinformation & Endangerment,"Misinformation led to action, Legal Action","TV, Myspace",https://www.nytimes.com/2009/10/19/us/19balloon.html
Calls on social media to boycott Gurgaon restaurant after customers beaten up,Regular Group->Regular Group,Regular Group,Regular Group,User Safety_Broken Harmony,Public Backlash,Facebook,https://www.hindustantimes.com/gurgaon/calls-on-social-media-to-boycott-gurgaoRegular Groupestaurant-after-customers-beaten-up/story-zf0gLYexypWPUS4ZkElC0M.html
"Carry Minati’s viral video taken down by YouTube, Himansh Kohli leads legions of fans in his support",Influential Individual->Regular Group,Influential Individual,Regular Group,User Safety_Broken Harmony,Public Criticism,"Youtube, Tiktok",https://www.hindustantimes.com/bollywood/carry-minati-s-viral-video-taken-down-by-youtube-himansh-kohli-leads-legions-of-fans-in-his-support/story-RrUZMIS1Q5DI8gMqn9Xh9H.html
Cartoonists up in arms over “harmful to youth” rating of webtoons,Influential Individual->Regular Group,Influential Individual,Regular Group,User Safety_Broken Harmony,,Webtoon,https://www.koreatimes.co.kr/southkorea/20120301/cartoonists-up-in-arms-over-harmful-to-youth-rating-of-webtoons
CBSE seeks schools’ help in fighting social media rumours,Regular Group->Regular Group,Regular Group,Regular Group,User Safety_Dangerous Misinformation & Endangerment,Address Misinformation,Social Media,https://timesofindia.indiatimes.com/education/news/cbse-seeks-schools-help-in-fighting-social-media-rumours/articleshow/63546624.cms
Chicago Mayor Backs Policy to Release Police Videos in 60 Days,Influential Individual->Regular Group,Influential Individual,Regular Group,User Safety_Broken Harmony,Public protest,Online,https://www.wsj.com/articles/chicago-mayor-backs-policy-to-release-police-videos-in-60-days-1455663733
China Blocks YouTube After Videos of Tibet Protests Are Posted,S->Regular Group,S,Regular Group,User Safety_Censorship & Retribution,,Youtube,https://www.nytimes.com/2008/03/17/business/media/17youtube.html
China joins a turf war,Regular Group->Regular Group,Regular Group,Regular Group,User Safety_Dangerous Misinformation & Endangerment,Registlation,Online,https://www.theguardian.com/media/2008/sep/22/chinathemedia.marketingandpr
China's state media chides 'false' rumors of coup in N. Korea,Regular Group->Regular Group,Regular Group,Regular Group,User Safety_Dangerous Misinformation & Endangerment,Address Misinformation,Weibo,https://en.yna.co.kr/view/AEN20140929005800315
"Chinese businessman with links to Steve Bannon is driving force for a sprawling disinformation network, researchers say",Influential Group->Regular Group,Regular Group,Regular Group,User Safety_Dangerous Misinformation & Endangerment,,"Facebook, Twitter",https://www.washingtonpost.com/technology/2021/05/17/guo-wengui-disinformation-steve-bannon/
Comment: Open door: The readers' editor on... the distress caused by a freelance's offensive tweets,Regular Individual->Regular Group,Regular Individual,Regular Group,User Safety_Broken Harmony,"Misinformation led to action, Address Misinformation, Public Apology",Twitter,https://www.theguardian.com/commentisfree/2011/jul/10/open-door-kia-abdullah-twitter
Could children one day sue parents for posting baby pics on Facebook?,Regular Individual->Regular Individual,Regular Individual,Regular Individual,User Safety_Safety Risk of Social Media Overuse,,Facebook,https://www.theguardian.com/sustainable-business/2016/may/08/children-sue-parents-facebook-post-baby-photos-privacy
Crackdown on Twitter Brings Criticism of NEC,Influential Group->Regular Group,Influential Group,Regular Group,User Safety_Dangerous Misinformation & Endangerment,Protective Measures,Twitter,https://www.koreatimes.co.kr/amp/business/20100216/crackdown-on-twitter-brings-criticism-of-nec
"Data of 500m LinkedIn users put online for sale, says report",Regular Group->Regular Group,Regular Group,Regular Group,User Safety_Personal Information,Public Message from/to Social Media,LinkedIn,https://edition.cnn.com/2021/04/08/tech/linkedin-data-scraped-hacker-site
Dauerarrest gegen Facebook-Aufwiegler,Regular Individual->Regular Individual,Regular Individual,Regular Individual,User Safety_Harassment&Bullying,Legal Action,Facebook,https://taz.de/!588585/
"Did these boys plan their deaths on the net? A rural community fears that these teenagers formed a suicide pact in online chatrooms and that it could claim even more lives, report NeilTweedie and Tom Peterkin",Regular Group->Regular Group,Regular Group,Regular Group,User Safety_Suicide&Self-harm,Death,Online Chat,https://www.telegraph.co.uk/news/features/3633095/Did-these-boys-plan-their-deaths-on-the-net.html
Donald Trump Blasts ‘Low-Life Leakers’ in New Twitter Attack,Influential Individual->Regular Group,Influential Individual,Regular Group,User Safety_Harassment&Bullying,,Twitter,https://www.wsj.com/articles/donald-trump-blasts-low-life-leakers-in-new-twitter-attack-1487253193
Elon Musk Found Not Liable in Trial Over Tweets Proposing to Take Tesla Private; Jury finds investors failed to prove their claims against the CEO or the electric-car company,Influential Individual->Regular Group,Influential Individual,Regular Group,User Safety_Dangerous Misinformation & Endangerment,Legal Action,Twitter,https://www.wsj.com/articles/elon-musk-found-not-liable-in-trial-over-tweets-proposing-to-take-tesla-private-11675464951
EU to force social network sites to enhance privacy,S->Regular Group,S,Regular Group,User Safety_Personal Information,Legal Action,Facebook,https://www.theguardian.com/media/2011/mar/16/eu-social-network-sites-privacy
"Even in the age of social media, women are in the dark about their bodies and pain",Regular Group->Regular Group,Regular Group,Regular Group,User Safety_Dangerous Misinformation & Endangerment,,Instagram,https://www.theguardian.com/commentisfree/2020/feb/23/teen-magazines-social-media
Facebook apologises for threat to ban 81-year-old for posts about knitted ‘pigs’,S->Regular Group,S,Regular Group,User Safety_Broken Harmony,Public Apology,Facebook,https://www.independent.co.uk/news/world/australasia/facebook-australia-knitted-pig-ban-b1807734.html
Facebook Envy Lures Egyptian Teenagers to Europe and the Migrant Life,Regular Group->Regular Group,Regular Group,Regular Group,User Safety_Dangerous Misinformation & Endangerment,Misinformation led to action,Facebook,https://www.nytimes.com/2016/06/24/world/middleeast/facebook-envy-and-italian-law-lure-egyptian-teenagers-to-europe.html
Facebook freezes Maduro's page over Covid claim,Influential Individual->Regular Group,Influential Individual,Regular Group,User Safety_Dangerous Misinformation & Endangerment,Platform Ban,Facebook,https://www.bbc.com/news/world-latin-america-56551350
Facebook friend uploads morphed photos of woman,Regular Individual->Regular Individual,Regular Individual,Regular Individual,User Safety_Harassment&Bullying,Legal Action,Facebook,https://timesofindia.indiatimes.com/city/gurgaon/fb-friend-uploads-morphed-pics-of-woman/articleshow/59508762.cms
"Facebook is starting to fight misinformation, but inconsistently",S->Regular Group,S,Regular Group,User Safety_Dangerous Misinformation & Endangerment,,Facebook,https://www.washingtonpost.com/opinions/facebook-is-starting-to-fight-misinformation-but-inconsistently/2020/01/04/f06e97de-2e65-11ea-bcd4-24597950008f_story.html
Facebook launches campaign to clamp down on fake vaccine news,Regular Group->Regular Group,Regular Group,Regular Group,User Safety_Dangerous Misinformation & Endangerment,Address Misinformation,Facebook,https://www.irishexaminer.com/business/technology/arid-40241780.html
Facebook removes George Christensen‚Äôs anti-lockdown speech for breaching Covid misinformation policy,Influential Individual->Regular Group,Influential Individual,Regular Group,User Safety_Dangerous Misinformation & Endangerment,"Restriction on social media usage (content remove, ban, etc.)",Facebook ,https://www.theguardian.com/australia-news/2021/aug/11/facebook-removes-george-christensens-anti-lockdown-speech-for-breaching-covid-misinformation-policy
Facebook Says It Will Ban ‘Deepfakes’,Regular Group->Regular Group,Regular Group,Regular Group,User Safety_Dangerous Misinformation & Endangerment,Platform Ban,Facebook,https://www.nytimes.com/2020/01/07/technology/facebook-says-it-will-ban-deepfakes.html
Facebook tests N.J. attorney general's 'abuse' icon,Regular Group->Regular Group,Regular Group,Regular Group,User Safety_Harassment&Bullying,,Facebook,https://abcnews.go.com/Technology/story?id=5747764&page=1
Facebook won’t take down an ad that Rep. Ilhan Omar’s office says could lead to harassment and death threats,Regular Group->Influential Individual,Regular Group,Influential Individual,User Safety_Harassment&Bullying,,Facebook,https://www.washingtonpost.com/technology/2021/05/20/ilhan-omar-facebook-hamas-aipac/
Faceoff: UK's noRegular Groupecognition of Covishield creates storm on Twitter,Influential Individual->Regular Group,Influential Individual,Regular Group,User Safety_Broken Harmony,Public Backlash,Twitter,https://timesofindia.indiatimes.com/india/faceoff-uks-noRegular Groupecognition-of-covishield-creates-storm-on-twitter/articleshow/86394662.cms
Fake news: US has not fired Dr Anthony Fauci,Regular Group->Regular Group,Regular Group,Regular Group,User Safety_Dangerous Misinformation & Endangerment,Address Misinformation,Social Media,https://timesofindia.indiatimes.com/city/pune/fake-news-us-has-not-fired-dr-fauci/articleshow/83879422.cms
Farmers protest: Canada-based pro-Khalistani outfit blamed for organising Twitter toolkit,Influential Group->Regular Group,Influential Group,Regular Group,User Safety_Broken Harmony,,Twitter,https://timesofindia.indiatimes.com/india/farmers-protest-canada-based-pro-khalistani-outfit-blamed-for-organising-twitter-toolkit/articleshow/80695955.cms
FIVE times Abhishek Bachchan shut down trolls with his savage response,Regular Group->Regular Group,Regular Group,Regular Group,User Safety_Broken Harmony,,Twitter,https://timesofindia.indiatimes.com/entertainment/hindi/bollywood/news/five-times-abhishek-bachchan-shut-trolls-with-his-savage-response/photostory/78432918.cms?picid=78432982
Florida: Student Kills Himself in Front of Webcam,Regular Individual->Regular Group,Regular Individual,Regular Group,User Safety_Suicide&Self-harm,,Online,https://www.nytimes.com/2008/11/22/us/22brfs-001.html
Football: Lion City Sailors' Stipe Plazibat makes police report following online abuse,Regular Group->Influential Individual,Regular Group,Influential Individual,User Safety_Harassment&Bullying,Legal Action,Instagram,https://www.straitstimes.com/sport/football/football-lion-city-sailors-stipe-plazibat-makes-police-report-following-online-abuse
Fox News commentator lies: Gavin Newsom’s only hope is voter fraud,Influential Individual->Regular Group,Influential Individual,Regular Group,User Safety_Dangerous Misinformation & Endangerment,,Twitter,https://www.washingtonpost.com/opinions/2021/09/07/tomi-lahren-gavin-newsom-voter-fraud/
Fox News’ handling of Seth Rich story could snag British review of Sky deal,Influential Individual->Influential Individual,Influential Individual,Influential Individual,User Safety_Dangerous Misinformation & Endangerment,,Fox News,https://www.latimes.com/business/hollywood/la-fi-ct-fox-news-seth-rich-sky-20170808-story.html
Glendale Heights hires security firm to review arrest caught on videos that appear to show officer punching woman,Regular Group->Regular Group,Regular Group,Regular Group,User Safety_Broken Harmony,,Social Media,https://www.chicagotribune.com/2020/06/03/glendale-heights-hires-security-firm-to-review-arrest-caught-on-videos-that-appear-to-show-officer-punching-woman/
Global Village Idiot: Settings in the matter of individual versus social media,S->Regular Group,S,Regular Group,User Safety_Personal Information,,"WhatsApp, Facebook",https://www.hindustantimes.com/cities/others/global-village-idiot-settings-in-the-matter-of-individual-versus-social-media-101621593950573.html
"Gorakhpur woman attempts to deliver baby watching YouTube, both die",Regular Individual->Regular Individual,Regular Individual,Regular Individual,User Safety_Dangerous Misinformation & Endangerment,Death,Youtube,https://timesofindia.indiatimes.com/city/lucknow/gorakhpur-woman-tries-to-deliver-by-watching-video-dies/articleshow/68366822.cms
"Haryana Officer Who Asked Cops To ""Crack Heads"" Of Farmers To Face Action",Regular Group->Regular Group,Regular Group,Regular Group,User Safety_Broken Harmony,Public Backlash,Social Media,https://www.ndtv.com/india-news/haryana-officer-who-asked-police-to-crack-heads-of-farmers-will-face-action-says-deputy-chief-minister-2522697
He’ll be fine': Aaron Connolly gets Graham Potter’s backing after being targeted by online trolls,Regular Group->Influential Individual,Regular Group,Influential Individual,User Safety_Harassment&Bullying,,Social Media,https://www.irishexaminer.com/sport/soccer/arid-40222079.html
Hong Kong activist hits out at Beijing in video over missing booksellers,Influential Individual->Regular Group,Influential Individual,Regular Group,User Safety_Broken Harmony,,Facebook,https://www.theguardian.com/world/2016/jan/04/hong-kong-activist-agnes-chow-beijing-missing-booksellers-viral-video
Housing Blogs Throw Stones,Regular Group->Regular Group,Regular Group,Regular Group,User Safety_Harassment&Bullying,,Blogs,https://www.wsj.com/articles/SB122481699525965769
How a Custody Fight Plus QAnon Turned Deadly,Influential Individual->Regular Group,Influential Individual,Regular Group,User Safety_Dangerous Misinformation & Endangerment,Death,"Youtube, Facebook",https://www.wsj.com/arts-culture/books/when-online-conspiracies-turn-deadly-a-custody-battle-and-a-killing-11617376764
"Hundreds, including Navalny’s wife Yulia, detained as protests in his support sweep across Russia",Influential Individual->Regular Group,Influential Individual,Regular Group,User Safety_Broken Harmony,Public protest,Instagram,https://edition.cnn.com/2021/01/23/europe/russia-navalny-oposition-demonstrations-intl
"In a Different Capitol Siege, Republicans in Oregon Call for Accountability",Regular Group->Regular Group,Regular Group,Regular Group,User Safety_Broken Harmony,Public protest,Online,https://www.nytimes.com/2021/06/08/us/oregon-capitol-protest-nearman.html
"In Gabrielle Giffords shooting, many on left quick to lay blame",Regular Group->Regular Group,Regular Group,Regular Group,User Safety_Broken Harmony,,Facebook,https://www.latimes.com/archives/la-xpm-2011-jan-08-la-na-giffords-shooting-media-20110109-story.html
IN THE CLASSROOM; Controversial Website Lets Students Grade Teachers; Some say the site is hurtful and possibly libelous; others consider it a useful tool.,Regular Group->Regular Individual,Regular Group,Regular Individual,User Safety_Harassment&Bullying,"Restriction on social media usage (content remove, ban, etc.)",RateMyTeachers.com,https://www.latimes.com/archives/la-xpm-2004-jan-07-me-class7-story.html
Indian government to take up with Twitter goof-up showing Jammu in Pakistan,S->Regular Group,S,Regular Group,User Safety_Dangerous Misinformation & Endangerment,,Twitter,https://m.economictimes.com/news/politics-and-nation/government-to-take-up-with-twitter-the-goof-up-showing-jammu-in-pakistan-mea/articleshow/51043092.cms
Inflammatory posts on Tablighi Jamaat see a rise on social media,Regular Group->Regular Group,Regular Group,Regular Group,User Safety_Dangerous Misinformation & Endangerment,"Remove Content, Legal Action","Social Media, WhatsApp",https://timesofindia.indiatimes.com/city/gurgaon/inflammatory-posts-on-tablighi-jamaat-see-a-rise-on-social-media/articleshow/75037775.cms
Instagram apologises for promoting weight-loss content to users with eating disorders,S->Regular Group,S,Regular Group,User Safety_Safety Risk of Social Media Overuse,Remove Content,"Facebook, Instagram",https://www.theguardian.com/technology/2021/apr/15/instagram-apologises-for-promoting-weight-loss-content-to-users-with-eating-disorders
Instagram bans 'graphic' self-harm images after Molly Russell's death,S->Regular Individual,S,Regular Individual,User Safety_Suicide&Self-harm,Social Media Policy Change,Instagram,https://www.hindustantimes.com/india-news/kashmiri-student-expelled-booked-over-online-post/story-mNa5em6DYTPtkHL2kF0z6M.html
Instagram Is Adult Entertainment,S->Regular Group,S,Regular Group,User Safety_Safety Risk of Social Media Overuse,,Instagram,https://www.nytimes.com/2021/09/28/opinion/instagram-social-media-children.html
Instagram urged to crack down on eating disorder images,Regular Group->Regular Group,Regular Group,Regular Group,User Safety_Suicide&Self-harm,Social Media Policy Change,Instagram,https://www.theguardian.com/technology/2019/feb/08/instagram-urged-to-crack-down-on-eating-disorder-images
International: Gunman kills 10 at Finnish college before shooting himself in head: Student held by police day earlier over YouTube clip: Second massacre in year reopens gun law debate,Regular Individual->Regular Group,Regular Individual,Regular Group,User Safety_Broken Harmony,Legal Action,Youtube,https://www.nbcnews.com/id/wbna26849077
Internet Firms Facing Questions About Censoring Online Searches in China,S->Regular Group,S,Regular Group,User Safety_Censorship & Retribution,Legislation,Online,https://www.nytimes.com/2006/02/15/technology/online-firms-facing-questions-about-censoring-internet-searches.html
Internet sex scandal rocks Vietnam,Regular Individual->Regular Group,Regular Individual,Regular Group,User Safety_Broken Harmony,"Restricted from job/school, Public Apology",Online,https://tucson.com/news/article_2440c3fa-598a-50dc-8cff-b718320548f5.html
JK Rowling deals cunning blow in Twitter war against Piers Morgan,Influential Individual->Influential Individual,Influential Individual,Influential Individual,User Safety_Harassment&Bullying,,Twitter,https://www.theguardian.com/books/2017/feb/15/j-k-rowling-scores-cuning-blow-twitter-war-piers-morgan
"Karnataka: Youth drives police car on KRS dam, video goes viral",Regular Group->Regular Group,Regular Group,Regular Group,User Safety_Broken Harmony,,Online,https://timesofindia.indiatimes.com/city/mysuru/youth-drives-police-car-on-krs-dam-video-goes-viral/articleshow/81249178.cms
KRK warns Mika Singh after watching his diss track against him: 'Now wait for my videos ',Influential Individual->Influential Individual,Influential Individual,Influential Individual,User Safety_Harassment&Bullying,,Twitter,https://www.hindustantimes.com/entertainment/music/krk-warns-mika-singh-after-watching-his-diss-track-against-him-now-wait-for-my-videos-101623419362783.html
Lies on Social Media Inflame Israeli-Palestinian Conflict,Regular Group->Regular Group,Regular Group,Regular Group,User Safety_Dangerous Misinformation & Endangerment,Remove Content,"Twitter, Tiktok, WhatsApp, Facebook",https://www.nytimes.com/2021/05/14/technology/israel-palestine-misinformation-lies-social-media.html
"Like to speak my heart out, not afraid of anybody: Virender Sehwag on his Twitter trolls",Influential Individual->Influential Individual,Influential Individual,Influential Individual,User Safety_Harassment&Bullying,,Twitter,https://www.hindustantimes.com/delhi/like-to-speak-my-heart-out-not-afraid-of-anybody-virender-sehwag-on-his-twitter-trolls/story-e6Dr42OgQ6Zw0UDyrgYxyN.html
LinkedIn spread 'incorrect and damaging' information about users to their contacts,S->Regular Group,S,Regular Group,User Safety_Personal Information,,Linkedin,https://www.telegraph.co.uk/technology/2019/02/28/linkedin-spread-incorrect-damaging-information-users-contacts/
Lo que sucedió luego de la pelea de dos novias de R.Kelly (VIDEO),Influential Individual->Regular Group,Influential Individual,Regular Group,User Safety_Broken Harmony,,Instagram Live,https://www.chicagotribune.com/2020/01/09/lo-que-sucedi-luego-de-la-pelea-de-dos-novias-de-rkelly-video/
"Madhya Pradesh: Online stalker harasses married woman, whom he befriended over PUBG",Regular Individual->Regular Individual,Regular Individual,Regular Individual,User Safety_Harassment&Bullying,Legal Action,"PUBG, WhatsApp",https://timesofindia.indiatimes.com/city/bhopal/madhya-pradesh-online-stalker-harasses-married-woman-whom-he-befriended-over-pubg/articleshow/83949736.cms
Maharashtra: Jilted lover hangs self; live streams suicide on social media,Regular Individual->Regular Group,Regular Individual,Regular Group,User Safety_Suicide&Self-harm,,Facebook,https://www.indiatvnews.com/news/india/maharashtra-jilted-lover-hangs-self-live-streams-suicide-social-media-725036
Malaysia's court issues stern warning to ex-PM Najib over post on trial witness,Influential Individual->Influential Individual,Influential Individual,Influential Individual,User Safety_Harassment&Bullying,,Facebook,https://www.straitstimes.com/asia/se-asia/malaysias-court-issues-stern-warning-to-ex-pm-najib-over-post-on-trial-witness
"Malaysian netizens angry with report of royal vaccinations, govt's flailing response to Covid-19",Regular Group->Regular Group,Regular Group,Regular Group,User Safety_Broken Harmony,Public Backlash,Twitter,https://www.straitstimes.com/asia/se-asia/malaysian-netizens-angry-with-report-of-royal-vaccinations-govts-flailing-response-to
"Man held in bangle-seller case has Pakistan links on social media, says Madhya Pradesh home minister Narottam Mishra",Regular Group->Regular Group,Regular Group,Regular Group,User Safety_Dangerous Misinformation & Endangerment,Legal Action,"WhatsApp, Facebook",https://timesofindia.indiatimes.com/city/bhopal/man-held-in-bangle-seller-case-has-pak-links-on-social-media/articleshow/85780198.cms
"McCanns’ online abuser posted 3,000 tweets about couple",Regular Group->Regular Individual,Regular Group,Regular Individual,User Safety_Harassment&Bullying,,Twitter,https://www.irishtimes.com/news/world/uk/mccanns-online-abuser-posted-3-000-tweets-about-couple-1.1954082
Met Gala 2019: Twitterati has a field day trolling Priyanka Chopra's Camp look,Regular Group->Influential Individual,Regular Group,Influential Individual,User Safety_Harassment&Bullying,,Twitter,https://timesofindia.indiatimes.com/entertainment/hindi/bollywood/news/met-gala-2019-twitterati-has-a-field-day-trolling-priyanka-chopras-camp-look/articleshow/69212547.cms
Mourinho criticises Bale over 'totally wrong' Instagram fitness post,Influential Individual->Regular Group,Influential Individual,Regular Group,User Safety_Dangerous Misinformation & Endangerment,,Instagram,https://www.theguardian.com/football/2021/feb/12/mourinho-criticises-bale-over-totally-wrong-instagram-fitness-post
"Mumbai Police pulled down 12,537 ‘objectionable’ posts in 2019",Regular Group->Regular Group,Regular Group,Regular Group,User Safety_Dangerous Misinformation & Endangerment,Remove Content,"Facebook, Twitter, TikTok, Instagram, YouTube, Telegrams",https://www.hindustantimes.com/mumbai-news/mumbai-police-pulled-down-12-537-objectionable-posts-in-2019/story-RENj7Dm4CCRwPyOaR53uFI.html
Naming of sexual assault victims online is 'of great concern',Regular Group->Regular Group,Regular Group,Regular Group,User Safety_Personal Information,,Social Media,https://www.irishexaminer.com/news/arid-40028420.html
No home remedy for Covid-19: TOI debunks 100 viral fake news in 4 days,Regular Group->Regular Group,Regular Group,Regular Group,User Safety_Dangerous Misinformation & Endangerment,Address Misinformation,Online,https://timesofindia.indiatimes.com/city/mumbai/maharashtra-no-home-remedy-for-covid-19-toi-debunks-100-viral-fake-news-in-4-days/articleshow/82188193.cms
"Notable & Quotable: Another Classic ‘Fact Check’; ‘USA Today confirmed that all of the details of the Instagram post, including the quote, were absolutely correct. Why, then, did it flag it as misleading?’",Influential Individual->Regular Group,Influential Individual,Regular Group,User Safety_Dangerous Misinformation & Endangerment,,Instagram,https://www.wsj.com/opinion/notable-quotable-another-classic-fact-check-11612392475
Online Fracas for a Critic of the Right,Influential Individual->Regular Group,Influential Individual,Regular Group,User Safety_Broken Harmony,,Blog,https://www.nytimes.com/2012/01/19/books/corey-robins-reactionary-mind-stirs-internet-debate.html
Over 450 social media accounts blocked in Hyderabad,Regular Group->Regular Group,Regular Group,Regular Group,User Safety_Harassment&Bullying,Legal Action,"Facebook, Twitter, Instagram",https://timesofindia.indiatimes.com/city/hyderabad/over-450-social-media-a/cs-blocked-in-city/articleshow/77920280.cms
Paaru actress Mansi Joshi lodges police complaint against cyberbullying,Regular Group->Influential Individual,Regular Group,Influential Individual,User Safety_Harassment&Bullying,,Instagram,https://timesofindia.indiatimes.com/tv/news/kannada/paaru-actress-mansi-joshi-lodges-police-complaint-against-cyberbullying/articleshow/77061071.cms
Perhaps he got his five minutes of fame': 13-year-old sentenced for 'viral' attack on police officer,Regular Group->Regular Group,Regular Group,Regular Group,User Safety_Broken Harmony,Legal Action,Social Media,https://uk.news.yahoo.com/black-lives-matter-protest-police-officer-assaulted-viral-attack-181709597.html?guccounter=1&guce_referrer=aHR0cHM6Ly93d3cuZ29vZ2xlLmNvbS8&guce_referrer_sig=AQAAABxDotR029IjgLA2S-xd118iynHCCN85S7w-dKyNix3frvQqzeWWrmLT3Nnk9uMmb2jUDi714pcNOKJrFnZHhVTIugKNy8O7oYqVs0mgoxGWo4fAf75e52lS8BFu_nG1PXqyEsV8LbNcV_4ueV26SBBG_OzqeIqf1JsMhTf9oXHX
Police Investigate 2 Canadian Muslims Over Comments About Jews,Regular Group->Regular Group,Regular Group,Regular Group,User Safety_Broken Harmony,"Legal Action, Public Apology",Online,https://www.nytimes.com/2004/10/31/world/americas/police-investigate-2-canadian-muslims-over-comments-about.html
Police Seek Clues in Social Media,Regular Group->Influential Individual,Regular Group,Influential Individual,User Safety_Harassment&Bullying,,"Twitter, Instagram, Facebook",https://www.wsj.com/articles/police-seek-clues-in-social-media-1419301133
"Polygamy, sexual selection and terrorism': IISc lecture cancelled after criticism on social media",Regular Group->Regular Group,Regular Group,Regular Group,User Safety_Broken Harmony,Restricted from job/school,Social Media,https://timesofindia.indiatimes.com/city/bengaluru/polygamy-sexual-selection-and-terrorism-iisc-lecture-cancelled-after-criticism-on-social-media/articleshow/74570199.cms
"Post with ‘SOS numbers’ goes viral, celeb candidates switch off phones",Regular Group->Influential Group,Regular Group,Influential Group,User Safety_Personal Information,Remove Content,Facebook,https://timesofindia.indiatimes.com/city/kolkata/post-with-sos-numbers-goes-viral-celeb-candidates-switch-off-phones/articleshow/82265456.cms
Prashant Kishor audio clip creates social media furore,Regular Group->Regular Group,Regular Group,Regular Group,User Safety_Broken Harmony,,Twitter,https://timesofindia.indiatimes.com/india/prashant-kishor-audio-clip-creates-social-media-furore/articleshow/82010821.cms
Public warned of dangers of using viral candle trend to heat homes,Regular Individual->Regular Group,Regular Individual,Regular Group,User Safety_Dangerous Misinformation & Endangerment,,Online,https://www.irishexaminer.com/news/arid-40992548.html
Rachana Smith: I was subjected to hate on social media for my character in Kamali,Regular Group->Influential Individual,Regular Group,Influential Individual,User Safety_Harassment&Bullying,,Facebook,https://timesofindia.indiatimes.com/tv/news/kannada/rachana-smith-i-was-subjected-to-hate-on-social-media-for-my-character-in-kamali/articleshow/77738023.cms
Radical online content sways Tamil Nadu Muslim youths,Influential Individual->Regular Group,Influential Individual,Regular Group,User Safety_Dangerous Misinformation & Endangerment,Legal Action,Online,https://timesofindia.indiatimes.com/city/chennai/radical-online-content-sways-tamil-nadu-muslim-youths/articleshow/38767839.cms
"Sensitise students, parents about online bullying: Delhi govt to schools",Regular Group->Regular Group,Regular Group,Regular Group,User Safety_Harassment&Bullying,,Online,https://www.hindustantimes.com/education/news/sensitise-students-parents-about-online-bullying-delhi-govt-to-schools-101614083239732.html#google_vignette
Should Facebook face the music?,Regular Group->Regular Group,Regular Group,Regular Group,User Safety_Broken Harmony,Legal Action,Facebook,https://www.latimes.com/archives/la-xpm-2009-oct-05-le-monday5.s4-story.html
"Sonakshi Sinha launches an initiative to put an end to cyberbullying and harassment, says, 'Ab Bas! It's time to stop the pandemic that's plaguing our online world'",Regular Group->Regular Group,Regular Group,Regular Group,User Safety_Harassment&Bullying,,Social Media,https://timesofindia.indiatimes.com/entertainment/hindi/bollywood/news/sonakshi-sinha-launches-aInfluential Groupnitiative-to-put-an-end-to-cyberbullying-and-harassment-says-ab-bas-its-time-to-stop-the-pandemic-thats-plaguing-our-online-world/articleshow/77168512.cms
"Soni Razdan calls Afzal Guru ‘scapegoat’ , stirs online row",Influential Individual->Regular Group,Influential Individual,Regular Group,User Safety_Broken Harmony,Public Criticism,Twitter,https://timesofindia.indiatimes.com/india/soni-razdan-calls-afzal-guru-scapegoat-stirs-online-row/articleshow/73502870.cms
Stan Collymore highlights racist abuse towards Patrice Evra on Twitter,Regular Group->Influential Individual,Regular Group,Influential Individual,User Safety_Harassment&Bullying,,Twitter,https://www.theguardian.com/football/2011/dec/23/stan-collymore-patrice-evra-racism
Student Suspended for Facebook Page Can Sue Principal,Regular Individual->Regular Individual,Regular Individual,Regular Individual,User Safety_Harassment&Bullying,Restricted from job/school,Facebook,https://www.nytimes.com/2010/02/16/education/16student.html
Stunt for TikTok post turns fatal for UP teen,Regular Individual->Regular Group,Regular Individual,Regular Group,User Safety_Broken Harmony,,TikTok,https://timesofindia.indiatimes.com/india/stunt-for-tiktok-post-kills-teen/articleshow/74432087.cms
Supernanny: Families are being torn apart by social media,Regular Group->Regular Group,Regular Group,Regular Group,User Safety_Safety Risk of Social Media Overuse,,Social Media,https://www.telegraph.co.uk/technology/social-media/11089797/Supernanny-Families-are-being-torn-apart-by-social-media.html
Technology: Inside IT: Caught in the act: Personal data is posted on an activism website. A man is arrested under the Serious Crime Act - but his involvement was minimal,Regular Group->Regular Group,Regular Group,Regular Group,User Safety_Personal Information,Restricted from job/school,Activism Website,https://www.theguardian.com/technology/2009/apr/02/blogging-internet-privacy
Thais in UAE warned not to comment on conflict with Qatar,Influential Individual->Regular Group,Influential Individual,Regular Group,User Safety_Censorship & Retribution,,Social Media,https://www.nationthailand.com/in-focus/30317522
The Guardian view on Facebook and democracy: real and present danger,Regular Group->Regular Group,Regular Group,Regular Group,User Safety_Dangerous Misinformation & Endangerment,,Facebook,https://www.theguardian.com/commentisfree/2020/jul/05/the-guardian-view-on-facebook-and-democracy-real-and-present-danger
The real OnlyFans scandal is the unaccountable power of platforms and banks,S->Regular Group,S,Regular Group,User Safety_Censorship & Retribution,,Twitch,https://www.theguardian.com/commentisfree/2021/aug/28/onlyfans-scandal-platforms-banks-ban-sexual-content-sex-workers
Trending: The moral of the story here? Fox News and FLOTUS should’ve looked in a dictionary.,Influential Individual->Regular Group,Influential Individual,Regular Group,User Safety_Broken Harmony,,Twitter,https://www.washingtonpost.com/express/2018/10/11/trending-moral-story-here-fox-news-flotus-shouldve-looked-dictionary/
Twitter Faceoff: Netizens react after Bengaluru woman is attacked by Zomato executive,Regular Group->Influential Individual,Regular Group,Influential Individual,User Safety_Harassment&Bullying,Legal Action,Twitter,https://timesofindia.indiatimes.com/viral-news/twitter-faceoff-netizens-react-after-bengaluru-woman-alleges-attack-by-zomato-executive/articleshow/81467116.cms
Twitter Says Microsoft Improperly Used Data,Influential Individual->S,Influential Individual,S,User Safety_Personal Information,Legal Action,Twitter,https://www.nytimes.com/2023/05/18/technology/twitter-microsoft-misusing-data.html
Twitter Suspends Marjorie Taylor Greene for Posting Coronavirus Misinformation,Influential Individual->Regular Group,Influential Individual,Regular Group,User Safety_Dangerous Misinformation & Endangerment,Remove Content,Twitter,https://www.nytimes.com/2021/07/19/technology/marjorie-taylor-greene-twitter.html
Twitterati condemns foreign student guidelines,Regular Group->Regular Group,Regular Group,Regular Group,User Safety_Broken Harmony,Public Backlash,Twitter,https://timesofindia.indiatimes.com/india/twitterati-condemns-foreign-student-guidelines/articleshow/76837126.cms
U.S. can get Twitter records for WikiLeaks probe,Influential Individual->Regular Group,Influential Individual,Regular Group,User Safety_Personal Information,Legal Action,Twitter,https://www.washingtonpost.com/local/government-can-get-records-from-twitter-for-wikileaks-probe-judge-rules/2011/03/11/AB3BVUR_story.html
U.S. Media Mocked Abroad for Reporting False Name of California Shooting Suspect,Regular Group->Influential Group,Regular Group,Influential Group,User Safety_Dangerous Misinformation & Endangerment,"Restriction on social media usage (content remove, ban, etc.)",Twitter,https://www.nytimes.com/2015/12/04/world/europe/us-media-mocked-abroad-for-reporting-false-name-of-california-shooting-suspect.html
Un colegio expulsa a tres alumnos por insultar a profesores en Internet,Regular Group->Regular Group,Regular Group,Regular Group,User Safety_Harassment&Bullying,Restricted from job/school,Tuenti,https://elpais.com/diario/2009/01/23/madrid/1232713464_850215.html
United States: Facebook Faces Calls to Further Protect User Privacy,S->Regular Group,S,Regular Group,User Safety_Personal Information,Commercial Pullout,Facebook,https://www.voanews.com/a/facebook-privacy/4327741.html
Unmasking the far right: An extremist paid a price when his identity was exposed online after a violent clash in Washington,Regular Group->Regular Group,Regular Group,Regular Group,User Safety_Broken Harmony,Public Backlash,"Youtube, Twitter",https://www.washingtonpost.com/national-security/doxing-far-right-violent-extremists/2021/06/20/35f730e2-ba68-11eb-a5fe-bb49dc89a248_story.html
"UP cop accuses dept of ill-treatment, posts video on FB before shooting himself dead in Pilibhit",Regular Individual->Regular Group,Regular Individual,Regular Group,User Safety_Suicide&Self-harm,,Facebook,https://timesofindia.indiatimes.com/city/bareilly/up-cop-accuses-dept-of-ill-treatment-posts-video-on-fb-before-shooting-himself-dead-in-pilibhit/articleshow/82664684.cms
Urvashi Rautela says her 'I love you' video wasn't 'directed towards anyone' amid criticism for 'stalking' Rishabh Pant,Influential Individual->Regular Group,Influential Individual,Regular Group,User Safety_Dangerous Misinformation & Endangerment,,Instagram,https://www.hindustantimes.com/entertainment/bollywood/urvashi-rautela-clarifies-her-i-love-you-video-wasn-t-directed-towards-anyone-or-from-any-video-call-101666171658276.html
"Video fuels outrage but no arrest in nurse assault by Akali leader, son",Influential Individual->Regular Group,Influential Individual,Regular Group,User Safety_Broken Harmony,Public protest,Social Media,https://www.hindustantimes.com/punjab/video-fuels-outrage-but-no-arrest-in-moga-nurse-assault-by-akali-sarpanch-son/story-FYE8ctNhFBMoysvcfAGyLK.html
"Videos, Doubts, and a Backlash in Mexico Vote",Regular Group->Regular Group,Regular Group,Regular Group,User Safety_Dangerous Misinformation & Endangerment,,Online,https://www.nytimes.com/2006/07/14/world/americas/14mexico.html
What Will You Do When the Culture War Comes for You?,Regular Group->Regular Group,Regular Group,Regular Group,User Safety_Harassment&Bullying,,"Social Media, Twitter",https://www.nytimes.com/2020/01/29/opinion/sonmez-kobe-washington-post.html
When slamming the phone prompts a row,Regular Group->Regular Group,Regular Group,Regular Group,User Safety_Personal Information,,Online,https://www.theguardian.com/money/2005/apr/23/internetphonesbroadband.phones
"With fake news, UC acts at China’s behest, says former executive",Influential Individual->Regular Group,Influential Individual,Regular Group,User Safety_Dangerous Misinformation & Endangerment,Restricted from job/school,Online,https://timesofindia.indiatimes.com/city/gurgaon/with-fake-news-uc-acts-at-chinas-behest-says-former-executive/articleshow/77188236.cms
"Woman Brags About Hitting Cyclist, Discovers Police Also Use Twitter",Regular Individual->Regular Individual,Regular Individual,Regular Individual,User Safety_Harassment&Bullying,Legal Action,Twitter,https://www.jalopnik.com/woman-brags-about-hitting-cyclist-discovers-police-als-509059331/
YouTube pulls video of DeSantis panel discussion urging no masks for children,Influential Group->Regular Group,Influential Group,Regular Group,User Safety_Dangerous Misinformation & Endangerment,"Remove Content, Address Misinformation",Facebook,https://www.washingtonpost.com/technology/2021/04/09/desantis-youtube-coronavirus/
YouTube reverses TalkRadio ban for allegedly breaching content policy,S->Influential Individual,S,Influential Individual,User Safety_Censorship & Retribution,Public Message from/to Social Media,Youtube,https://www.theguardian.com/technology/2021/jan/05/youtube-bans-talkradio-for-allegedly-breaching-content-policy
YouTube star suing over revenge porn,Influential Individual->Influential Individual,Influential Individual,Influential Individual,User Safety_Harassment&Bullying,Legal Action,Youtube,https://www.irishexaminer.com/world/arid-20334780.html
"('Video of Police Officer Knocking Down Woman and Child Incenses China', 'new york times', '2017-09-02')",Regular Group->Regular Group,Regular Group,Regular Group,User Safety_Broken Harmony,Legal Action,"Weibo, Weechat",https://www.nytimes.com/2017/09/02/world/asia/china-video-police-woman-and-child.html
"('Video of US man refusing full-body scan at airport goes viral', 'the hindustan times', '2010-11-16')",Regular Individual->Regular Group,Regular Individual,Regular Group,User Safety_Broken Harmony,,Youtube,https://www.oneindia.com/2010/11/16/videoof-us-maRegular Groupefusing-full-body-scan-at-airport-goesvira.html
"('Videos Rouse Russian Anger Toward Police', 'new york times', '2010-07-27')",Regular Individual->Regular Group,Regular Individual,Regular Group,User Safety_Broken Harmony,Legal Action,Youtube,https://www.nytimes.com/2010/07/28/world/europe/28russia.html
"(Auctions: Online advert aims to bury Bury, not praise it, the guardian, 2006-02-25)",Regular Individual->Influential Individual,Regular Individual,Influential Individual,User Safety_Broken Harmony,,ebay,https://www.theguardian.com/media/2006/feb/25/newmedia.advertising
"(Bolly Buzz: Kangana Ranaut's Twitter handle restricted, Rhea Chakraborty snapped buying flowers, the times of india, 2021-01-21)",Influential Individual->Regular Group,Influential Individual,Regular Group,User Safety_Broken Harmony,Banned from Social Media,Twitter,https://timesofindia.indiatimes.com/entertainment/hindi/bollywood/news/bolly-buzz-kangana-ranauts-twitter-handle-restricted-rhea-chakraborty-snapped-buying-flowers/articleshow/80368881.cms