Selected Article,Stakeholder,Giver,Receiver,Problematic Behavior,Aftermath,Platform,Link
"(''Face-changed' images cause stir online', 'people's daily ', '2019-02-27')",1-r->1-i,1-r,1-i,Deceptive & Fraudulent Behavior_Impersonation,,Bilibili (streaming site),http://en.chinaculture.org/2019-02/27/content_1353051.htm
"(''Maximum complaints with cyber police station related to social media'', 'the times of india', '2017-05-22')",1-i->1-r,1-i,1-r,Deceptive & Fraudulent Behavior_Fraud,Protective Measures,Online,https://timesofindia.indiatimes.com/city/nashik/maximum-complaints-with-cyber-police-station-related-to-social-media/articleshow/58779933.cms
"(''Sim swap' gives fraudsters access-all-areas via your mobile phone', 'the guardian', '2015-09-26')",n-r->n-r,n-r,n-r,Deceptive & Fraudulent Behavior_Cybersecurity,Fraud,Email,https://www.theguardian.com/money/2015/sep/26/sim-swap-fraud-mobile-phone-vodafone-customer
"(''Thappad': Taapsee Pannu starrer gets leaked on the internet by Tamilrockers', 'the times of india', '2020-02-29')",n-r->1-i,n-r,1-i,Deceptive & Fraudulent Behavior_Intellectual Property,,Online,https://timesofindia.indiatimes.com/entertainment/hindi/bollywood/news/thappad-taapsee-pannu-starrer-gets-leaked-on-the-internet-by-tamilrockers/articleshow/74398101.cms
"('£25,000 stolen online. But even more shocking: Barclays washes its hands of it', 'the guardian', '2016-03-05')",1-r->n-r,1-r,n-r,Deceptive & Fraudulent Behavior_Fraud,,Online,https://www.theguardian.com/money/blog/2016/mar/05/scams-fraud-barclays-online-crime-prevent
"('2 plead guilty in stabbing death tied to Facebook feud', 'chicago tribune', '2017-09-12')",1-r->1-r,1-r,1-r,Deceptive & Fraudulent Behavior_Fraud,Violent Behavior,Facebook,https://www.chicagotribune.com/2017/09/12/2-plead-guilty-in-stabbing-death-tied-to-facebook-feud/
"('22-year-old arrested for morphing CM's photo on social media', 'the hindustan times', '2020-04-24')",1-r->n-i,1-r,n-i,Deceptive & Fraudulent Behavior_Defamation,Legal Action,Social Media,https://www.hindustantimes.com/mumbai-news/22-year-old-arrested-for-morphing-cm-s-photo-on-social-media/story-4z4QILM09eWmbDnlDm9AbL.html
"('58-year-old man loses Rs 31 lakh in online scam: Telegram, YouTube likes and more, here's how he was duped', 'the times of india', '2023-07-25')",1-r->1-r,1-r,1-r,Deceptive & Fraudulent Behavior_Fraud,"Fraud, Legal Action",Telegram,https://timesofindia.indiatimes.com/gadgets-news/58-year-old-man-loses-rs-31-lakh-in-online-scam-telegram-youtube-likes-and-more-heres-how-he-was-duped/articleshow/102066874.cms
"('A Holocaust survivor fell for a woman online. Then he lost $2.8 million, feds say.', 'the washington post', '2023-01-26')",1-r->1-r,1-r,1-r,Deceptive & Fraudulent Behavior_Fraud,Fraud,Online dating website,https://www.washingtonpost.com/nation/2023/01/26/holocaust-survivor-romance-scam-peaches-stergo/
"('A Media Personality, Suffering a Blow to His Image, Ponders a Lesson', 'new york times', '2012-08-20')",1-i->1-i,1-i,1-i,Deceptive & Fraudulent Behavior_Intellectual Property,Restricted from job/school,News,https://www.nytimes.com/2012/08/20/business/media/scandal-threatens-fareed-zakarias-image-as-media-star.html?smid=tw-share
"('Agence France-Presse takes Musk's Twitter to court over news content', 'the washington post', '2023-08-04')",S->1-i,S,1-i,Deceptive & Fraudulent Behavior_Intellectual Property,Legal Action,Twitter,https://www.washingtonpost.com/technology/2023/08/03/afp-elon-musk-x-news-payment/
"('Andrews in fresh SF tweets controversy', 'irish examiner', '2013-09-07')",1-i->n-r,1-i,n-r,Deceptive & Fraudulent Behavior_Impersonation,,Twitter,https://www.irishexaminer.com/news/arid-20242274.html
"('Arbaaz Khan's email account hacked', 'the hindustan times', '2011-08-25')",n-r->1-i,n-r,1-i,Deceptive & Fraudulent Behavior_Cybersecurity,,Email,https://www.indiaforums.com/article/arbaaz-khans-email-account-hacked_28295
"('Attorney files claim against Porter County Council president over Facebook post', 'chicago tribune', '2023-01-06')",1-i->1-i,1-i,1-i,Deceptive & Fraudulent Behavior_Defamation,Legal Action,Facebook,https://www.chicagotribune.com/2023/01/06/attorney-files-claim-against-porter-county-council-president-over-facebook-post/
"('Avoiding a Bad Date Takes Some Work --- Beware, scammers use all sorts of tricks to hook victims via online dating services', 'wall street journal', '2018-03-17')",1-r->1-r,1-r,1-r,Deceptive & Fraudulent Behavior_Fraud,Fraud,Facebook,https://www.wsj.com/articles/how-to-protect-yourself-from-an-online-dating-scam-1521129300
"('Bercow faces fine for naming girl on Twitter', 'the daily telegraph', '2012-11-20')",1-i->1-i,1-i,1-i,Deceptive & Fraudulent Behavior_Defamation,Legal Action,Twitter,https://www.thedrum.com/news/2012/11/20/sally-bercow-deletes-twitter-account
"('Beware of errant online retailers', 'the straits times', '2017-01-20')",1-r->1-r,1-r,1-r,Deceptive & Fraudulent Behavior_Fraud,Fraud,Carousell,https://www.straitstimes.com/singapore/courts-crime/buying-something-online-beware-e-commerce-scams-crime-prevention-campaign-to
"('Beware of fraudsters when booking a holiday online', 'the hindustan times', '2010-07-06')",n-r->n-r,n-r,n-r,Deceptive & Fraudulent Behavior_Fraud,,Online,https://www.theguardian.com/money/2010/jul/06/holiday-internet-booking-scams
"('Blogger erases comment after minister sends lawyer's letter', 'the straits times', '2012-02-15')",1-i->1-i,1-i,1-i,Deceptive & Fraudulent Behavior_Defamation,Legal Action,Online,https://ifonlysingaporeans.blogspot.com/2012/02/blogger-erases-comment-after-minister.html
"('Can't malign judicial officers online: Bench', 'the hindustan times', '2023-05-31')",1-r->1-i,1-r,1-i,Deceptive & Fraudulent Behavior_Defamation,Legal Action,Social Media,https://www.dailypioneer.com/2023/india/one-can---t-malign-judicial-officers-by-using-social-media--says-sc.html
"('Check the WhatsApp messages that made woman lose Rs 27 lakh in 'YouTube like' scam', 'the times of india', '2023-04-27')",n-r->1-r,n-r,1-r,Deceptive & Fraudulent Behavior_Fraud,Fraud,Whatsapp,https://timesofindia.indiatimes.com/gadgets-news/check-the-whatsapp-messages-that-made-woman-lose-rs-27-lakh-in-youtube-like-scam/articleshow/99779802.cms
"('Clamp down on social media, demand MPs', 'the times of india', '2013-02-28')",1-r->1-i,1-r,1-i,Deceptive & Fraudulent Behavior_Impersonation,,Facebook,https://timesofindia.indiatimes.com/social/clamp-down-on-social-media-demand-mps/articleshow/18718544.cms
"('Communal tension erupts after offensive Facebook post on Hindu deities', 'the times of india', '2017-04-07')",1-r->1-i,1-r,1-i,Deceptive & Fraudulent Behavior_Defamation,"Violent Behavior, Legal Action",Facebook,https://timesofindia.indiatimes.com/city/bhubaneswar/communal-tension-erupts-after-offensive-facebook-post-on-hindu-deities/articleshow/58053042.cms
"('Cops nab man for online fraud', 'the times of india', '2019-06-29')",1-r->n-r,1-r,n-r,Deceptive & Fraudulent Behavior_Fraud,Legal Action,Shopping portal,https://timesofindia.indiatimes.com/city/ahmedabad/cops-nab-man-for-online-fraud/articleshow/69981624.cms
"('Cops warn online buyers of rising OLX fraud cases', 'the times of india', '2018-06-11')",n-r->n-r,n-r,n-r,Deceptive & Fraudulent Behavior_Fraud,Legal Action,OLX,https://timesofindia.indiatimes.com/city/hyderabad/cops-warn-online-buyers-of-rising-olx-fraud-cases/articleshow/64534797.cms
"('Coronavirus outbreak: Don't post derogatory remarks against state government on social media, IMA Maharashtra tells doctors', 'the hindustan times', '2020-04-21')",n-r->n-r,n-r,n-r,Deceptive & Fraudulent Behavior_Defamation,Protective Measures,Whatsapp,https://www.hindustantimes.com/mumbai-news/coronavirus-outbreak-don-t-post-derogatory-remarks-against-state-government-on-social-media-ima-maharashtra-tells-doctors/story-GATTdb9Wtauycori76vq6M.html
"('Couple used social media to rob people', 'the times of india', '2016-12-26')",n-r->1-r,n-r,1-r,Deceptive & Fraudulent Behavior_Fraud,Legal Action,Facebook,https://timesofindia.indiatimes.com/city/hyderabad/couple-used-social-media-to-rob-people/articleshow/56163831.cms
"('Dehradun man loses Rs 8.7 lakh in YouTube channel scam', 'the times of india', '2023-04-29')",1-r->1-r,1-r,1-r,Deceptive & Fraudulent Behavior_Fraud,"Fraud, Legal Action",Telegram,https://timesofindia.indiatimes.com/city/dehradun/dehradun-man-loses-rs-8-7-lakh-in-youtube-channel-scam/articleshow/99828788.cms
"('Dickson Yeo and spying in the time of social networking', 'the straits times', '2020-08-03')",1-r->1-i,1-r,1-i,Deceptive & Fraudulent Behavior_Impersonation,,Linkedin,https://www.straitstimes.com/singapore/spying-in-the-time-of-social-networking
"('Doctor's Defamation Suit Highlights Online Patient Reviews; Case involving a Chicago woman is scheduled to go to trial next year', 'wall street journal', '2017-09-19')",1-r->1-r,1-r,1-r,Deceptive & Fraudulent Behavior_Defamation,Legal Action,RealSelf,https://www.wsj.com/articles/doctors-defamation-suit-highlights-online-patient-reviews-1505859521
"('Domestic worker hired online flees with cash in Gurugram's DLF Phase II', 'the hindustan times', '2022-09-26')",1-r->1-r,1-r,1-r,Deceptive & Fraudulent Behavior_Fraud,Legal Action,Online,https://inshorts.com/en/news/domestic-help-hired-online-in-ggram-locks-employer-runs-away-with-cash-1664180593395
"('Don't fall victim to online shopping fraud this season', 'chicago tribune', '2016-12-11')",1-i->1-r,1-i,1-r,Deceptive & Fraudulent Behavior_Fraud,,Online,https://digitaledition.chicagotribune.com/tribune/article_popover.aspx?guid=49c63371-b0ea-4116-ae2a-2b82ceafe677
"('ED attaches rRs.r1.77 crore in bank accounts linked to Rana Ayyub', 'the hindustan times', '2022-02-10')",1-i->n-r,1-i,n-r,Deceptive & Fraudulent Behavior_Fraud,Legal Action,Ketto,https://www.hindustantimes.com/india-news/ed-attaches-rs-1-77-crore-in-bank-accounts-linked-to-rana-ayyub-101644515375855.html
"('Engg student alleges rape by social media friend', 'the times of india', '2022-06-02')",1-r->1-r,1-r,1-r,Deceptive & Fraudulent Behavior_Fraud,Violent Behavior,Social Media,https://timesofindia.indiatimes.com/city/surat/engg-student-alleges-rape-by-social-media-friend/articleshow/91927904.cms
"('Engineer duped of lakhs in Rs 12cr online fraud', 'the times of india', '2011-11-18')",1-r->1-r,1-r,1-r,Deceptive & Fraudulent Behavior_Fraud,Legal Action,Email,https://timesofindia.indiatimes.com/city/delhi/engineer-duped-of-lakhs-in-rs-12cr-online-fraud/articleshow/10762961.cms
"('Everyone'stealing jokes online. Why doesn't anyone care? (Posted 2015-01-27 17:36:17)', 'the washington post', '2015-01-01')",n-r->1-r,n-r,1-r,Deceptive & Fraudulent Behavior_Intellectual Property,,Twitter,https://www.washingtonpost.com/posteverything/wp/2015/01/27/everyones-stealing-jokes-online-why-doesnt-anyone-care/
"('Ex-BJP IT wing chief stopped from posting hate comments against Tamil Nadu minister', 'the hindustan times', '2023-04-13')",1-i->1-i,1-i,1-i,Deceptive & Fraudulent Behavior_Defamation,Legal Action,Twitter,https://www.hindustantimes.com/india-news/madras-high-court-restrains-former-bjp-it-wing-chief-from-making-defamatory-comments-against-electricity-minister-tamilnadu-aiadmk-bjp-defamation-101681327335562.html
"('Ex-serviceman loses Rs 3.7L in online power bill fraud', 'the times of india', '2023-06-13')",n-r->1-r,n-r,1-r,Deceptive & Fraudulent Behavior_Fraud,Fraud,Message,https://timesofindia.indiatimes.com/city/pune/ex-serviceman-loses-rs-3-7l-in-online-power-bill-fraud/articleshow/100950133.cms
"('Feds charge three men, including two former White Sox staffers, in online ticket scam that caused team to lose $1 million', 'chicago tribune', '2020-02-01')",n-r->n-r,n-r,n-r,Deceptive & Fraudulent Behavior_Fraud,Legal Action,Online Resale Platform,https://www.chicagotribune.com/2020/01/31/feds-charge-three-men-including-two-former-white-sox-staffers-in-online-ticket-scam-that-caused-team-to-lose-1-million/
"('Fireman kills woman in Chennai over her relationship with Facebook friend', 'the times of india', '2017-05-10')",1-r->1-r,1-r,1-r,Deceptive & Fraudulent Behavior_Fraud,Death,Facebook,https://timesofindia.indiatimes.com/city/chennai/fireman-kills-woman-in-chennai-over-her-relationship-with-facebook-friend/articleshow/58588120.cms
"('G2: Welcome to the first e-election: Spoof posters of Cameron and Brown, irreverant blogs, amateur websites calling MPs to account . . . Will this election be dominated by the online pundits?', 'the guardian', '2010-03-17')",n-r->1-i,n-r,1-i,Deceptive & Fraudulent Behavior_Defamation,,Online,https://www.theguardian.com/politics/2010/mar/17/labour-conservatives-general-election-online
"('Gang running 'CIA' website busted, 4 held', 'the times of india', '2022-06-02')",n-r->1-i,n-r,1-i,Deceptive & Fraudulent Behavior_Impersonation,Fraud,Online,https://timesofindia.indiatimes.com/city/varanasi/gang-running-cia-website-busted-posed-as-sog-cops/articleshow/91953051.cms
"('Gene Marks: Your employees are now officially allowed to complain about your business on Twitter', 'the washington post', '2016-08-23')",1-r->1-i,1-r,1-i,Deceptive & Fraudulent Behavior_Defamation,"Restricted from job/school, Legistlation",Twitter,https://www.washingtonpost.com/news/on-small-business/wp/2016/08/23/gene-marks-your-employees-are-now-officially-allowed-to-complain-about-your-business-on-twitter/
"('Half of children lying about their age online', 'irish examiner', '2014-06-21')",1-r->S,1-r,S,Deceptive & Fraudulent Behavior_Impersonation,,Online,https://www.irishexaminer.com/news/arid-20272814.html
"('How Pakistan ISI used Facebook likes and comments to honey-trap a BSF jawan', 'the hindustan times', '2018-09-21')",1-r->1-r,1-r,1-r,Deceptive & Fraudulent Behavior_Impersonation,Fraud,Facebook  ,https://www.hindustantimes.com/india-news/facebook-id-used-to-trap-bsf-jawan-has-90-indian-on-friend-list-investigators/story-JHmeCp9k10JIFp7wQWAAHO.html
"('How Russian Trolls Crept Into the Trump Campaign’s Facebook Messages', 'new york times', '2018-03-08')",1-r->1-i,1-r,1-i,Deceptive & Fraudulent Behavior_Impersonation,,Facebook,https://www.nytimes.com/2018/03/08/us/politics/russian-trolls-trump-campaign-florida-matt-skiber.html
"('Hundreds of credit card owners hit by online scam', 'irish examiner', '2008-08-08')",n-r->n-r,n-r,n-r,Deceptive & Fraudulent Behavior_Cybersecurity,,Online,https://www.rte.ie/news/business/2008/0808/106763-credit-business/
"('IAF warns about fake social media accounts of Abhinandan', 'the times of india', '2019-03-07')",n-r->1-i,n-r,1-i,Deceptive & Fraudulent Behavior_Impersonation,,Social Media,https://timesofindia.indiatimes.com/india/iaf-warns-about-fake-social-media-accounts-of-abhinandan/articleshow/68289062.cms
"('IAS officer B Chandrakala finds LinkedIn account running in her name, goes to police', 'the times of india', '2019-02-22')",1-r->1-i,1-r,1-i,Deceptive & Fraudulent Behavior_Impersonation,Legal Action,Linkedin,https://timesofindia.indiatimes.com/city/noida/ias-officer-b-chandrakala-finds-linkedin-account-running-in-her-name-goes-to-police/articleshow/68087380.cms
"('Impostor creates fake Snapchat a/c of girl, posts explicit photos', 'the times of india', '2017-02-15')",1-r->1-r,1-r,1-r,Deceptive & Fraudulent Behavior_Impersonation,Legal Action,Snapchat,https://timesofindia.indiatimes.com/city/gurgaon/impostor-creates-fake-snapchat-a/c-of-girl-posts-explicit-photos/articleshow/57135541.cms
"('In ‘Battle’ With Media, a New Tactic in Ecuador', 'new york times', '2012-03-12')",n-r->1-i,n-r,1-i,Deceptive & Fraudulent Behavior_Defamation,Legal Action,News,https://www.nytimes.com/2012/03/13/world/americas/ecuadorean-president-says-he-will-keep-pressure-on-media.html
"('In HSRP rush, vehicle owners fall prey to booking fraud on the web', 'the times of india', '2021-11-16')",1-i->n-r,1-i,n-r,Deceptive & Fraudulent Behavior_Fraud,Legal Action,Online,https://timesofindia.indiatimes.com/city/noida/in-hsrp-rush-vehicle-owners-fall-prey-to-booking-fraud-on-the-web/articleshow/87705070.cms
"('Internet defamation: who is legally responsible for online comments?', 'irish examiner', '2014-04-23')",1-r->1-r,1-r,1-r,Deceptive & Fraudulent Behavior_Defamation,Legal Action,"Youtube, Delphi, Blogger",https://www.irishexaminer.com/opinion/commentanalysis/arid-20266171.html
"('Internet troll fined for defamation against Lee Jun-ho', 'the korea times', '2023-07-29')",1-r->1-i,1-r,1-i,Deceptive & Fraudulent Behavior_Defamation,Legal Action,Social Media,https://www.koreatimes.co.kr/entertainment/20230729/internet-troll-fined-for-defamation-against-lee-jun-ho
"('Irish Examiner view: Online vitriol', 'irish examiner', '2022-10-14')",1-i->n-r,1-i,n-r,Deceptive & Fraudulent Behavior_Defamation,Legal Action,Social Media,https://www.irishexaminer.com/opinion/ourview/arid-40983347.html
"('Joe Jonas and Sophie Turner’s divorce is making the media ask the worst questions', 'the guardian', '2023-09-09')",n-r->1-i,n-r,1-i,Deceptive & Fraudulent Behavior_Defamation,,Online,https://www.theguardian.com/commentisfree/2023/sep/09/joe-jonas-sophie-turner-divorce-tabloid-narrative
"('Karthik Subbaraj appalled at the leaks from Petta sets, requests fans not to share footage on social media', 'the hindustan times', '2018-10-08')",1-r->1-i,1-r,1-i,Deceptive & Fraudulent Behavior_Intellectual Property,,Online,https://www.hindustantimes.com/regional-movies/karthik-subbaraj-appalled-at-the-leaks-from-petta-sets-requests-fans-not-to-share-footage-on-social-media/story-9N4MRHqYIjZfkwIJtFWf5I.html
"('Kol cops arrest Roddur Roy from Goa for abusive posts', 'the times of india', '2022-06-08')",1-i->1-i,1-i,1-i,Deceptive & Fraudulent Behavior_Defamation,Legal Action,Social Media,https://timesofindia.indiatimes.com/city/kolkata/kolkata-cops-arrest-roddur-roy-from-goa-for-abusive-posts/articleshow/92070116.cms
"('Kyle Rittenhouse launches initiative to fight media ‘lies’ – and Whoopi Goldberg', 'the guardian', '2022-02-22')",1-i->1-i,1-i,1-i,Deceptive & Fraudulent Behavior_Defamation,Legal Action,Social Media,https://www.theguardian.com/us-news/2022/feb/22/kyle-rittenhouse-initiative-targets-media-whoopi-goldberg
"('Lady Gaga Releases a New Song After It Leaks Online', 'new york times', '2013-08-13')",n-r->1-i,n-r,1-i,Deceptive & Fraudulent Behavior_Intellectual Property,Content Released,Online,https://archive.nytimes.com/artsbeat.blogs.nytimes.com/2013/08/13/lady-gaga-releases-a-new-song-after-it-leaks-online/
"('Lohan lies go viral; truth is an afterthought', 'the washington post', '2010-05-07')",n-r->1-i,n-r,1-i,Deceptive & Fraudulent Behavior_Defamation,Legal Action,"Twitter, Blog",https://www.washingtonpost.com/archive/style/2010/05/07/lohan-lies-go-viral/25517a70-9679-4499-84c7-6c276c22ffe3/
"('Mahesh Babu's upcoming film's song leaked online', 'the times of india', '2017-03-27')",1-r->n-r,1-r,n-r,Deceptive & Fraudulent Behavior_Intellectual Property,,Online,https://timesofindia.indiatimes.com/entertainment/telugu/movies/news/mahesh-babus-upcoming-films-song-leaked-online/articleshow/57840533.cms
"('Man accused of killing girlfriend he met online', 'the daily telegraph', '2022-02-04')",1-r->1-r,1-r,1-r,Deceptive & Fraudulent Behavior_Fraud,Death,Dating app,https://www.telegraph.co.uk/news/2022/02/03/boyfriend-charged-alleged-murder-canadian-teenager-flew-uk-meet/
"('Man arrested for posting mom-in-law's number online', 'the times of india', '2019-06-02')",1-r->1-r,1-r,1-r,Deceptive & Fraudulent Behavior_Defamation,Legal Action,Online,https://timesofindia.indiatimes.com/city/hyderabad/man-arrested-for-posting-mom-in-laws-number-online/articleshow/69615226.cms
"('Man Running Fake Twitter Accounts Of Army Officials Held', 'the nation', '2022-05-26')",1-r->n-r,1-r,n-r,Deceptive & Fraudulent Behavior_Impersonation,Legal Action,Twitter,https://www.nation.com.pk/26-May-2022/man-running-fake-twitter-accounts-of-army-officials-held
"('Mastermind online fraudster nabbed by MP cyber cell', 'the times of india', '2020-05-15')",1-r->n-r,1-r,n-r,Deceptive & Fraudulent Behavior_Impersonation,Fraud,Online Matrimonial Website,https://timesofindia.indiatimes.com/city/bhopal/mastermind-online-fraudster-nabbed-by-mp-cyber-cell/articleshow/75732234.cms
"('Mayor's fake profile created, probe underway', 'the times of india', '2023-06-09')",n-r->1-i,n-r,1-i,Deceptive & Fraudulent Behavior_Impersonation,Legal Action,Social Media,https://timesofindia.indiatimes.com/city/lucknow/mayors-fake-profile-created-probe-underway/articleshow/100836703.cms
"('Memphis police accused of using fake accounts to surveil black activists', 'the guardian', '2018-08-01')",1-r->n-r,1-r,n-r,Deceptive & Fraudulent Behavior_Impersonation,,Facebook,https://www.theguardian.com/us-news/2018/aug/01/memphis-police-black-lives-matter-activists
"('MP threatens legal action against district collector for allegedly defaming him on social media', 'the times of india', '2016-07-01')",1-i->1-i,1-i,1-i,Deceptive & Fraudulent Behavior_Defamation,Legal Action ,Whatsapp,https://timesofindia.indiatimes.com/mp-threatens-legal-action-against-district-collector-for-allegedly-defaming-him-on-social-media/articleshow/52990942.cms
"('MP, ex-MLA get notices for comments on AP HC verdicts', 'the times of india', '2020-05-27')",n-r->1-i,n-r,1-i,Deceptive & Fraudulent Behavior_Defamation,Legal Action,Twitter,https://timesofindia.indiatimes.com/city/vijayawada/mp-ex-mla-get-notices-for-comments-on-ap-hc-verdicts/articleshow/76024579.cms
"('Mr Beast vs Mr Beast Burger: YouTuber's $10m lawsuit met with a $100 m counter-suit', 'the hindustan times', '2023-08-08')",1-i->1-i,1-i,1-i,Deceptive & Fraudulent Behavior_Defamation,Legal Action,Twitter,https://www.hindustantimes.com/world-news/mr-beast-vs-mr-beast-burger-youtubers-10m-lawsuit-met-with-a-100-m-countersuit-101691481430587.html
"('Mumbai: Obscene comments posted on social media against govt officer', 'the hindustan times', '2015-05-25')",1-r->1-r,1-r,1-r,Deceptive & Fraudulent Behavior_Defamation,Legal Actioin,SNS,https://www.hindustantimes.com/mumbai/mumbai-obscene-comments-posted-on-social-media-against-govt-officer/story-yuoe27KftgypmTP58lj96M.html
"('Murong Xuecun Says He Is Target of Twitter Smear Campaign', 'new york times', '2014-09-08')",n-r->1-i,n-r,1-i,Deceptive & Fraudulent Behavior_Defamation,,Twitter,https://archive.nytimes.com/sinosphere.blogs.nytimes.com/2014/09/08/murong-xuecun-says-he-is-target-of-twitter-smear-campaign/
"('NCERT issues guidelines on cyberbullying', 'the times of india', '2018-05-03')",1-r->1-i,1-r,1-i,Deceptive & Fraudulent Behavior_Intellectual Property,Remove Content,Facebook Live,https://timesofindia.indiatimes.com/india/ncert-issues-guidelines-on-cyberbullying/articleshow/64007762.cms
"('Noida online fraud accused in ED judicial custody', 'the times of india', '2017-02-19')",1-i->n-r,1-i,n-r,Deceptive & Fraudulent Behavior_Fraud,Legal Action,Social Trade Dot Bizz,https://timesofindia.indiatimes.com/city/lucknow/noida-online-fraud-accused-in-ed-judicial-custody/articleshow/57225350.cms
"('Office of another social media trade link firm sealed in Noida, police hunt for directors', 'the hindustan times', '2017-02-16')",1-i->n-r,1-i,n-r,Deceptive & Fraudulent Behavior_Fraud,Legal Action,Online,https://www.hindustantimes.com/delhi/office-of-another-social-media-trade-link-firm-sealed-in-noida-police-hunt-for-directors/story-QK5pZwUICiFOvy56KQ35aN.html
"('One arrested for Facebook posts on Kateel goddess', 'the times of india', '2016-09-12')",1-r->1-i,1-r,1-i,Deceptive & Fraudulent Behavior_Defamation,Legal Action,Facebook,https://timesofindia.indiatimes.com/city/mangaluru/one-arrested-for-facebook-posts-on-kateel-goddess/articleshow/54273082.cms
"(‘One tree for every pet picture’ trend appears to mislead millions on Instagram, irish examiner, 2021-11-09)",1-i->n-r,1-i,n-r,Deceptive & Fraudulent Behavior_Fraud,Fraud,Instagram,https://www.irishexaminer.com/business/technology/arid-40740843.html
"('Online Chats Tie Politicians to the Troll of Staten Island', 'new york times', '2017-09-07')",1-i->1-i,1-i,1-i,Deceptive & Fraudulent Behavior_Impersonation,,Facebook,https://www.nytimes.com/2017/09/07/nyregion/staten-island-politics-facebook-troll.html
"('Online Scammers Prey on the Jobless', 'new york times', '2009-08-05')",1-i->1-r,1-i,1-r,Deceptive & Fraudulent Behavior_Fraud,Fraud,Online,https://www.nytimes.com/2009/08/06/technology/personaltech/06basics.html
"('Panchkula: Assistant professor loses rRs.r43,800 to online reviews scam', 'the hindustan times', '2023-07-28')",1-r->1-r,1-r,1-r,Deceptive & Fraudulent Behavior_Fraud,"Fraud, Legal Action",Whatsapp,https://www.hindustantimes.com/cities/chandigarh-news/assistant-professor-loses-43-800-in-online-fraud-patiala-police-register-case-under-sections-419-420-120b-101690489477630.html
"('Parents find fake Facebook account of daughter with stolen pic', 'the times of india', '2017-10-07')",1-r->1-r,1-r,1-r,Deceptive & Fraudulent Behavior_Impersonation,Legal Action,Facebook,https://timesofindia.indiatimes.com/city/gurgaon/parents-find-fake-facebook-account-of-daughter-with-stolen-pic/articleshow/60977738.cms
"('Peeved, Farooq complains against fake Twitter account', 'the times of india', '2012-02-27')",n-r->1-i,n-r,1-i,Deceptive & Fraudulent Behavior_Impersonation,Legal Action,Twitter,https://timesofindia.indiatimes.com/city/delhi/peeved-farooq-complains-against-fake-twitter-account/articleshow/12039020.cms
"('Peppa Pig owner sues studio behind Wolfoo YouTube character', 'the guardian', '2022-01-26')",1-i->1-i,1-i,1-i,Deceptive & Fraudulent Behavior_Intellectual Property,Legal Action,Youtube,https://www.theguardian.com/business/2022/jan/26/peppa-pig-owner-sues-studio-behind-wolfoo-youtube-character
"('PERSPECTIVE; CRITIC AT LARGE; Web trolls disrupt Europe festival; 'Satanist' posts force popular Unsound music event to change venues in Poland.', 'los angeles times', '2015-10-15')",1-r->1-i,1-r,1-i,Deceptive & Fraudulent Behavior_Defamation,Legal Action,Salon24,https://www.latimes.com/entertainment/music/posts/la-et-ms-unsound-festival-internet-troll-satanism-20151012-story.html
"('Petition calls for 'execution' of YouTuber embroiled in sex abuse probe', 'the korea times', '2018-07-11')",1-i->1-i,1-i,1-i,Deceptive & Fraudulent Behavior_Defamation,Death,Youtube,https://www.thefreelibrary.com/Petition+calls+for+%27execution%27+of+YouTuber+embroiled+in+sex+abuse...-a0546321886
"('Planning to shop online? Beware of cyber frauds!', 'the times of india', '2013-07-14')",1-i->1-r,1-i,1-r,Deceptive & Fraudulent Behavior_Fraud,Fraud,Online,https://timesofindia.indiatimes.com/city/chandigarh/planning-to-shop-online-beware-of-cyber-frauds/articleshow/21063423.cms
"('Police alerts public to be vigilant when selling goods through online platforms', 'the times of india', '2019-03-16')",1-r->n-r,1-r,n-r,Deceptive & Fraudulent Behavior_Fraud,"Fraud, Legal Action",Online,https://timesofindia.indiatimes.com/city/kozhikode/police-alerts-public-to-be-vigilant-when-selling-goods-through-online-platforms/articleshow/68424751.cms
"('Police detain 203 for online lottery fraud in China', 'people's daily ', '2017-05-17')",1-r->1-r,1-r,1-r,Deceptive & Fraudulent Behavior_Fraud,Legal Action,"QQ, WeChat",https://www.chinadaily.com.cn/china/2017-05/17/content_29384252.htm
"('Raid triggers conflicting stories', 'the times of india', '2017-05-25')",n-r->1-r,n-r,1-r,Deceptive & Fraudulent Behavior_Defamation,,Online,https://timesofindia.indiatimes.com/city/kochi/raid-triggers-conflicting-stories/articleshow/58830374.cms
"('Railway official cheated of rRs.r1 lakh in online fraud', 'the hindustan times', '2022-10-04')",1-r->1-r,1-r,1-r,Deceptive & Fraudulent Behavior_Fraud,Legal Action,Online,https://www.hindustantimes.com/cities/lucknow-news/railway-official-cheated-of-rs-1-lakh-in-online-fraud-101664824425191.html
"('Rakhi Sawant's ex-husband Ritesh denies hacking her social media accounts: 'I'll file defamation case against her'', 'the hindustan times', '2022-06-13')",1-i->1-i,1-i,1-i,Deceptive & Fraudulent Behavior_Defamation,Legal Action,Social Media,https://www.hindustantimes.com/entertainment/bollywood/rakhi-sawant-s-ex-husband-ritesh-denies-hacking-her-social-media-accounts-to-sue-her-for-defamation-101655124563229.html
"('S.E.C. claims investment adviser puffed up his background on the web', 'international new york times', '2016-03-10')",1-r->n-r,1-r,n-r,Deceptive & Fraudulent Behavior_Fraud,Legal Action ,Online,https://www.nytimes.com/2016/03/09/business/dealbook/sec-fraud-case-says-adviser-puffed-up-his-background-online.html
"('Shark Tank India's Aman Gupta warns against fake boAt websites: 'Beware.'', 'the hindustan times', '2023-02-21')",1-i->n-r,1-i,n-r,Deceptive & Fraudulent Behavior_Fraud,Fraud,boAt,https://www.hindustantimes.com/technology/shark-tank-india-s-aman-gupta-warns-against-fake-boat-websites-beware-101676950099808.html
"('Should Online Scofflaws Be Denied Web Access?', 'new york times', '2009-04-12')",n-r->1-i,n-r,1-i,Deceptive & Fraudulent Behavior_Intellectual Property,Legal Action,Online,https://www.nytimes.com/2009/04/13/technology/internet/13iht-piracy13.html
"('SP workers protest as Lucknow police arrest party's Twitter account handler', 'the times of india', '2023-01-09')",1-i->n-i,1-i,n-i,Deceptive & Fraudulent Behavior_Defamation,Legal Action,Twitter,https://timesofindia.indiatimes.com/city/lucknow/sp-workers-protest-as-lucknow-police-arrest-partys-twitter-account-handler/articleshow/96829633.cms
"('Taking the SAT is hard enough. Then students learned the test's answers may have been leaked online', 'los angeles times', '2018-08-27')",n-r->n-r,n-r,n-r,Deceptive & Fraudulent Behavior_Intellectual Property,,Twitter,https://www.latimes.com/local/lanow/la-me-ln-sat-exam-leaked-20180827-story.html
"('Theft is theft, even online', 'the washington post', '2011-12-11')",n-r->n-r,n-r,n-r,Deceptive & Fraudulent Behavior_Intellectual Property,,Online,https://www.washingtonpost.com/opinions/property-thefton-the-webno-less-wrong/2011/12/09/gIQAFxgDjO_story.html
"('This is the third time, I have been robbed: Annu Kapoor, who was cheated of Rs 4.36 lakh in online fraud', 'the times of india', '2022-10-03')",1-r->1-r,1-r,1-r,Deceptive & Fraudulent Behavior_Fraud,,Online,https://timesofindia.indiatimes.com/tv/news/hindi/this-is-the-third-time-i-have-been-robbed-annu-kapoor-who-was-cheated-of-rs-4-36-lakh-in-online-fraud/articleshow/94597661.cms
"('Twitter 'snooping requests' double', 'irish examiner', '2015-08-13')",n-r->n-r,n-r,n-r,Deceptive & Fraudulent Behavior_Defamation,Legal Action,Twitter,https://www.bbc.com/news/technology-33882688
"('Twitter account claiming to be BSF jawan Tej Bahadur Yadav's is fake', 'the times of india', '2018-08-29')",1-r->1-i,1-r,1-i,Deceptive & Fraudulent Behavior_Impersonation,,Twitter ,https://timesofindia.indiatimes.com/india/twitter-account-claiming-to-be-bsf-jawan-tej-bahadur-yadavs-is-fake/articleshow/65580296.cms
"('Twitter page admin held for sharing budget meme', 'the times of india', '2023-03-23')",1-r->n-r,1-r,n-r,Deceptive & Fraudulent Behavior_Defamation,Legal Action,Twitter,https://timesofindia.indiatimes.com/city/chennai/twitter-page-admin-held-for-sharing-budget-meme/articleshow/98928533.cms
"('Twitter sued in row over secret 'hate"" blog', 'the daily telegraph', '2012-02-18')",S->1-r,S,1-r,Deceptive & Fraudulent Behavior_Defamation,Legal Action,Twitter,https://www.telegraph.co.uk/technology/twitter/9088278/Twitter-sued-by-Australian-man-defamed-in-row-over-secret-blog.html
"('Vivek Agnihotri asks Mamata Banerjee for withdrawal of her comments on The Kashmir Files, sends legal notice', 'the hindustan times', '2023-05-09')",1-i->1-i,1-i,1-i,Deceptive & Fraudulent Behavior_Defamation,Legal Action,Twitter,https://www.hindustantimes.com/entertainment/bollywood/vivek-agnihotri-asks-mamata-banerjee-for-withdrawal-of-her-comments-on-the-kashmir-files-sends-legal-notice-101683619677330.html
"('Woman Allegedly Terrorized by Online Date; Three Stabbed in Annandale Nightclub Fight; Holiday Traffic Fatalities Decline', 'the washington post', '2009-05-27')",1-r->1-r,1-r,1-r,Deceptive & Fraudulent Behavior_Fraud,Legal Action,Online,https://www.washingtonpost.com/archive/local/2009/05/27/woman-allegedly-terrorized-by-online-date-three-stabbed-in-annandale-nightclub-fight-holiday-traffic-fatalities-decline/843ece9c-3a49-4792-94b0-41a556394f06/?isMobile=1
"('Woman, 69, falls for gift con, loses Rs 6.6 lakh to fake Facebook friend', 'the times of india', '2020-03-22')",1-r->n-r,1-r,n-r,Deceptive & Fraudulent Behavior_Fraud,Legal Action,Facebook,https://timesofindia.indiatimes.com/city/chandigarh/woman-69-falls-for-gift-con-loses-rs-6-6-lakh-to-fake-facebook-friend/articleshow/74741463.cms
"('YouTube becomes hotbed of pirated videos', 'the korea times', '2019-09-01')",n-r->n-r,n-r,n-r,Deceptive & Fraudulent Behavior_Intellectual Property,Content Removal,Youtube,https://www.koreatimes.co.kr/amp/entertainment/shows-dramas/20190901/pirated-contents-increasing-on-youtube-data
"('Youtube takes down Shirish Kunder's debut short film 'Kriti'', 'the times of india', '2016-07-01')",1-i->1-i,1-i,1-i,Deceptive & Fraudulent Behavior_Intellectual Property,,Youtube,https://mumbaimirror.indiatimes.com/entertainment/bollywood/youtube-takes-down-shirishs-debut-short/articleshow/52982535.cms
"(37-year-old Pune woman duped of rRs.r62 lakh by online matrimonial match, the hindustan times, 2022-01-16)",1-r->1-r,1-r,1-r,Deceptive & Fraudulent Behavior_Fraud,Fraud,Online dating,https://www.hindustantimes.com/cities/pune-news/37yearold-pune-woman-duped-of-62-lakh-by-online-matrimonial-match-101642330708442.html
"(Actress Swathi upset by fake social media accounts!, the times of india, 2020-05-07)",n-r->1-i,n-r,1-i,Deceptive & Fraudulent Behavior_Impersonation,,"Twitter, Facebook",https://timesofindia.indiatimes.com/entertainment/tamil/movies/news/actress-swathi-upset-by-fake-social-media-accounts/articleshow/75568948.cms
"(Calling 'rogue diallers' to account, the guardian, 2004-07-10)",1-i->n-r,1-i,n-r,Deceptive & Fraudulent Behavior_Fraud,,Online,https://www.theguardian.com/money/2004/jul/10/scamsandfraud.jobsandmoney1
"(Chennai: YouTuber arrested for swindling Rs 36 lakh, the times of india, 2022-06-01)",1-i->n-r,1-i,n-r,Deceptive & Fraudulent Behavior_Fraud,"Fraud, Legal Action",Youtube,https://timesofindia.indiatimes.com/city/chennai/chennai-youtuber-arrested-for-swindling-rs-36-lakh/articleshow/91901578.cms
"(Fake accounts in Sivan's name: Isro warns action, the times of india, 2019-09-10)",n-r->1-i,n-r,1-i,Deceptive & Fraudulent Behavior_Impersonation,Misinformation led to action,Twitter,https://timesofindia.indiatimes.com/times-fact-check/news/alert-fake-twitter-accounts-in-the-name-of-isro-chief-k-sivan-on-the-rise/articleshow/71042559.cms
"(Fitness trainer loses Rs 11L in online fraud, the times of india, 2023-07-26)",1-r->1-r,1-r,1-r,Deceptive & Fraudulent Behavior_Fraud,Legal Action,Online,https://timesofindia.indiatimes.com/city/pune/fitness-trainer-loses-rs-11-lakh-in-online-fraud/articleshow/102120681.cms
"(Media companies scramble after judge rules they are liable for Facebook comments, the guardian, 2019-06-25)",1-i->1-r,1-i,1-r,Deceptive & Fraudulent Behavior_Defamation,Legal Action,Facebook,https://www.theguardian.com/technology/2019/jun/25/media-companies-scramble-after-judge-rules-they-are-liable-for-facebook-comments
"(Mishra confident online leak won't harm 'Tera Kya Hoga Johnny', the hindustan times, 2010-01-21)",n-r->1-i,n-r,1-i,Deceptive & Fraudulent Behavior_Intellectual Property,,Online,https://www.hindustantimes.com/entertainment/online-leak-won-t-harm-tera-kya-hoga-johnny-mishra/story-aKM85NFEX8cSMeFbYqltCI.html
"(Mumbai: 'Army man' cons woman of Rs 14,000 in online furniture deal, the times of india, 2020-02-09)",1-r->1-r,1-r,1-r,Deceptive & Fraudulent Behavior_Fraud,Legal Action,WhatsApp,https://timesofindia.indiatimes.com/city/mumbai/mumbai-army-man-cons-woman-of-rs-14000-in-online-furniture-deal/articleshow/74022193.cms
"(Online 'friend' dupes Pune woman of Rs 16.6 lakh, the times of india, 2023-09-13)",1-r->1-r,1-r,1-r,Deceptive & Fraudulent Behavior_Fraud,Legal Action,Social Media,https://timesofindia.indiatimes.com/city/pune/online-friend-dupes-moshi-woman-of-16-6l/articleshow/103593429.cms
"(Payal Rohatgi's bail rejected over social media posts, sent to jail for 8 days, the hindustan times, 2019-12-16)",1-i->1-i,1-i,1-i,Deceptive & Fraudulent Behavior_Defamation,Legal Action,"Facebook, Twitter, Instagram",https://www.hindustantimes.com/bollywood/payal-rohatgi-s-bail-rejected-over-social-media-posts-sent-to-jail-for-8-days/story-zEX3XaZansRD5st6eBsLfI.html
"(Russian trolls' tweets cited in more than 100 UK news articles, the guardian, 2018-09-10)",1-r->n-r,1-r,n-r,Deceptive & Fraudulent Behavior_Impersonation,,Twitter,https://www.theguardian.com/media/2018/sep/10/russian-trolls-tweets-cited-in-more-than-100-uk-news-articles
"(SC: Section of electronic media has crossed the line, the times of india, 2018-03-16)",n-r->1-i,n-r,1-i,Deceptive & Fraudulent Behavior_Defamation,,Online,https://timesofindia.indiatimes.com/india/section-of-electronic-media-has-crossed-the-line-says-supreme-court/articleshow/63324298.cms
"(Scary that you can be swindled online in less than 5 mins: Mahekk Chahal, the times of india, 2022-07-17)",1-r->1-i,1-r,1-i,Deceptive & Fraudulent Behavior_Fraud,Legal Action,Online,https://timesofindia.indiatimes.com/tv/news/hindi/mahekk-chahal-it-is-scary-that-you-can-be-swindled-online-in-less-than-5-minutes-says-naagin-6-actress-mahekk-chahal-who-lost-49000-to-an-online-fraud/articleshow/92870973.cms
"(Sex predator posed as his wife online to lure woman into his bed, the daily telegraph, 2013-01-08)",1-r->1-r,1-r,1-r,Deceptive & Fraudulent Behavior_Impersonation,Violent Behavior,Badoo,https://www.telegraph.co.uk/news/uknews/crime/9786393/Man-posed-as-woman-online-before-raping-victim.html
"(Some media companies choose to profit from pirated YouTube clips, new york times, 2008-08-17)",1-r->1-i,1-r,1-i,Deceptive & Fraudulent Behavior_Intellectual Property,Social Media policy change,Youtube,https://www.nytimes.com/2008/08/17/technology/17iht-16tube.15354521.html
"(Swaraj attacks Meira with her 2013 LS video, the times of india, 2017-06-26)",1-i->1-i,1-i,1-i,Deceptive & Fraudulent Behavior_Defamation,,Twitter,https://www.onmanorama.com/in-depth/indian-president-election/2017/06/25/sushma-swaraj-posts-video-her-ls-speech-interrupted-meira-kumar.html
"(Thai authorities launch online hunt for royal insults, dpa international (english), 2016-10-24)",n-r->1-i,n-r,1-i,Deceptive & Fraudulent Behavior_Defamation,Remove Content,Google,https://www.bbc.com/news/world-asia-37738830
"(Trade in fake reviews still ‘thriving’ on Facebook, says Which?, the guardian, 2023-04-21)",n-r->n-r,n-r,n-r,Deceptive & Fraudulent Behavior_Fraud,"Restriction on social media usage (content remove, ban, etc.)",Facebook,https://www.theguardian.com/money/2023/apr/21/trade-in-fake-reviews-still-thriving-on-facebook-says-which
"(Twitter Contends With Bogus Accounts, wall street journal, 2013-11-26)",1-i->n-r,1-i,n-r,Deceptive & Fraudulent Behavior_Impersonation,platform reputation damage,Twitter,https://www.wsj.com/articles/bogus-accounts-dog-twitter-1385335134
"(Twitter suspends 70 fake a/cs of Army officers, the times of india, 2019-09-20)",n-r->n-i,n-r,n-i,Deceptive & Fraudulent Behavior_Impersonation,Platform Ban,Twitter,https://timesofindia.indiatimes.com/india/twitter-suspends-70-handles-claiming-to-be-of-army-brass/articleshow/71210296.cms
"(Woman duped of Rs 1.71 lakh in 'like video &amp; earn' scam in Pune, the times of india, 2023-01-31)",n-r->1-r,n-r,1-r,Deceptive & Fraudulent Behavior_Fraud,Legal Action,Online,https://timesofindia.indiatimes.com/city/pune/woman-duped-of-rs-1-71-lakh-in-like-video-earn-scam/articleshow/97428425.cms
"(Youth collects Rs 56k via fake online profile, the times of india, 2021-01-07)",1-r->1-r,1-r,1-r,Deceptive & Fraudulent Behavior_Fraud,,Social Media,https://timesofindia.indiatimes.com/city/pune/youth-collects-rs-56k-via-fake-online-profile/articleshow/80141398.cms
Akhilesh: BJP conspiring to defame SP via social media,n-r->1-i,n-r,1-i,Deceptive & Fraudulent Behavior_Impersonation,Legal Action,Social Media,https://timesofindia.indiatimes.com/city/lucknow/akhilesh-bjp-conspiring-to-defame-sp-via-social-media/articleshow/84875714.cms
Another jawan airs woes on social media,1-r->1-i,1-r,1-i,Deceptive & Fraudulent Behavior_Defamation,,Social Media,https://www.nytimes.com/2017/01/04/us/chicago-racially-charged-attack-video.html
Australian farmer escapes Internet love scam from Mali,n-r->1-r,n-r,1-r,Deceptive & Fraudulent Behavior_Fraud,Violent Behavior,Online  ,https://www.nytimes.com/2007/08/13/world/africa/13iht-mali.1.7095737.html
Bengaluru: Facebook friend cheats advocate of Rs 5.2 lakh,1-r->1-r,1-r,1-r,Deceptive & Fraudulent Behavior_Fraud,,Facebook,https://timesofindia.indiatimes.com/city/bengaluru/bengaluru-facebook-friend-cheats-advocate-of-rs-5-2-lakh/articleshow/76379283.cms
Ce­rra­da una red ile­gal que dis­tri­buía fil­mes ‘on­li­ne’,n-r->n-r,n-r,n-r,Deceptive & Fraudulent Behavior_Intellectual Property,Legal Action,Social Network,https://www.pressreader.com/spain/el-pais-1a-edicion-1244/20200422/281990379664471?srsltid=AfmBOor5GwxXWTKkLtXTz0nnCsN1_FwrrrGwzIVY-a4T5flbzehjLxbv
Chennai: Fake Twitter profile deleted following actor Senthil’s complaint,1-r->1-i,1-r,1-i,Deceptive & Fraudulent Behavior_Impersonation,Remove Content,Twitter,"https://timesofindia.indiatimes.com/city/chennai/chennai-fake-twitter-profile-deleted-following-actor-senthils-complaint/articleshow/83530323.cms#:~:text=CHENNAI%3A%20Veteran%20actor%20and%20comedian,profile%20was%20deactivated%20within%20hours."
China Focus: China to formally conduct ID verification of online gamers to curb addiction,1-r->1-i,1-r,1-i,Deceptive & Fraudulent Behavior_Impersonation,,Game,https://www.reuters.com/article/technology/data-of-13-million-south-korean-online-game-subscribers-hacked-idUSTRE7AP09I/
Defiant Web users expose 'secret' DVD cipher,n-r->1-i,n-r,1-i,Deceptive & Fraudulent Behavior_Intellectual Property,"Restriction on social media usage (content remove, ban, etc.)","Youtube, Digg",https://www.nytimes.com/2007/05/03/technology/03iht-code.1.5547177.html
Don't make posts: Court tells retired IAS officer,n-i->n-i,n-i,n-i,Deceptive & Fraudulent Behavior_Defamation,Legal Action,Social Media,https://timesofindia.indiatimes.com/city/jaipur/dont-make-posts-court-tells-retired-ias-officer/articleshow/93041796.cms
"Engineer falls for 'like video &amp; earn' lure, loses `9 lakh",n-r->1-r,n-r,1-r,Deceptive & Fraudulent Behavior_Fraud,Legal Action,Online,https://www.telegraph.co.uk/world-news/2023/09/05/chip-challenge-spicy-dies-coffin-tiktok-massachusetts-boy/
Fake FB account: MCC commissioner approaches police,1-r->1-i,1-r,1-i,Deceptive & Fraudulent Behavior_Impersonation,,Facebook,https://timesofindia.indiatimes.com/city/mysuru/fake-fb-account-mcc-commissioner-approaches-police/articleshow/80998771.cms
Going online for gripes of wrath,n-r->n-i,n-r,n-i,Deceptive & Fraudulent Behavior_Defamation,Legal Action,Online,https://www.theguardian.com/money/2005/jan/15/consumerissues.jobsandmoney
Google not responsible for 'internet graffiti' rules judge,n-r->1-i,n-r,1-i,Deceptive & Fraudulent Behavior_Defamation,Legal Action,Blog,https://www.telegraph.co.uk/technology/google/9118986/Google-not-responsible-for-internet-graffiti-rules-judge.html
Gujarat youth held in online job fraud,n-r->1-r,n-r,1-r,Deceptive & Fraudulent Behavior_Fraud,"Fraud, Legal Action",Online,https://timesofindia.indiatimes.com/city/visakhapatnam/gujarat-youth-held-in-online-job-fraud/articleshow/38939407.cms
Heading Off New Account Fraud,1-r->1-r,1-r,1-r,Deceptive & Fraudulent Behavior_Impersonation,,Online,https://www.nytimes.com/2008/05/24/business/yourmoney/24moneyside.html
"In 92 days, India lost Rs 128 crore in card, online fraud",n-r->n-r,n-r,n-r,Deceptive & Fraudulent Behavior_Fraud,,Online,https://timesofindia.indiatimes.com/business/india-business/in-92-days-india-lost-rs-128-crore-in-card-online-fraud/articleshow/74571025.cms
Internet giants seek full trial over defamatory video,1-r->1-r,1-r,1-r,Deceptive & Fraudulent Behavior_Defamation,Legal Action,Youtube,https://www.wsj.com/articles/risks-of-being-rich-on-social-media-1387585352
Jiiva’s 'Kee' gets leaked online by the piracy website Tamilrockers,n-r->n-r,n-r,n-r,Deceptive & Fraudulent Behavior_Intellectual Property,Protective Measures,Tamilrockers,https://timesofindia.indiatimes.com/entertainment/tamil/movies/news/jiivas-kee-gets-leaked-online-by-the-piracy-website-tamilrockers/articleshow/69294029.cms
Le Vietnam renforce son arsenal r√©pressif sur Internet,n-r->1-i,n-r,1-i,Deceptive & Fraudulent Behavior_Defamation,Legislation,Social Media,https://www.bloomberg.com/news/articles/2014-01-03/facebook-and-google-face-challenges-to-their-right-to-read-your-messages
Man creates fake FB profile to talk with estranged wife,1-r->1-r,1-r,1-r,Deceptive & Fraudulent Behavior_Impersonation,Legal Action,Facebook,https://timesofindia.indiatimes.com/city/vadodara/man-creates-fake-fb-profile-to-talk-with-estranged-wife/articleshow/76717927.cms
Metro Briefing New York: Brooklyn: Online Crime Hot Line,1-r->1-r,1-r,1-r,Deceptive & Fraudulent Behavior_Fraud,Fraud,Online Dating,https://www.nytimes.com/2005/08/12/nyregion/metro-briefing-new-york-brooklyn-online-crime-hot-line.html
More than 380 victims lost at least $15m to Internet love scams since start of 2022: Police,n-r->n-r,n-r,n-r,Deceptive & Fraudulent Behavior_Fraud,Legal Action,Social Media,https://www.straitstimes.com/singapore/courts-crime/more-than-380-victims-lost-at-least-15m-to-internet-love-scams-since-start-of-2022-police
"Mumbai: Fake facebook friend dupes Vasai man of Rs 80,000",1-r->1-r,1-r,1-r,Deceptive & Fraudulent Behavior_Fraud,Legal Action,Facebook,https://www.daijiworld.com/news/newsDisplay?newsID=788168
Mumbai: Senior citizen duped in online wine fraud,1-i->1-r,1-i,1-r,Deceptive & Fraudulent Behavior_Fraud,,Online,https://timesofindia.indiatimes.com/city/mumbai/mumbai-senior-citizen-duped-in-online-wine-fraud/articleshow/82034580.cms
"One man, 8 profiles and an elaborate hoax",1-r->n-r,1-r,n-r,Deceptive & Fraudulent Behavior_Impersonation,Legal Action,Facebook,https://www.hindustantimes.com/india-news/one-man-8-profiles-and-an-elaborate-hoax/story-2vWx4Ot7lqrsasXK2UylCI.html
Online offers that are too good to be true,n-r->n-r,n-r,n-r,Deceptive & Fraudulent Behavior_Fraud,,eBay,https://www.theguardian.com/technology/2008/jul/04/ebay.internet
"Online Sharing Evolves for Warner Bros.; Peer-to-Peer Technology, Long Scorned for Pirating, Is Tapped for Sales of Movies, Shows",1-i->1-i,1-i,1-i,Deceptive & Fraudulent Behavior_Intellectual Property,,Online,https://www.wsj.com/articles/SB114713643969447342
Punjabi-British FB friendship logs out with Rs 9 lakh fraud,1-r->n-r,1-r,1-r,Deceptive & Fraudulent Behavior_Fraud,,Facebook,https://timesofindia.indiatimes.com/city/chandigarh/punjabi-british-fb-friendship-logs-out-with-rs-9-lakh-fraud/articleshow/47486311.cms
Reader scammed by fake Guardian webpage; Copycat Guardian site used by loan company to boost its credibility,1-i->n-r,1-i,n-r,Deceptive & Fraudulent Behavior_Fraud,Legal Action,Guardian,https://www.theguardian.com/money/2014/jul/19/fake-guardian-webpages-boost-credibility
Surfers count the cost of internet hijacking,n-r->n-r,n-r,n-r,Deceptive & Fraudulent Behavior_Fraud,"Fraud, Protective Measures",Online,https://www.irishtimes.com/business/surfers-count-the-cost-of-internet-hijacking-1.459762
Two held for selling counterfeit versions of branded clothes online,n-r->n-r,n-r,n-r,Deceptive & Fraudulent Behavior_Fraud,Legal Action,Social Media,https://www.hindustantimes.com/cities/gurugram-news/two-held-for-selling-counterfeit-versions-of-branded-clothes-online-101614967141856.html
Vedhika clarifies about the fake Twitter handle of THIS blockbuster director,1-r->1-i,1-r,1-i,Deceptive & Fraudulent Behavior_Impersonation,Public Message from/to Social Media,Twitter,https://www.reuters.com/article/technology/financial-market-website-zero-hedge-knocked-off-twitter-over-coronavirus-story-idUSKBN1ZX06V/
"Web Photos That Reveal Secrets, Like Where You Live",n-r->n-r,n-r,n-r,Deceptive & Fraudulent Behavior_Cybersecurity,,Online,https://www.nytimes.com/2010/08/12/technology/personaltech/12basics.html
Why Reviews On the Web Say Bad Things,n-r->n-r,n-r,n-r,Deceptive & Fraudulent Behavior_Defamation,,Online Shopping,https://timesofindia.indiatimes.com/city/chandigarh/sikh-federation-writes-to-facebook-to-stop-derogatory-depiction-comments-of-sikh-gurus/articleshow/21124514.cms
World Briefing | Asia: China: Police Seize Fake Tamiflu Sold On Internet,n-r->n-r,n-r,n-r,Deceptive & Fraudulent Behavior_Fraud,,Internet,https://www.nytimes.com/2006/08/31/health/world/world-briefing-asia-china-police-seize-fake-tamiflu-sold-on.html
"(''Took these many years to win 1 World Cup': Twitter lashes out at Michael Vaughan for latest India dig', 'the hindustan times', '2021-07-02')",1-i->n-i,1-i,n-i,Offensive & Objectionable Content_Hateful Content,Public Backlash,Twitter,https://www.hindustantimes.com/cricket/took-these-many-years-to-win-1-world-cup-twitter-lashes-out-at-michael-vaughan-for-latest-india-dig-101625202775120.html
"('""BS"", twittert der Tesla-Chef', 'die welt', '2016-07-11')",1-i->1-i,1-i,1-i,Offensive & Objectionable Content_Hateful Content,,Twitter,https://www.welt.de/wirtschaft/article156939425/Elon-Musk-nach-Unfaellen-erstaunlich-duennhaeutig.html
"('Action will follow if you criticise govt on social media: Rajasthan DGP to cops', 'the hindustan times', '2018-02-06')",n-r->1-i,n-r,1-i,Offensive & Objectionable Content_Hateful Content,Legal Action,Social Media,https://www.hindustantimes.com/jaipur/action-will-follow-if-you-criticise-govt-on-social-media-rajasthan-dgp-to-cops/story-E51gkyofpS4VtTuKXnJ7TK.html
"('AfD verklärt hässliche Tweets zu heroischen Akten', 'die welt', '2018-01-03')",1-i->n-r,1-i,n-r,Offensive & Objectionable Content_Hateful Content,Remove Content,Twitter,https://www.welt.de/politik/deutschland/article172108821/AfD-Gauland-verklaert-von-Storchs-und-Weidels-Tweets.html
"('Arya slams a netizen for an offensive comment on her daughter; says 'don't know how to deal with a virus like you'', 'the times of india', '2020-03-28')",1-r->1-i,1-r,1-i,Offensive & Objectionable Content_Hateful Content,Public Message to Social Media,Social Media,https://timesofindia.indiatimes.com/tv/news/malayalam/arya-slams-a-netizen-for-an-offensive-comment-on-her-daughter-says-dont-know-how-to-deal-with-a-virus-like-you/articleshow/74848192.cms
"('As Alex Jones rails against ‘Big Tech,’ his Infowars stores still thrive online', 'the washington post', '2018-09-10')",1-i->n-r,1-i,n-r,Offensive & Objectionable Content_Hateful Content,Banned from Social Media,"Twitter, Facebook",https://www.washingtonpost.com/technology/2018/09/10/alex-jones-rails-against-big-tech-his-infowars-stores-still-thrive-online/
"('Backlash over sexist comments on Sky News as Hanson-Young goes to law', 'the guardian', '2018-07-02')",1-i->1-i,1-i,1-i,Offensive & Objectionable Content_Hateful Content,Public Apology,TV,https://www.theguardian.com/media/2018/jul/02/sarah-hanson-young-legal-advice-sky-news-sexist-progamme
"('BBC Scotland drops shows featuring maker of dog Nazi salute video', 'the guardian', '2019-03-04')",1-i->n-r,1-i,n-r,Offensive & Objectionable Content_Hateful Content,Restricted from job/school,YouTube,https://www.theguardian.com/media/2019/mar/03/bbc-scotland-drops-shows-featuring-maker-of-dog-nazi-salute-video
"('Bolly Buzz: Kartik Aaryan slammed for portraying violence, Sonu Nigam takes over Twitter trends for no-fault and Sara Ali Khan turned poet on Earth Day', 'the times of india', '2020-04-23')",1-i->n-r,1-i,n-r,Offensive & Objectionable Content_Graphic&Violent Content,Remove Content,Online,https://timesofindia.indiatimes.com/entertainment/hindi/bollywood/news/bolly-buzz-kartik-aaryan-slammed-for-portraying-violence-sonu-nigam-takes-over-twitter-trends-for-no-fault-and-sara-ali-khan-turns-poet-on-earth-day/articleshow/75298593.cms
"('Bombay High Court orders blocking of objectionable video on social media', 'the hindustan times', '2020-05-24')",1-r->n-r,1-r,n-r,Offensive & Objectionable Content_Hateful Content,Legal Action,"Youtube, Facebook",https://www.hindustantimes.com/india-news/bombay-high-court-orders-blocking-of-objectionable-video-on-social-media/story-nyqCZt0FjN0myzWHem1u4L.html
"('BP worker fired for Hitler video wins compensation', 'the daily telegraph', '2020-08-12')",1-r->1-i,1-r,1-i,Offensive & Objectionable Content_Hateful Content,Restricted from job/school,Facebook,https://www.bbc.com/news/world-australia-53730847
"('Calling candidate C-word did not breach ABC standards, media watchdog says', 'the guardian', '2018-08-10')",1-i->1-i,1-i,1-i,Offensive & Objectionable Content_Hateful Content,Public Apology,TV,https://www.theguardian.com/media/2018/aug/10/calling-candidate-c-word-did-not-breach-abc-standards-media-watchdog-says
"('Cavallari posts photo of Cutler's nude booty', 'chicago tribune', '2017-03-29')",1-i->n-r,1-i,n-r,Offensive & Objectionable Content_Nudity & Sexual Activity,,Instagram,https://www.mcall.com/2017/03/28/kristin-cavallari-shares-nude-photo-of-jay-cutler-on-instagram/
"('Cher slams fan on Twitter over 'Burlesque' Academy Awards snub', 'the hindustan times', '2011-01-27')",1-r->1-i,1-r,1-i,Offensive & Objectionable Content_Hateful Content,,Twitter,https://www.filmibeat.com/music/international/2011/cher-slams-fan-burlesque-oscar-snub-270111-aid0062.html
"('CM Shivraj's son wades into bitter Congress-BJP Twitter war', 'the hindustan times', '2023-05-24')",1-i->1-i,1-i,1-i,Offensive & Objectionable Content_Hateful Content,,Twitter,https://www.hindustantimes.com/cities/bhopal-news/son-of-madhya-pradesh-cm-shivraj-singh-chouhan-kartikey-enters-social-media-battle-with-congress-over-family-video-101684935692337.html
"('Coarse tweets by users PM follows spark row', 'the times of india', '2017-09-07')",n-r->1-i,n-r,1-i,Offensive & Objectionable Content_Hateful Content,Public Backlash,Twitter,https://timesofindia.indiatimes.com/india/gauri-lankeshs-murder-coarse-tweets-by-users-pm-follows-spark-row/articleshow/60400588.cms
"('Comment: From hunter to hunted: The prankster DJs are just the latest sacrifice to the public appetite for humiliation and scorn', 'the guardian', '2012-12-10')",S->n-r,S,n-r,Offensive & Objectionable Content_Hateful Content,,Twitter,https://www.theguardian.com/commentisfree/2012/dec/09/royal-prankster-hunter-hunted
"('Congman files police plaint against web series', 'the times of india', '2018-07-11')",n-i->1-i,n-i,1-i,Offensive & Objectionable Content_Hateful Content,Regulatory Inquiry,Online,https://www.outlookindia.com/society/congress-man-files-complaint-against-netflixs-sacred-games-for-insulting-rajiv-g-news-313350
"('Cops probe Facebook post with PM Modi's photograph', 'the times of india', '2018-04-24')",1-r->1-i,1-r,1-i,Offensive & Objectionable Content_Graphic&Violent Content,Legal Action,Facebook,https://timesofindia.indiatimes.com/city/varanasi/cops-probe-facebook-post-with-pm-modis-photograph/articleshow/63886061.cms
"('Dealing With an Identity Hijacked on the Online Highway', 'new york times', '2011-09-25')",S->1-i,S,1-i,Offensive & Objectionable Content_Hateful Content,,Google,https://www.nytimes.com/2011/09/26/business/media/an-identity-hijacked-on-the-online-highway.html
"('Delaware Governor Apologizes for 'Inappropriate' Twitter Photo; Aide Blames Her Clumsy Typing in Posting the Image', 'wall street journal', '2014-09-04')",1-i->n-r,1-i,n-r,Offensive & Objectionable Content_Nudity & Sexual Activity,Public Apology,Twitter,https://www.wsj.com/articles/delaware-governor-apologizes-for-inappropriate-twitter-photo-1409844821
"('Disha Patani on trolls: I don't care, I'm not uploading anything for their approval', 'the hindustan times', '2018-05-02')",n-r->1-i,n-r,1-i,Offensive & Objectionable Content_Hateful Content,,Social Media,https://www.hindustantimes.com/bollywood/disha-patani-on-trolls-i-don-t-care-i-m-not-uploading-anything-for-their-approval/story-RREBfQ3bfatL8brhjuK14O.html
"('Egyptian artist defies Islamic extremism by posting nude self-photos on web', 'the hindustan times', '2011-11-17')",1-i->n-r,1-i,n-r,Offensive & Objectionable Content_Nudity & Sexual Activity,,Online,https://indianexpress.com/article/news-archive/print/egyptian-activist-posts-nude-selfphotos-to-defy-islamic-extremism/
"('Essex police examine golliwog pub landlord’s ‘racist’ Facebook posts', 'the guardian', '2023-04-13')",1-r->n-r,1-r,n-r,Offensive & Objectionable Content_Hateful Content,Legal Action,Facebook,https://www.theguardian.com/world/2023/apr/13/essex-police-investigating-golliwog-pub-display-examine-landlord-lynching-post
"('Facebook bans naked UK woman's Demi Moore-like baby bump photo', 'the hindustan times', '2011-02-21')",S->1-r,S,1-r,Offensive & Objectionable Content_Nudity & Sexual Activity,Remove Content,Facebook,https://www.mid-day.com/news/world-news/article/facebook-bans-naked-woman-s-demi-moore-like-baby-bump-photo-113081
"('Fan’s Video, Shared by Trump, Plays to Base’s Sense of Grievance', 'new york times', '2019-04-09')",1-i->n-r,1-i,n-r,Offensive & Objectionable Content_Hateful Content,Remove Content,Twitter,https://www.nytimes.com/2019/04/09/us/politics/donald-trump-video.html
"('Footballer sacked for tweets about Arter's stillborn child', 'irish times', '2017-01-05')",1-i->1-i,1-i,1-i,Offensive & Objectionable Content_Hateful Content,Restricted from job/school,Twitter,https://www.irishtimes.com/sport/soccer/english-soccer/footballer-sacked-by-club-for-tweets-about-harry-arter-s-stillborn-child-1.2925365
"('Four men arrested for broadcasting sex act on mobile app', 'the nation', '2018-09-21')",n-r->n-r,n-r,n-r,Offensive & Objectionable Content_Nudity & Sexual Activity,Legal Action,Online,https://thethaiger.com/news/national/four-men-arrested-over-sex-act-broadcast-on-mobile-app
"('French online hate speech bill aims to wipe out racist trolling', 'the guardian', '2019-06-29')",n-r->n-r,n-r,n-r,Offensive & Objectionable Content_Hateful Content,Legistlation,Social Media,https://www.theguardian.com/world/2019/jun/29/french-online-hate-speech-bill-aims-to-wipe-out-racist-trolling
"('G2: Arts: Comment: Twitter has allowed us to see directly into the brain of 50 Cent. And it's not pretty', 'the guardian', '2010-09-27')",1-i->n-r,1-i,n-r,Offensive & Objectionable Content_Hateful Content,,Twitter,https://www.theguardian.com/music/2010/sep/26/sam-leith-50-cent-twitter
"('Gardai investigate after schoolgirl fight video goes viral', 'irish examiner', '2012-10-12')",1-r->n-r,1-r,n-r,Offensive & Objectionable Content_Graphic&Violent Content,,Online,https://www.irishexaminer.com/news/arid-20210674.html
"('Gauahar Khan calls Justin Bieber and Hailey Bieber 'dumb' for their comment on fasting: 'Get an education...'', 'the hindustan times', '2023-03-31')",1-i->n-i,1-i,n-i,Offensive & Objectionable Content_Hateful Content,,Instagram,https://www.hindustantimes.com/entertainment/bollywood/gauahar-khan-calls-justin-bieber-and-hailey-bieber-dumb-for-their-comment-on-fasting-get-an-education-101680274058540.html
"('Heeding Supreme Court, Facebook makes it harder to remove offensive content', 'the times of india', '2016-05-01')",n-r->n-r,n-r,n-r,Offensive & Objectionable Content_Hateful Content,Legal Action,Facebook,https://economictimes.indiatimes.com/tech/internet/heeding-supreme-court-facebook-makes-it-harder-to-remove-offensive-content/articleshow/52048317.cms?from=mdr
"('Here's how Instagram plans to protect your DMs from spammers, unknown users', 'the times of india', '2023-08-05')",n-r->n-r,n-r,n-r,Offensive & Objectionable Content_Nudity & Sexual Activity,Social Media Policy Change,Instagram,https://timesofindia.indiatimes.com/gadgets-news/heres-how-instagram-plans-to-protect-your-dms-from-spammers-unknown-users/articleshow/102423983.cms
"('Homewood-Flossmoor students upset about blackface photos; school confirms 'culturally insensitive' posts on social media', 'chicago tribune', '2019-04-30')",n-r->n-r,n-r,n-r,Offensive & Objectionable Content_Hateful Content,Restricted from job/school,Snapchat,https://www.chicagotribune.com/2019/04/30/homewood-flossmoor-students-upset-about-blackface-photos-school-confirms-culturally-insensitive-posts-on-social-media/
"('Hounded Online and in Person, Woman Apologizes for Abusing Cat', 'new york times', '2010-08-25')",1-r->n-r,1-r,n-r,Offensive & Objectionable Content_Graphic&Violent Content,"Public Apology, Legal Action","Facebook, Youtube",https://archive.nytimes.com/thelede.blogs.nytimes.com/2010/08/25/hounded-online-and-in-person-woman-apologizes-for-abusing-cat/
"('Israeli soldiers given a dressing down for scantily-clad poses on Facebook', 'the daily telegraph', '2013-06-04')",n-r->n-r,n-r,n-r,Offensive & Objectionable Content_Nudity & Sexual Activity,Restricted from job/school,Facebook,https://www.koreatimes.co.kr/world/20130605/female-israeli-soldiers-disciplined-for-unbecoming-behavior
"('Kangana Ranaut's team hits back at Kubbra Sait after she calls her Twitter handle 'toxic', Sushant Singh Rajput's niece shares an anecdote', 'the hindustan times', '2020-08-11')",1-i->1-i,1-i,1-i,Offensive & Objectionable Content_Hateful Content,,Twitter,https://www.hindustantimes.com/bollywood/kangana-ranaut-s-team-hits-back-at-kubbra-sait-after-she-calls-her-twitter-handle-toxic-sushant-singh-rajput-s-niece-shares-an-anecdote/story-U573RKEcfnsepoZuYCqsAN.html
"('Kentucky newspapers suffer twin threats amid rising anti-media climate', 'the guardian', '2017-05-30')",1-i->1-i,1-i,1-i,Offensive & Objectionable Content_Hateful Content,,Twitter,https://www.theguardian.com/us-news/2017/may/30/kentucky-newspapers-attack-anti-media
"('Korean-American NYT reporter in hot water over anti-white tweets', 'the korea times', '2018-08-06')",1-i->n-r,1-i,n-r,Offensive & Objectionable Content_Hateful Content,Public Backlash,Twitter,https://www.koreatimes.co.kr/world/20180806/korean-american-nyt-reporter-in-hot-water-over-anti-white-tweets
"('Kulgam clashes go 'live' on Facebook in volatile Kashmir Valley', 'the hindustan times', '2017-02-13')",n-r->n-r,n-r,n-r,Offensive & Objectionable Content_Graphic&Violent Content,,Facebook (Live),https://www.hindustantimes.com/india-news/clashes-go-live-on-social-media-in-volatile-kashmir-valley/story-8c16oYi5qDc0MHyCVdI0KJ.html
"('Man accused of racist Mikaeel comments', 'the daily telegraph', '2014-01-23')",1-r->n-r,1-r,n-r,Offensive & Objectionable Content_Hateful Content,Legal Action,"Twitter, Facebook",https://www.bbc.com/news/uk-scotland-25802808
"('Man assaulted by lover's kin, clip goes viral', 'the times of india', '2019-03-17')",1-r->n-r,1-r,n-r,Offensive & Objectionable Content_Graphic&Violent Content,Legal Action,Social Media,https://timesofindia.indiatimes.com/city/jaipur/man-assaulted-by-lovers-kin-clip-goes-viral/articleshow/68445547.cms
"('Man fined for sending lewd videos to subordinate', 'the straits times', '2021-03-31')",1-r->1-r,1-r,1-r,Offensive & Objectionable Content_Nudity & Sexual Activity,Legal Action,Whatsapp,https://www.straitstimes.com/singapore/courts-crime/man-who-sent-sexually-explicit-videos-to-young-female-subordinate-fined-5500
"('Man hacks Facebook account of wife, booked', 'the times of india', '2016-07-01')",1-r->n-r,1-r,n-r,Offensive & Objectionable Content_Hateful Content,Legal Action,Facebook,https://timesofindia.indiatimes.com/city/gurgaon/man-hacks-facebook-account-of-wife-booked/articleshow/52982185.cms
"('Man who allegedly bragged on social media about ‘putting two bodies’ on a gun is indicted in second slaying', 'chicago tribune', '2020-04-28')",1-r->n-r,1-r,n-r,Offensive & Objectionable Content_Graphic&Violent Content,Legal Actioin,Facebook Live,https://www.chicagotribune.com/2020/04/28/man-who-allegedly-bragged-on-social-media-about-putting-two-bodies-on-a-gun-is-indicted-in-second-slaying/
"('Marine Corps Air Station Miramar investigating blackface video', 'los angeles times', '2019-03-05')",n-r->n-r,n-r,n-r,Offensive & Objectionable Content_Hateful Content,Legal Action,Twitter,https://www.latimes.com/local/lanow/la-me-ln-blackface-miramar-20190305-story.html
"('Mineurs et pornographie sur Internet : un casse-tête technique', 'le monde', '2023-06-20')",n-r->n-r,n-r,n-r,Offensive & Objectionable Content_Nudity & Sexual Activity,Legislation,Online,https://www.lemonde.fr/pixels/article/2023/06/18/mineurs-et-pornographie-sur-internet-un-casse-tete-technique_6178207_4408996.html
"('Musk Era Has Ravaged Twitter Ads', 'new york times', '2023-06-06')",n-r->n-r,n-r,n-r,Offensive & Objectionable Content_Hateful Content,Platform Reputation Damage,Twitter,https://www.nytimes.com/2023/06/05/technology/twitter-ad-sales-musk.html
"('MUSLIM MASSACRE ONLINE GAME CAUSES OUTRAGE', 'the hindustan times', '2008-11-04')",1-i->n-r,1-i,n-r,Offensive & Objectionable Content_Hateful Content,Legal Action,Muslim Massacre,https://www.oneindia.com/2008/11/04/muslim-massacre-online-game-outrage-1225798380.html
"('Myanmar army chief's Twitter account suspended over anti-Rohingya hate speech', 'the guardian', '2019-05-16')",1-i->n-r,1-i,n-r,Offensive & Objectionable Content_Hateful Content,Platform Ban,Twitter,https://www.theguardian.com/world/2019/may/16/myanmar-army-chiefs-twitter-account-suspended-over-anti-rohingya-hate-speech
"('Nationals comfortable with minor league team’s investigation of video targeting Ocasio-Cortez', 'the washington post', '2019-05-30')",1-i->1-i,1-i,1-i,Offensive & Objectionable Content_Hateful Content,"Restricted from job/school, Public Apology",Youtube,https://www.washingtonpost.com/sports/2019/05/30/nationals-comfortable-with-minor-league-teams-investigation-video-targeting-ocasio-cortez/
"('Normal social restraints are weakened in cyberspace. - Technology &amp; Media - International Herald Tribune', 'new york times', '2007-02-20')",1-r->1-r,1-r,1-r,Offensive & Objectionable Content_Hateful Content,,Online Chat,https://www.nytimes.com/2007/02/20/technology/20iht-email.4656417.html
"('Notice against Abu Faisal for inflammatory video', 'the times of india', '2020-06-06')",1-r->n-r,1-r,n-r,Offensive & Objectionable Content_Hateful Content,Legal Action,Social Media,https://timesofindia.indiatimes.com/city/hyderabad/notice-against-abu-faisal-for-inflammatory-video/articleshow/76225353.cms
"('Online real-name system unconstitutional', 'the korea times', '2012-08-23')",n-r->n-r,n-r,n-r,Offensive & Objectionable Content_Hateful Content,Legal Action,Online,https://www.koreatimes.co.kr/southkorea/20120823/online-real-name-system-unconstitutional
"('Racist Comments Cost Conservative Parkland Student a Place at Harvard', 'new york times', '2019-06-17')",1-r->n-r,1-r,n-r,Offensive & Objectionable Content_Hateful Content,Restricted from job/school,Twitter,https://www.nytimes.com/2019/06/17/us/parkland-kyle-kashuv-harvard.html
"('Readers Protest ‘Hate Speech’ in Comments Section on Down Syndrome', 'new york times', '2014-09-09')",1-r->n-r,1-r,n-r,Offensive & Objectionable Content_Hateful Content,,Twitter,https://archive.nytimes.com/publiceditor.blogs.nytimes.com/2014/09/09/readers-protest-hate-speech-in-comments-section-on-down-syndrome/
"('REVIEW --- Banning Hate Speech Won't Make Europe Any Safer --- A new EU plan aims to prevent the spread of hatred, but the continent's history shows that restricting extremist views often ends up amplifying them.', 'wall street journal', '2022-02-05')",n-r->n-r,n-r,n-r,Offensive & Objectionable Content_Hateful Content,Legislation,Social Media,https://www.wsj.com/politics/will-banning-hate-speech-make-europe-safer-11643985138
"('Russia takes its Ukraine information war into video games.', 'new york times', '2023-07-31')",1-i->n-r,1-i,n-r,Offensive & Objectionable Content_Hateful Content,,Online Game,https://www.nytimes.com/2023/07/30/technology/russia-propaganda-video-games.html
"('Russian hackers who stole DNC emails failed at social media. WikiLeaks helped.', 'the washington post', '2019-11-12')",n-r->n-r,n-r,n-r,Offensive & Objectionable Content_Hateful Content,,Parler,https://www.washingtonpost.com/business/technology/russian-hackers-who-stole-dnc-emails-failed-at-social-media-wikileaks-helped/2019/11/12/751690ae-0580-11ea-a5e2-fccc16fa3576_story.html
"('Scottish councillors cautioned about rash twittering', 'the hindustan times', '2010-06-07')",1-i->n-r,1-i,n-r,Offensive & Objectionable Content_Hateful Content,,Twitter,https://www.hindustantimes.com/world/scottish-officials-warned-about-rash-tweets/story-KCAgSXZKKWPMdxw1HQNaaJ.html
"('Seen on Craigslist: The Online Market for Senate Seats', 'new york times', '2008-12-10')",1-r->1-i,1-r,1-i,Offensive & Objectionable Content_Hateful Content,,Craigslist,https://archive.nytimes.com/economix.blogs.nytimes.com/2008/12/10/seen-on-craigslist-the-online-market-for-senate-seats/
"('So, Mark Zuckerberg wants to repent for Facebook's sins? He can start here | Ellen P Goodman', 'the guardian', '2017-10-02')",S->n-r,S,n-r,Offensive & Objectionable Content_Hateful Content,Public Apology,Facebook,https://www.theguardian.com/commentisfree/2017/oct/02/mark-zuckerberg-repent-facebooks-sins
"('Stephen King and Ted Cruz feud on Twitter', 'los angeles times', '2018-07-16')",1-i->1-i,1-i,1-i,Offensive & Objectionable Content_Hateful Content,,Twitter,https://www.latimes.com/books/la-et-jc-stephen-king-ted-cruz-20180716-story.html
"('Steve King Back in Spotlight After Comments on Uighurs', 'new york times', '2019-08-27')",1-i->n-r,1-i,n-r,Offensive & Objectionable Content_Hateful Content,,Twitter,https://www.nytimes.com/2019/08/27/us/politics/steve-king-china-uighurs.html
"('Tamil Nadu man posts beef fest invite on FB, held', 'the hindustan times', '2019-07-18')",1-i->n-r,1-i,n-r,Offensive & Objectionable Content_Hateful Content,Legal Action,Facebook,https://www.hindustantimes.com/india-news/tamil-nadu-man-posts-beef-fest-invite-on-fb-held/story-d3EW0lBpNd5NmEYZupZX9I.html
"('Temasek calls out racist Facebook posts', 'the straits times', '2020-08-16')",n-r->n-r,n-r,n-r,Offensive & Objectionable Content_Hateful Content,,Facebook,https://www.straitstimes.com/singapore/temasek-slams-racist-facebook-posts-targeting-its-indian-employees
"('This Story Stinks', 'new york times', '2013-03-03')",n-r->n-r,n-r,n-r,Offensive & Objectionable Content_Hateful Content,,Online,https://www.nytimes.com/2013/03/03/opinion/sunday/this-story-stinks.html
"('Troll calls R Madhavan 'fake' for having a cross at home, actor says 'don't worry about respect from likes of you'', 'the hindustan times', '2019-08-16')",1-r->1-i,1-r,1-i,Offensive & Objectionable Content_Hateful Content,,Twitter,https://www.hindustantimes.com/bollywood/troll-calls-r-madhavan-fake-for-having-a-cross-at-home-actor-says-don-t-worry-about-respect-from-likes-of-you/story-j6zBXipl59Th1BH2I5qiMO.html
"('Trump Calls Attorney General Jeff Sessions 'Beleaguered'; President's comment comes in tweet criticizing Russia probes', 'wall street journal', '2017-07-24')",1-i->1-i,1-i,1-i,Offensive & Objectionable Content_Hateful Content,,Twitter,https://www.wsj.com/articles/trump-calls-attorney-general-jeff-sessions-beleaguered-1500908807
"('Twitter faces questions over hate speech as it appears to disband Brussels office', 'the guardian', '2022-11-24')",n-r->n-r,n-r,n-r,Offensive & Objectionable Content_Hateful Content,,Twitter,https://www.theguardian.com/technology/2022/nov/24/twitter-brussels-office-elon-musk-eu-questions
"('Twitter, Facebook postings can kill dreams of landing your dream job', 'the hindustan times', '2011-06-25')",1-r->n-r,1-r,n-r,Offensive & Objectionable Content_Hateful Content,,Facebook,https://www.medindia.net/news/dreams-of-landing-your-dream-job-can-be-wiped-out-by-twitter-facebook-postings-87023-1.htm
"('Unmasking the Commenters', 'new york times', '2010-04-12')",1-r->1-r,1-r,1-r,Offensive & Objectionable Content_Hateful Content,Legal Action,The Plain Dealer,https://www.nytimes.com/2010/04/12/technology/12comments.html
"('Video of Violent Hazing in Paramilitary Unit Stirs Dismay in China', 'new york times', '2013-12-10')",1-r->n-r,1-r,n-r,Offensive & Objectionable Content_Graphic&Violent Content,Public Backlash,Online,https://archive.nytimes.com/sinosphere.blogs.nytimes.com/2013/12/10/video-of-violent-hazing-in-paramilitary-unit-stirs-dismay-in-china/
"('Video stirs elite campus; Brentwood School students' parroting of N-word in rap lyrics sparks debate.', 'los angeles times', '2016-05-19')",1-r->n-r,1-r,n-r,Offensive & Objectionable Content_Hateful Content,Public Backlash,Snapchat,https://www.latimes.com/local/lanow/la-me-ln-brentwood-school-video-20160518-snap-story.html
"('Vietnamese Facebooker arrested for 'abusing democratic freedoms'', 'dpa international (english)', '2020-12-18')",1-r->n-i,1-r,n-i,Offensive & Objectionable Content_Hateful Content,Legal Action,Facebook,https://gna.org.gh/2020/12/vietnamese-facebooker-arrested-for-abusing-democratic-freedoms/
"('Vir Das takes a dig at bratty movie stars in new video: Demands 80% higher fee than female actors, harasses 'spot dada'', 'the hindustan times', '2020-07-09')",1-i->n-r,1-i,n-r,Offensive & Objectionable Content_Hateful Content,,Twitter,https://www.hindustantimes.com/tv/vir-das-takes-a-dig-at-bratty-movie-stars-in-new-video-demands-80-higher-fee-than-female-actors-harasses-spot-dada/story-CvBo44jh3PMnaP7ZDASrtO.html
"('We need to talk about the online radicalisation of young, white men | Abi Wilkinson', 'the guardian', '2016-11-15')",n-r->n-r,n-r,n-r,Offensive & Objectionable Content_Hateful Content,,"Reddit, Online",https://www.theguardian.com/commentisfree/2016/nov/15/alt-right-manosphere-mainstream-politics-breitbart
"('Young LGBTQ+ people more than twice as likely to experience hate speech online', 'the guardian', '2022-10-17')",S->n-r,S,n-r,Offensive & Objectionable Content_Hateful Content,Mental Health,"Reddit, Twitter, TikTok, Tumblr",https://www.theguardian.com/society/2022/oct/17/young-lgbtq-people-more-than-twice-as-likely-to-experience-hate-speech-online
"('YouTube Dog-Washing Video Sparks Furor in Malaysia', 'wall street journal', '2013-08-21')",1-r->n-r,1-r,n-r,Offensive & Objectionable Content_Hateful Content,Legal Action,Youtube,https://www.wsj.com/articles/SB10001424127887324619504579026690395822268
"('YouTube takes down Alesha killer's violent online channel', 'the daily telegraph', '2019-02-25')",1-i->n-r,1-i,n-r,Offensive & Objectionable Content_Graphic&Violent Content,,Youtube,https://www.bbc.co.uk/news/uk-scotland-47348247
"('YouTube, breeding ground for Korea's far right', 'the korea times', '2020-01-01')",n-i->n-r,n-i,n-r,Offensive & Objectionable Content_Hateful Content,Public Message to Social Media,Youtube,https://www.koreatimes.co.kr/amp/southkorea/politics/20200101/youtube-breeding-ground-for-koreas-far-right
"(Angry Customers Use Web to Shame Firms; Blogs, Videos Are Tools of Retribution, the washington post, 2006-07-05)",n-r->1-i,n-r,1-i,Offensive & Objectionable Content_Hateful Content,,Online,https://www.washingtonpost.com/archive/business/2006/07/05/angry-customers-use-web-to-shame-firms-span-classbankheadblogs-videos-are-tools-of-retributionspan/1a38bbf5-2b30-400b-ae85-ce077e568170/?utm_term=.489dd2ea0d15
"(Another Night, Another Shooting on Facebook Live, new york times, 2016-07-13)",1-r->n-r,1-r,n-r,Offensive & Objectionable Content_Graphic&Violent Content,,Facebook (Live),https://www.nytimes.com/2016/07/14/us/another-night-another-shooting-on-facebook-live.html
"(Bengaluru engineering student gets 5-year jail for celebrating Pulwama killings on Facebook, the times of india, 2022-11-02)",1-r->n-r,1-r,n-r,Offensive & Objectionable Content_Hateful Content,Legal Action,Facebook,https://timesofindia.indiatimes.com/city/bengaluru/bengaluru-engineering-student-gets-5-year-jail-for-celebrating-pulwama-killings-on-facebook/articleshow/95216160.cms
"(Coca-Cola faces flak for using porn to attract children on Facebook, the hindustan times, 2010-07-19)",1-i->n-r,1-i,n-r,Offensive & Objectionable Content_Nudity & Sexual Activity,Public Apology,Facebook,https://www.telegraph.co.uk/technology/facebook/7897706/Coca-Cola-accused-of-using-porn-to-target-children-on-Facebook.html
"(Deadly Mix in Benghazi: False Allies, Crude Video, new york times, 2013-12-29)",1-r->n-r,1-r,n-r,Offensive & Objectionable Content_Hateful Content,Violent Behaivor,Youtube,https://www.nytimes.com/2013/12/29/world/middleeast/searching-for-truth-in-benghazi.html
"(Donald Trump cannot block anyone on Twitter, court rules, the guardian, 2018-05-23)",n-r->1-i,n-r,1-i,Offensive & Objectionable Content_Hateful Content,Legal Action,Twitter,https://www.theguardian.com/us-news/2018/may/23/trump-twitter-block-ruling-court-public-forum-account
"(Effort to Combat Child Pornography on Internet Would Close Sites, new york times, 2006-09-21)",n-r->n-r,n-r,n-r,Offensive & Objectionable Content_Nudity & Sexual Activity,Government Initiative,Online,https://www.nytimes.com/2006/09/21/us/effort-to-combat-child-pornography-would-close-web-sites.html
"(Facebook to Review Content Policies Related to Civil Unrest, Violence; The company has faced criticism over its decision to not moderate or take down some posts, wall street journal, 2020-06-06)",n-r->n-r,n-r,n-r,Offensive & Objectionable Content_Graphic&Violent Content,Social Media Policy Change,Facebook,https://www.wsj.com/livecoverage/protests-george-floyd-death-2020-06-05/card/PqpPYfKAOCNbYNoQArcm
"(Facebook’s Frankenstein Moment, new york times, 2017-09-21)",S->n-r,S,n-r,Offensive & Objectionable Content_Hateful Content,,Facebook,https://www.nytimes.com/2017/09/21/technology/facebook-frankenstein-sandberg-ads.html
"(Goons shoot man, own it up on video, the times of india, 2023-03-09)",1-r->n-r,1-r,n-r,Offensive & Objectionable Content_Graphic&Violent Content,Legal Action,Social Media,https://timesofindia.indiatimes.com/city/jaipur/rajasthan-goons-gun-down-man-own-up-in-video/articleshow/98504380.cms
"(Guj mulls new law to prevent 'misuse' of social media, the times of india, 2017-08-06)",1-r->n-r,1-r,n-r,Offensive & Objectionable Content_Hateful Content,Legal Action,Social Media,https://timesofindia.indiatimes.com/city/ahmedabad/gujarat-mulls-law-to-prevent-misuse-of-social-media/articleshow/59937139.cms
"(History of communal hatred on new Tripura governor's Twitter timeline, the hindustan times, 2015-05-17)",1-i->n-r,1-i,n-r,Offensive & Objectionable Content_Hateful Content,,Twitter,https://www.hindustantimes.com/india/history-of-communal-hatred-on-new-tripura-governor-s-twitter-timeline/story-K41FG3DNjnMd9CrYenL65M.html
"(Joey Barton hits back at Karl Henry on Twitter after QPR win, the guardian, 2011-09-17)",1-i->1-i,1-i,1-i,Offensive & Objectionable Content_Hateful Content,,Twitter,https://www.theguardian.com/football/2011/sep/17/joey-barton-karl-henry-twitter
"(Manipur CM Biren Singh taunts Kuki users with 'Myanmar' tweets. Deleted, the hindustan times, 2023-07-01)",1-i->n-r,1-i,n-r,Offensive & Objectionable Content_Hateful Content,,Twitter,https://www.hindustantimes.com/india-news/manipur-cm-biren-singh-taunts-kuki-users-with-myanmar-tweets-deleted-101688190642774.html
"(Next time Trump bullies someone on Twitter, the company might call him out on it, the washington post, 2019-03-28)",1-i->1-i,1-i,1-i,Offensive & Objectionable Content_Hateful Content,Protective Measures,Twitter,https://www.washingtonpost.com/technology/2019/03/28/twitter-still-wont-remove-trumps-tweets-that-violate-its-rules-it-will-label-them/
"(Prosecutors file charges against Covina man accused of shooting at deputies while recording standoff live on Facebook, los angeles times, 2017-04-11)",1-r->n-r,1-r,n-r,Offensive & Objectionable Content_Graphic&Violent Content,Legal Action,Facebook (Live),https://www.latimes.com/local/lanow/la-me-chino-shooting-deputies-facebook-20170411-story.html
"(Restoring the Great Lakes takes a back seat to Trump's tweets, chicago tribune, 2017-03-06)",1-i->1-i,1-i,1-i,Offensive & Objectionable Content_Hateful Content,,Twitter,https://www.chicagotribune.com/2017/03/06/restoring-the-great-lakes-takes-a-back-seat-to-trumps-tweets/
"(Rusia convocó por Facebook a miles de estadounidenses para asistir a actos racistas, el pais, 2018-01-27)",1-i->n-r,1-i,n-r,Offensive & Objectionable Content_Hateful Content,Protective Measures,Facebook,https://elpais.com/internacional/2018/01/26/estados_unidos/1516936636_295762.html
"(Snapchat Discover Takes a Hard Line on Misleading and Explicit Images, new york times, 2017-01-23)",S->n-i,S,n-i,Offensive & Objectionable Content_Nudity & Sexual Activity,Protective Measures,Snapchat,https://www.nytimes.com/2017/01/23/technology/snapchat-discover-takes-a-hard-line-on-misleading-and-explicit-images.html
"(Teacher Posts Anti-Gay Entry on Facebook, new york times, 2011-10-14)",1-r->n-r,1-r,n-r,Offensive & Objectionable Content_Hateful Content,,Facebook,https://www.nytimes.com/2011/10/14/nyregion/teachers-facebook-posts-against-homosexuality-are-questioned.html
"(Temple body files complaint against vlogger who took his pet dog to Kedarnath, the times of india, 2022-05-21)",1-i->1-i,1-i,1-i,Offensive & Objectionable Content_Hateful Content,Legal Action,Instagram,https://timesofindia.indiatimes.com/city/dehradun/badri-kedar-temple-committee-files-complaint-against-vlogger-who-took-his-pet-husky-to-kedarnath/articleshow/91695196.cms
"(The Culture Wars Invade Science Fiction; Online campaigners are pushing to give SF's annual Hugo Awards to popular space yarns, not more literary fiction or tales of diversity, wall street journal, 2015-05-15)",1-i->n-r,1-i,n-r,Offensive & Objectionable Content_Hateful Content,Restricted from job/school,Twitter,https://www.wsj.com/articles/the-culture-wars-invade-science-fiction-1431707195
"(Trump Leads Twitter Astray, but Will It Fight Back?, new york times, 2018-07-05)",S->n-r,S,n-r,Offensive & Objectionable Content_Hateful Content,,Twitter,https://www.nytimes.com/2018/07/04/technology/employee-uprisings-twitter.html
"(Trump's Black backers bring attacks from Internet fringes to prime time, the washington post, 2020-08-26)",1-i->n-r,1-i,n-r,Offensive & Objectionable Content_Hateful Content,Public Backlash,Social Media,https://www.washingtonpost.com/politics/black-trump-supporters-republican-convention/2020/08/25/fadeb30e-e600-11ea-970a-64c73a1c2392_story.html
"(Uttarakhand edu dept to monitor FB posts of teachers, the times of india, 2021-07-23)",n-r->1-i,n-r,1-i,Offensive & Objectionable Content_Hateful Content,Protective Measures,Facebook,https://timesofindia.indiatimes.com/city/dehradun/uttarakhands-education-dept-to-monitor-fb-posts-of-teachers-for-controversial-comments/articleshow/84656363.cms
"(Where Online Hate Speech Can Bring the Police to Your Door, new york times, 2022-09-23)",1-r->n-r,1-r,n-r,Offensive & Objectionable Content_Hateful Content,Legal Action,Facebook,https://www.nytimes.com/2022/09/23/technology/germany-internet-speech-arrest.html
Anger over Justin Bieber's Anne Frank message,1-i->1-r,1-i,1-r,Offensive & Objectionable Content_Hateful Content,,Facebook,"https://www.bbc.com/news/world-europe-22146859#:~:text=Justin%20Bieber%20has%20caused%20outrage,would%20have%20been%20a%20belieber.%22"
Bangladesh blocks facebook,1-r->n-r,1-r,n-r,Offensive & Objectionable Content_Hateful Content,"Platform Ban, Public Protest",Facebook,https://www.bbc.com/news/10192755
Can Facebook Ever Stop the Drama?,S->1-r,S,1-r,Offensive & Objectionable Content_Hateful Content,Platform Reputation Damage,Facebook,https://www.nytimes.com/2020/07/09/technology/facebook-crisis.html
Canada to crack down on online child pornography,1-r->n-r,1-r,n-r,Offensive & Objectionable Content_Nudity & Sexual Activity,Legal Action,Online,https://www.reuters.com/article/technologyNews/idUSTRE52P7DI20090327/
College student who hosted racist online ‘swatting’ group is sentenced to 33 months,n-r->n-r,n-r,n-r,Offensive & Objectionable Content_Hateful Content,Legal Action,Online,https://www.washingtonpost.com/local/legal-issues/atomwaffen-swatting-virginia-sentence/2021/03/15/40e56be6-8277-11eb-9ca6-54e187ee4939_story.html
Facebook and Google agree to block hate speech in Germany,n-r->n-r,n-r,n-r,Offensive & Objectionable Content_Hateful Content,Protective Measures,"Facebook, Google, Twitter",https://www.bbc.com/news/world-europe-35105003
Facebook and Twitter Postings Cost CFO His Job,1-r->1-i,1-r,1-i,Offensive & Objectionable Content_Hateful Content,Restricted from job/school,"Facebook, Twitter",https://www.wsj.com/articles/SB10001424052702303505504577404542168061590
Facebook removes cat-punching page,1-r->n-r,1-r,n-r,Offensive & Objectionable Content_Graphic&Violent Content,,Facebook,https://www.koreatimes.co.kr/amp/world/20150210/facebook-removes-cat-punching-page
Fleeting mistakes live forever online,1-r->n-r,1-r,n-r,Offensive & Objectionable Content_Hateful Content,Public Apology,Twitter,https://www.chicagotribune.com/2018/08/09/fleeting-mistakes-live-forever-online/
"G2: Twitter's tales of sexism: On International Women's Day last week, Linda Grant tweeted her thoughts about why feminism still matters. Thousands of shocking responses - from women and men - proved her point",1-r->1-r,1-r,1-r,Offensive & Objectionable Content_Hateful Content,,Twitter,https://www.theguardian.com/world/2012/mar/12/twitters-tales-of-sexism
Gawker unveils new comments system and Nick Denton immediately uses it to pick fight with BuzzFeed,1-i->1-i,1-i,1-i,Offensive & Objectionable Content_Hateful Content,,Gawker,https://www.theguardian.com/world/us-news-blog/2012/apr/26/gawker-new-comments-nick-denton-buzzfeed
India Inc strikes at trolls on its rolls,1-r->1-i,1-r,1-i,Offensive & Objectionable Content_Hateful Content,Restricted from job/school,Twitter,https://www.hindustantimes.com/mumbai-news/malavika-s-mumbaistan-social-media-sloganeering/story-L7VIVTxmQmaKYLQw9OJHAK.html
Kanhaiya murder: Udaipur cops keep tabs on social media posts,1-r->n-r,1-r,n-r,Offensive & Objectionable Content_Graphic&Violent Content,"Restriction on social media usage (content remove, ban, etc.)",Social Media,https://www.latimes.com/california/story/2022-04-15/police-blast-disney-songs-in-attempt-to-prevent-resident-from-filming-them
Kavita Kaushik says she feels empathy for Hrithik Roshan after Kangana Ranaut’s recent controversial comments,1-i->n-r,1-i,n-r,Offensive & Objectionable Content_Hateful Content,,Twitter,https://www.hindustantimes.com/bollywood/kavita-kaushik-says-she-feels-empathy-for-hrithik-roshan-after-kangana-ranaut-s-recent-controversial-comments/story-h5FeMveZYlR26WYLDJnUAO.html
KFC accused of racism over Australian advertisement,1-i->n-r,1-i,n-r,Offensive & Objectionable Content_Hateful Content,,Online,https://www.theguardian.com/business/2010/jan/06/kfc-advertisement-accused-of-racism
Livestreaming bill introduced after Christchurch attacks could criminalise innocent people,n-r->n-r,n-r,n-r,Offensive & Objectionable Content_Graphic&Violent Content,Legislation,Online,https://www.theguardian.com/world/commentisfree/2021/mar/15/livestreaming-bill-introduced-after-christchurch-attacks-could-criminalise-innocent-people
Love in the time of phone porn,n-r->n-r,n-r,n-r,Offensive & Objectionable Content_Nudity & Sexual Activity,,bebo,https://www.theguardian.com/education/2007/jan/30/sexeducation.schools
Man booked for making abusive video,1-r->n-r,1-r,n-r,Offensive & Objectionable Content_Hateful Content,Legal Action,WhatsApp,https://timesofindia.indiatimes.com/city/rajkot/man-booked-for-making-abusive-video/articleshow/81975590.cms
Obscene video posted from BJP MLA's Facebook account shocks followers,1-i->n-r,1-i,n-r,Offensive & Objectionable Content_Nudity & Sexual Activity,"Restriction on social media usage (content remove, ban, etc.), Legal Action",Facebook,https://www.washingtonpost.com/news/politics/wp/2017/07/25/ex-mccain-rival-who-urged-him-to-step-down-says-shes-targeted-by-fake-news-asks-for-donations/
Online Smut: More Young People Getting an Eyeful,1-i->n-r,1-i,n-r,Offensive & Objectionable Content_Nudity & Sexual Activity,,Online,https://archive.nytimes.com/thelede.blogs.nytimes.com/2007/02/05/online-smut-more-young-people-getting-an-eyeful/
Outburst by Prominent Party Official Reverberates Online,n-r->1-i,n-r,1-i,Offensive & Objectionable Content_Hateful Content,"Restriction on social media usage (content remove, ban, etc.)",Online,https://sinosphere.blogs.nytimes.com/2014/03/12/outburst-by-prominent-party-official-reverberates-online/
"Page 3 is going bust, but boobs are still making money online",S->n-r,S,n-r,Offensive & Objectionable Content_Hateful Content,,Twitter,https://www.telegraph.co.uk/news/uknews/terrorism-in-the-uk/11912779/Police-losing-track-of-terror-plots-because-of-irresponsible-social-media-firms.html
Pakistan orders online pornography ban,1-i->n-r,1-i,n-r,Offensive & Objectionable Content_Nudity & Sexual Activity,Protective Measures,Online,http://www.wsj.com/articles/facebook-plans-to-expand-program-to-fight-against-online-hate-speech-1474472665
Parents to be shown how to protect children online,n-r->n-r,n-r,n-r,Offensive & Objectionable Content_Graphic&Violent Content,,Online,https://www.theguardian.com/technology/2008/mar/27/privacy.childprotection
RSPCA condemns ‚Äòvery upsetting‚Äô video of Kurt Zouma hitting cat,1-i->n-r,1-i,n-r,Offensive & Objectionable Content_Graphic&Violent Content,Public Apology,Online,https://www.theguardian.com/uk-news/2022/sep/20/molly-russell-inquest-delayed-to-ensure-social-media-posts-handled-sensitively
Sharmila Tagore recalls horrible comments after Taimur was born: 'Would be better if Kareena Kapoor had Zika',n-r->1-i,n-r,1-i,Offensive & Objectionable Content_Hateful Content,,Social Media,https://www.washingtonpost.com/world/2023/03/21/saudi-arabia-saad-almadi-released/
Shaun Bailey criticised for ‘victim blaming’ girls in comments on domestic violence,n-r->1-i,1-i,n-r,Offensive & Objectionable Content_Hateful Content,Public Backlash,Social Media,https://www.theguardian.com/uk-news/2021/apr/28/shaun-bailey-criticised-for-victim-blaming-girls-in-comments-on-domestic-violence
"Teen killed classmate and uploaded ‘selfie’ with the body to Snapchat, police say",1-r->1-r,1-r,1-r,Offensive & Objectionable Content_Graphic&Violent Content,Legal Action,Snapchat,https://www.washingtonpost.com/news/post-nation/wp/2015/02/08/teen-murdered-classmate-and-uploaded-selfie-with-the-body-to-snapchat-police-say/
The Web fuels hate speech,n-r->n-r,n-r,n-r,Offensive & Objectionable Content_Hateful Content,Finance mitigating organization,"Google, Youtube",https://www.nytimes.com/2007/11/15/opinion/15iht-edwolf.1.8351023.html
Trevor Noah Learns Twitter Just Can’t Take a Joke,1-i->n-r,1-i,n-r,Offensive & Objectionable Content_Hateful Content,,Twitter,https://www.nytimes.com/2015/04/02/opinion/trevor-noah-learns-twitter-just-cant-take-a-joke.html
Turkey ignites over YouTube flame w,n-r->n-r,n-r,n-r,Offensive & Objectionable Content_Hateful Content,,Youtube,https://www.theguardian.com/technology/blog/2007/mar/08/turkeyignites
Twitter locks account of China’s US embassy for post on Xinjiang,1-i->n-r,1-i,n-r,Offensive & Objectionable Content_Hateful Content,Platform Ban,Twitter,https://www.aljazeera.com/news/2021/1/21/twitter-locks-account-of-chinas-us-embassy-for-post-on-xinjiang
UK banker fired for boasting about '6K redundancy payout on Facebook,1-r->n-r,1-r,1-i,Offensive & Objectionable Content_Hateful Content,"Restricted from job/school, Legal Action",Facebook,https://www.telegraph.co.uk/news/8163116/Bank-worker-lost-redundancy-payout-over-Facebook-comment.html
"Video shows Chicago police officer punching handcuffed man, attorney says; COPA investigating",1-r->n-r,1-r,n-r,Offensive & Objectionable Content_Graphic&Violent Content,Legal Action,Social Media,https://chicago.suntimes.com/news/2020/6/14/21290768/chicago-police-officer-throwing-punching-back-head-sterlin-boston-david-gaeger
Web Posts Can Be Used By Firms Against You,1-r->1-i,1-r,1-i,Offensive & Objectionable Content_Hateful Content,Restricted from job/school,Facebook,https://www.wsj.com/articles/SB10001424052970204603004577267242579231760
" (U.S. News: New Online-Data Bill Sets Up Privacy Fight --- Internet Firms Push Back on California Proposal Requiring They Disclose What Has Been Done With Users' Information, wall street journal, 2013-04-06)",S->n-r,S,n-r,User Safety_Personal Information,Legal Action,Facebook,https://www.wsj.com/articles/SB10001424127887323916304578402912554668102
"‘Disinformation can be a very lucrative business, especially if you’re good at it,’ media scholar says",n-r->n-r,n-r,n-r,User Safety_Broken Harmony,Public protest,"Twitter, Facebook",https://www.washingtonpost.com/lifestyle/magazine/disinformation-can-be-a-very-lucrative-business-especially-if-youre-good-at-it-media-scholar-says/2021/01/19/4c842f06-4a04-11eb-a9d9-1e3ec4a928b9_story.html
‘They become what they are not’: Yuvraj Singh feels young cricketers are trying too hard on social media,S->n-i,S,n-i,User Safety_Safety Risk of Social Media Overuse,,"Twitter, Instagram, Facebook, TikTok",https://www.hindustantimes.com/cricket/they-become-what-they-are-not-yuvraj-singh-feels-young-cricketers-are-trying-too-hard-on-social-media/story-FwQvLIIWvoI6sTH2A13dxM.html
"(''13 Reasons Why' is affecting America's classrooms. Teachers tell us their stories', 'los angeles times', '2017-05-10')",1-i->n-r,1-i,n-r,User Safety_Suicide&Self-harm,Death,Online,https://www.latimes.com/entertainment/tv/la-et-st-13-reasons-why-schools-teachers-20170510-htmlstory.html
"(''Aunty National' Irani takes on trolls with open letter on Facebook', 'the hindustan times', '2016-06-17')",n-r->1-i,n-r,n-r,User Safety_Broken Harmony,Public Message from Social Media,Twitter,https://www.pressreader.com/india/hindustan-times-amritsar/20160617/281517930407569?srsltid=AfmBOooY2kTAOgY5wKI0xjwyD4cWldgOC3jOmv-SGeJ3cCBkFW-YaOpn
"('‘But I Saw It on Facebook’: Hoaxes Are Making Doctors’ Jobs Harder', 'the new york times', '2020-09-02')",S->n-r,S,n-r,User Safety_Dangerous Misinformation & Endangerment,Misinformation led to action,Facebook,https://www.nytimes.com/2020/08/28/opinion/sunday/coronavirus-misinformation-faceboook.html
"(''Forced' to fly extra hours, Air India cabin crew start online drive', 'the times of india', '2012-08-20')",n-r->1-i,n-r,1-i,User Safety_Broken Harmony,,Facebook,https://timesofindia.indiatimes.com/city/mumbai/forced-to-fly-extra-hours-air-india-cabin-crew-start-online-drive/articleshow/15563120.cms
"(''Hits two targets with one arrow': Irfan's explosive 'mushkil kaam aap karo, aasan main kar lunga' dig divides internet', 'the hindustan times', '2023-08-09')",1-i->1-i,1-i,1-i,User Safety_Broken Harmony,Public Backlash,Twitter,https://www.hindustantimes.com/cricket/hits-two-targets-with-one-arrow-irfans-explosive-mushkil-kaam-aap-karo-aasan-main-kar-lunga-dig-divides-internet-101691565506887.html
"('‘I’m not afraid any more’: Christie Whelan Browne on Show People, Twitter trolls and her ‘horrible’ four years', 'the guardian', '2023-01-04')",n-r->1-i,n-r,1-i,User Safety_Harassment&Bullying,,Twitter,https://www.theguardian.com/global/2022/dec/31/im-not-afraid-any-more-christie-whelan-browne-on-show-people-twitter-trolls-and-her-horrible-four-years
"(''Like' Button, Widgets Track Users' Web Visits', 'wall street journal', '2011-05-20')",S->n-r,S,n-r,User Safety_Personal Information,,"Facebook, Twitter",https://www.wsj.com/articles/SB10001424052748704281504576329441432995616
"(''Necesitas hablar inglés': Los videos y las redes sociales muestran la polarización que el español está provocando en Estados Unidos', 'los angeles times', '2018-05-28')",1-r->n-r,1-r,n-r,User Safety_Broken Harmony,Public Apology,Social Media,https://www.latimes.com/espanol/eeuu/la-es-necesitas-hablar-ingles-los-videos-y-las-redes-sociales-muestran-la-polarizacion-que-el-espanol-esta-20180528-story.html
"(''Social media is fuelling a mental crisis in children. It is a tragedy for our time'', 'the daily telegraph', '2018-08-13')",S->n-r,S,n-r,User Safety_Safety Risk of Social Media Overuse,,Social Media,https://www.telegraph.co.uk/news/2018/08/12/impact-social-media-childrens-mental-health-real-tragedy-time/
"(''Techlash': Whipping Up Criticism of the Top Tech Companies; The increasingly sharp rebukes of Facebook, Google and others now have a term of their own', 'wall street journal', '2019-01-10')",S->n-r,S,n-r,User Safety_Censorship & Retribution,,"Facebook, Google",https://www.wsj.com/articles/techlash-whipping-up-criticism-of-the-top-tech-companies-11547146279
"('‘Used to it’: Aviva CEO responds after sexist comments at AGM', 'the guardian', '2022-05-11')",1-i->n-r,1-i,n-r,User Safety_Broken Harmony,,LinkedIn,https://www.theguardian.com/inequality/2022/may/11/used-to-it-aviva-ceo-responds-after-sexist-comments-at-agm
"(''Video footage of Korean female TV announcer spreads in China'', 'the korea times', '2012-07-30')",1-r->n-r,1-r,n-r,User Safety_Dangerous Misinformation & Endangerment,,Weibo,https://www.koreatimes.co.kr/southkorea/20120730/video-footage-of-korean-female-tv-announcer-spreads-in-china
"(''Was advised to switch off my mobile till I got anticipatory bail'', 'the times of india', '2023-01-08')",n-r->n-r,n-r,n-r,User Safety_Broken Harmony,Legal Action,Social Media,https://timesofindia.indiatimes.com/city/bengaluru/pee-gate-man-who-urinated-on-co-flyer-held-from-bengaluru-guest-house/articleshow/96821477.cms
"('‘What do you do when you can’t agree on reality?’ Demise of popular Oak Park Coronavirus Facebook group highlights pandemic’s divisions', 'chicago tribune', '2022-02-28')",n-r->n-r,n-r,n-r,User Safety_Broken Harmony,Public Backlash,Facebook,https://www.chicagotribune.com/2022/02/28/what-do-you-do-when-you-cant-agree-on-reality-demise-of-popular-oak-park-coronavirus-facebook-group-highlights-pandemics-divisions/
"(''Where are we headed': Jwala Gutta posts about grandmother's death, gets racist replies', 'the hindustan times', '2021-02-12')",n-r->1-i,n-r,1-i,User Safety_Harassment&Bullying,,Twitter,https://www.hindustantimes.com/india-news/jwala-gutta-posts-about-grandmom-s-death-gets-racist-replies-101613137291928.html
"('‘White power’ video was a glimpse into Trump-era political discourse in ‘America’s friendliest’ retirement community', 'the washington post', '2020-07-04')",1-r->n-r,1-r,n-r,User Safety_Broken Harmony,Remove Content,Twitter,https://www.washingtonpost.com/politics/white-power-video-was-a-glimpse-into-trump-era-political-discourse-in-americas-friendliest-retirement-community/2020/07/04/0ca405dc-bbc0-11ea-8cf5-9c1b8d7f84c6_story.html
"(''You can't teach dignity': Derek O'Brien tweets after Mamata objected to slogans', 'the hindustan times', '2021-01-23')",1-i->n-r,1-i,n-r,User Safety_Broken Harmony,,Twitter,https://www.hindustantimes.com/india-news/you-can-t-teach-dignity-derek-o-brien-tweets-after-mamata-objected-to-slogans-101611407130175.html
"(''You're a Tijuanan': Viral video roils Santa Barbara, spurring hundreds to protest', 'los angeles times', '2023-09-18')",n-r->n-r,n-r,n-r,User Safety_Broken Harmony,Public Protest,Instagram,https://www.latimes.com/california/story/2023-09-18/racist-video-roils-santa-barbara-drawing-hundreds-to-impromptu-protest
"('""No me echan Twitter, 'Marca', 'As', ni la marioneta de Florentino""', 'el pais', '2016-10-19')",n-r->1-i,n-r,1-i,User Safety_Dangerous Misinformation & Endangerment,Address Misinformation,Twitter,https://mexico.as.com/mexico/2016/10/18/futbol/1476791192_376424.html
"('""Suicide games"" prompt Kyrgyzstan to block social media', 'bbc monitoring central asia', '2017-02-09')",1-i->1-r,1-i,1-r,User Safety_Suicide&Self-harm,Death,Game,https://www.rferl.org/a/russia-teen-suicide-blue-whale-internet-social-media-game/28322884.html
"('#AirBnBWhileBlack hashtag highlights potential racial bias on rental app', 'the guardian', '2016-05-05')",S->n-r,S,n-r,User Safety_Broken Harmony,Public Backlash,Airbnb,https://www.theguardian.com/technology/2016/may/05/airbnbwhileblack-hashtag-highlights-potential-racial-bias-rental-app
"('#BobbyJindalisSoWhite trends on Twitter', 'the times of india', '2015-06-26')",n-r->n-r,n-r,n-r,User Safety_Broken Harmony,,Twitter,https://indianexpress.com/article/trending/bobbyjindalissowhite-trends-on-twitter/
"('2 Hyderabad students lose govt hospital apprenticeship for dance videos', 'the hindustan times', '2019-07-26')",n-r->n-r,n-r,n-r,User Safety_Broken Harmony,"Restricted from job/school, Public Apology",TikTok,https://www.hindustantimes.com/india-news/2-hyderabad-students-lose-govt-hospital-apprenticeship-for-dance-videos/story-woPbR4cAfSfjMFW8o5btuN.html
"('2 policemen suspended; video shows them accepting bribes from drivers', 'the times of india', '2022-08-19')",n-r->n-r,n-r,n-r,User Safety_Broken Harmony,Restricted from job/school,Social Media,https://timesofindia.indiatimes.com/city/bengaluru/2-policemen-suspended-video-shows-them-accepting-bribes-from-drivers-in-tumakuru/articleshow/93649163.cms
"('75% of social media considered as 'gutter' internationally: Jang/Geo owner', 'the nation', '2017-07-26')",1-r->n-r,1-r,n-r,User Safety_Dangerous Misinformation & Endangerment,,Online,https://www.nation.com.pk/26-Jul-2017/75-of-social-media-considered-as-gutter-internationally-says-jang-geo-owner
"('80-yr-old woman thrashed by bahu, video goes viral', 'the times of india', '2019-06-09')",n-r->n-r,n-r,n-r,User Safety_Broken Harmony,Legal Action,"WhatsApp, Social Media",https://www.india.com/news/india/haryana-woman-brutally-thrashes-80-year-old-mother-in-law-arrested-after-video-goes-viral-3683239/
"('A Feature of Zoom Allowed Snooping at Users' LinkedIn Profiles', 'new york times', '2020-04-03')",S->n-r,S,n-r,User Safety_Personal Information,Social Media Policy Change,Zoom,https://www.nytimes.com/2020/04/02/technology/zoom-linkedin-data.html
"('A Rhode Island candidate was charged after a video showed him punching an opponent at an abortion protest.', 'new york times', '2022-06-27')",1-r->n-r,1-r,n-r,User Safety_Broken Harmony,"Legal Action, Restricted from job/school",Twitter,https://www.nytimes.com/2022/06/27/us/politics/rhode-island-abortion-protest-arrest.html
"('A Site for the Videos You Don’t Want Everyone to See', 'new york times', '2010-06-23')",S->1-r,S,1-r,User Safety_Personal Information,,"Youtube, Facebook",https://archive.nytimes.com/bits.blogs.nytimes.com/2010/06/23/a-site-for-the-videos-you-dont-want-everyone-to-see/
"('A summer sequel: Hogan posts another ad on 'the most incompetent man in Maryland' (Posted 2014-08-05 20:35:33)', 'the washington post', '2014-01-01')",1-i->n-r,1-i,n-r,User Safety_Broken Harmony,Public Backlash,Youtube,https://www.washingtonpost.com/local/md-politics/a-summer-sequel-hogan-posts-another-ad-on-the-most-incompetent-man-in-maryland/2014/08/05/48a09678-1cd8-11e4-82f9-2cd6fa8da5c4_story.html
"('A viral plea to let grandparents sacrifice themselves captures a truth about Trump', 'the washington post', '2020-03-24')",n-r->n-r,n-r,n-r,User Safety_Broken Harmony,,Social Media,https://www.washingtonpost.com/opinions/2020/03/24/viral-on-air-plea-captures-an-essential-truth-about-trump/
"('Aahana Kumra shares picture in swimwear day after asking fan not to touch, shares important message', 'the hindustan times', '2023-05-21')",1-i->n-r,1-i,n-r,User Safety_Broken Harmony,,Instagram,https://www.hindustantimes.com/entertainment/bollywood/aahana-kumra-shares-picture-in-bikini-says-look-but-don-t-touch-101684678292818.html
"('Acting Navy secretary says ousted captain leaked concerns to media, or was ‘too naive or too stupid to command a ship’', 'the washington post', '2020-04-06')",1-i->n-r,1-i,n-r,User Safety_Broken Harmony,Public Backlash,Online,https://www.washingtonpost.com/national-security/acting-navy-secretary-says-ousted-captain-leaked-to-media-or-was-too-naive-or-too-stupid-to-command-a-ship/2020/04/06/9269c230-7820-11ea-8cec-530b4044a458_story.html
"('After 'dead pool' pick, radio host Dan McNeil shares mental health struggle: 'I must confess, this guy got to me'', 'chicago tribune', '2019-01-18')",1-i->n-r,1-i,n-r,User Safety_Suicide&Self-harm,,Facebook,https://www.chicagotribune.com/2019/01/18/after-dead-pool-pick-radio-host-dan-mcneil-shares-mental-health-struggle-i-must-confess-this-guy-got-to-me/
"('After an Online Uproar, SXSW Festival Promises to Amend Its Contracts', 'new york times', '2017-03-07')",1-i->n-r,1-i,n-r,User Safety_Broken Harmony,Public protest,Twitter,https://www.nytimes.com/2017/03/07/arts/music/sxsw-festival-immigration-clause.html
"('After lover gets engaged, man streams suicide live on Facebook', 'the times of india', '2019-07-22')",1-r->n-r,1-r,n-r,User Safety_Suicide&Self-harm,Death,Facebook Live,https://timesofindia.indiatimes.com/city/agra/after-girlfriend-gets-engaged-22-yr-old-streams-suicide-live-on-fb/articleshow/70321255.cms
"('After online learning flopped, Fairfax schools switched to Google. More virtual harassment followed.', 'the washington post', '2020-05-16')",n-r->1-r,n-r,1-r,User Safety_Harassment&Bullying,,Google Chat,https://www.washingtonpost.com/local/education/after-online-learning-flopped-fairfax-schools-switched-to-google-more-virtual-harassment-followed/2020/05/16/728ecb1e-9449-11ea-91d7-cf4423d47683_story.html
"('After TikTok party, a third rowdy night in Huntington Beach ends in 29 arrests', 'los angeles times', '2021-05-24')",n-r->n-r,n-r,n-r,User Safety_Broken Harmony,Public Protest,TikTok,"https://www.latimes.com/california/story/2021-05-24/after-tiktok-party-29-more-arrested-in-huntington-beach#:~:text=After%20TikTok%20party%2C%20a%20third,Beach%20ends%20in%2029%20arrests&text=Police%20declared%20an%20unlawful%20assembly,was%20overrun%20with%20unruly%20revelers."
"('Ahead of Senate hearing on Russia, Trump tweets about Obama and leaks', 'los angeles times', '2017-05-08')",1-i->n-r,1-i,n-r,User Safety_Broken Harmony,,Twitter,https://www.npr.org/2017/05/12/528104260/trump-tweet-suggests-his-conversations-with-comey-might-have-been-recorded
"('AIB video: Richa, Vicky recreate old songs to highlight stalking in Bollywood', 'the hindustan times', '2016-12-12')",1-i->n-r,1-i,n-r,User Safety_Broken Harmony,,Youtube,https://www.hindustantimes.com/bollywood/aib-video-richa-vicky-recreate-old-songs-to-highlight-stalking-in-bollywood/story-hUlBDFl1GStwBeeJkWaqHN.html
"('Aluko apologises following anger at furlough tweets', 'the daily telegraph', '2020-05-14')",1-i->n-r,1-i,n-r,User Safety_Broken Harmony,Public Apology,Twitter,https://www.telegraph.co.uk/football/2020/05/13/former-england-player-eni-aluko-apologises-furlough-tweets/
"('An Instagram Poet Outpaces the Haters', 'new york times', '2017-10-08')",1-i->n-r,1-i,n-r,User Safety_Broken Harmony,Remove Content,Instagram,https://www.nytimes.com/2017/10/05/fashion/rupi-kaur-poetry-the-sun-and-her-flowers.html
"('ANATOMÍA DE TWITTER / NATALIA JUNQUERA Mentes sucias y juicios amañados Twitter lleva la friolera d...', 'el pais', '2022-09-24')",1-r->n-r,1-r,n-r,User Safety_Broken Harmony,Public Backlash,Twitter ,https://elpais.com/opinion/2022-09-24/irene-montero-las-mentes-sucias-y-los-juicios-amanados.html
"('Anurag Kashyap faces flak from Twitter users for praising 'most regressive movie' Bakasuran: 'Your bar has gone so low'', 'the hindustan times', '2023-02-19')",1-i->n-r,1-i,n-r,User Safety_Broken Harmony,Public Backlash,Twitter,https://www.hindustantimes.com/entertainment/bollywood/anurag-kashyap-faces-flak-from-twitter-users-for-praising-most-regressive-movie-bakasuran-your-bar-has-gone-so-low-101676819710977.html
"('Are you ready? This is all the data Facebook and Google have on you | Dylan Curran', 'the guardian', '2018-03-30')",S->n-r,S,n-r,User Safety_Personal Information,,Google,https://www.theguardian.com/commentisfree/2018/mar/28/all-the-data-facebook-google-has-on-you-privacy
"('Armaan Malik deletes all Instagram posts except one saying 'I can't take it anymore', shares cryptic tweet later', 'the hindustan times', '2020-03-11')",1-i->n-r,1-i,n-r,User Safety_Suicide&Self-harm,,Instagram,https://www.hindustantimes.com/music/armaan-malik-deletes-all-instagram-posts-except-one-saying-i-can-t-take-it-anymore-shares-cryptic-tweet-later/story-LIpXH8BRB0aJL6rpJAT95I.html
"('BACK STORY; She brings expertise, and poise, to Trump crisis team; Dr. Deborah Birx navigates a world often riddled with misinformation', 'los angeles times', '2020-03-26')",n-r->n-r,n-r,n-r,User Safety_Broken Harmony,,Social Media,https://www.latimes.com/politics/story/2020-03-25/deborah-birx-aids-researcher-coronavirus-messaging-for-trump-administration
"('Bathinda cops book man for uploading fake video on child lifters' gang', 'the times of india', '2019-07-30')",1-r->n-r,1-r,n-r,User Safety_Dangerous Misinformation & Endangerment,Legal Action,Social Media,https://timesofindia.indiatimes.com/city/amritsar/bathinda-police-book-man-for-uploading-fake-video-about-child-lifters-gang/articleshow/70425284.cms
"('Ben Stokes condemns racist abuse during India vs England Test at Edgbaston, issues statement on Twitter', 'the hindustan times', '2022-07-07')",n-r->n-r,n-r,n-r,User Safety_Broken Harmony,,Twitter,https://www.hindustantimes.com/cricket/ben-stokes-condemns-racist-abuse-during-india-vs-england-edgbaston-test-issues-statement-on-twitter-101657207822697.html
"('Bengaluru: Video of parents violating traffic rules viral, police say 'will act'', 'the hindustan times', '2022-07-22')",1-r->n-r,1-r,n-r,User Safety_Broken Harmony,Public Backlash,Twitter,https://www.hindustantimes.com/cities/bengaluru-news/bengaluru-video-of-parents-violating-traffic-rules-viral-police-say-will-act-101658478157340.html
"('Berger demands Twitter blocks racist attacks', 'the daily telegraph', '2014-12-19')",n-r->1-i,n-r,1-i,User Safety_Harassment&Bullying,Legal Action,Twitter,https://www.telegraph.co.uk/women/womens-life/11302428/Anti-semitic-abuse-Twitter-must-block-racist-words-says-Labour-MP.html
"('Best podcasts of the week: How Danielle Miller went from socialite to swindler', 'the guardian', '2023-01-04')",n-r->1-i,n-r,1-i,User Safety_Dangerous Misinformation & Endangerment,,Online,https://www.theguardian.com/tv-and-radio/2022/dec/22/how-danielle-miller-went-from-socialite-to-swindler
"('Beyonce to change offensive song lyric after online backlash', 'irish examiner', '2022-08-01')",1-i->n-r,1-i,n-r,User Safety_Broken Harmony,Remove Content,Social Media,https://www.irishexaminer.com/lifestyle/celebrity/arid-40931099.html
"('Bigg Boss 13: Vikas Gupta shares video of Asim Riaz confessing he has a girlfriend, exposes Umar Riaz's 'lies'', 'the hindustan times', '2020-02-03')",1-i->n-r,1-i,n-r,User Safety_Broken Harmony,,Twitter,https://www.hindustantimes.com/tv/bigg-boss-13-vikas-gupta-shares-video-of-asim-riaz-confessing-he-has-a-girlfriend-exposes-umar-riaz-s-lies/story-eYQNkEUxpWK4R5CMkDC3VM.html
"('Bihar polls: 'Download' shops selling politicos' videos, cartoons', 'the hindustan times', '2015-09-23')",n-r->n-r,n-r,n-r,User Safety_Broken Harmony,Buy Social Media Content,"WhatApp, Facebook",https://www.hindustantimes.com/india/bihar-polls-download-shops-selling-politicos-videos-cartoons/story-nzEX3KAh07SPMrvXp8HFVN.html
"('BJP's Kerala chief in trouble for comments against Muslims', 'the hindustan times', '2019-04-16')",1-r->n-r,1-r,n-r,User Safety_Broken Harmony,Public Backlash,Social Media,https://www.hindustantimes.com/lok-sabha-elections/bjp-s-kerala-chief-in-trouble-for-comments-against-muslims/story-8pfbLYdYd7ywmZM2TLupUM.html
"('Body set to counter online misinformation', 'the japan news', '2022-10-01')",n-r->n-r,n-r,n-r,User Safety_Dangerous Misinformation & Endangerment,Protective Measures,Social Media,https://japannews.yomiuri.co.jp/society/general-news/20220929-61235/
"('Boris Johnson's polarising statue tweets are pure Trump', 'the guardian', '2020-06-12')",1-i->n-r,1-i,n-r,User Safety_Broken Harmony,,Twitter,https://www.theguardian.com/commentisfree/2020/jun/12/boris-johnson-statue-tweets-donald-trump-prime-minister-george-floyd-culture-war
"('Boulter: tennis players get abuse online even if they win', 'the daily telegraph', '2023-06-27')",n-r->1-i,n-r,1-i,User Safety_Harassment&Bullying,,Social Media,https://www.telegraph.co.uk/news/2023/06/26/wimbledon-katie-boulter-social-media-abuse/
"('Britons cheer toppling of slave trader statue but are divided over tagging of Winston Churchill as racist', 'the washington post', '2020-06-08')",n-r->n-r,n-r,n-r,User Safety_Broken Harmony,,Social Media,https://www.washingtonpost.com/world/europe/churchill-statue-racism-british-black-lives-matter-protests/2020/06/08/33f68146-a991-11ea-9063-e69bd6520940_story.html
"('Business &amp; Technology: Crypto Magnates Trade Barbs Online Over Lender's Freeze', 'wall street journal', '2023-01-03')",1-i->n-r,1-i,n-r,User Safety_Broken Harmony,,Twitter,https://www.wsj.com/articles/crypto-magnates-cameron-winklevoss-and-barry-silbert-trade-barbs-11672689694
"('BUSINESS; Zoom's pledge to work with law agencies criticized; Comments by CEO of videoconferencing service irk users amid protests over police.', 'los angeles times', '2020-06-04')",S->n-r,S,n-r,User Safety_Broken Harmony,Public Backlash,Zoom,https://www.scmp.com/tech/apps-social/article/3087472/videoconferencing-service-zooms-pledge-work-law-enforcement-spurs
"('Call to axe Metallica Glastonbury show after star voices TV series on bear hunt', 'the guardian', '2014-06-04')",n-r->1-i,n-r,1-i,User Safety_Broken Harmony,,Facebook,https://www.theguardian.com/music/2014/jun/04/call-to-axe-metallica-glastonbury-bear-hunt-tv-series-hetfield
"('Can change in social media have a negative impact on journalists?', 'the hindustan times', '2015-01-25')",n-r->n-r,n-r,n-r,User Safety_Dangerous Misinformation & Endangerment,,Twitter,https://www.hindustantimes.com/books/can-change-in-social-media-have-a-negative-impact-on-journalists/story-YdcR00loHXjIKERwJCDwzH.html
"('Capitals’ Evgeny Kuznetsov shown in video next to lines of white powdery substance', 'the washington post', '2019-05-27')",n-r->n-r,n-r,n-r,User Safety_Broken Harmony,Public Backlash,Twitter,https://www.washingtonpost.com/sports/2019/05/27/capitals-evgeny-kuznetsov-shown-video-next-lines-white-powdery-substance/
"('Caught taking selfies in national parks? You will be fined ?1,000', 'the times of india', '2018-04-18')",S->n-r,S,n-r,User Safety_Safety Risk of Social Media Overuse,"Negative Impact to Public Property, Legistlation",Social Media,https://timesofindia.indiatimes.com/city/mysuru/caught-taking-selfies-in-national-parks-you-will-be-fined-1000/articleshow/63808528.cms
"('CBI makes second arrest in WhatsApp sex video case', 'the times of india', '2015-04-02')",1-r->n-r,1-r,n-r,User Safety_Broken Harmony,Public Backlash,Youtube,https://www.thenewsminute.com/news/shametherapist-cbi-makes-second-arrest-gangrape-videos-shared-whatsapp-22283
"('CBSE locates more fake news links about paper leaks', 'the times of india', '2019-03-23')",1-r->n-r,1-r,n-r,User Safety_Dangerous Misinformation & Endangerment,Address Misinformation,YouTube,https://timesofindia.indiatimes.com/education/news/cbse-locates-more-fake-news-links-about-paper-leaks/articleshow/68522314.cms
"('Charu Asopa on trolls attacking her over pics with husband: If we keep thinking what'll people say, we won't be able to do anything in life', 'the hindustan times', '2020-04-17')",n-r->1-i,n-r,1-i,User Safety_Harassment&Bullying,,Instagram,https://www.hindustantimes.com/tv/charu-asopa-on-trolls-attacking-her-over-pics-with-husband-if-we-keep-thinking-what-ll-people-say-we-won-t-be-able-to-do-anything-in-life/story-s623w5fYrChP9MgMICpLDL.html
"('Chatchai apologises for Facebook post', 'the nation', '2017-06-20')",1-i->n-r,1-i,n-r,User Safety_Broken Harmony,Public Apology,Facebook,https://www.nationthailand.com/life/30318561
"('Cherry-picked clip in Trump's Puerto Rico relief video', 'the washington post', '2017-10-10')",1-i->n-r,1-i,n-r,User Safety_Dangerous Misinformation & Endangerment,,Twitter,https://www.washingtonpost.com/politics/trumps-puerto-rico-video-tells-positive-story-but-leaves-a-lot-on-cutting-room-floor/2017/10/10/b6b9d8bc-adf9-11e7-9e58-e6288544af98_story.html
"('Children hurt eating liquid nitrogen ‘dragon’s breath’ snack in Indonesian Tiktok trend', 'the guardian', '2023-01-17')",n-r->n-r,n-r,n-r,User Safety_Broken Harmony,Physical Harm,TikTok,https://www.theguardian.com/world/2023/jan/17/dragons-breath-tiktok-trend-children-hurt-indoneseia-eating-liquid-nitrogen-dragon-snack-chiki-ngebul
"('China censura la última sensación en Internet Desaparece de las webs locales un documental sobre la polución, visto por 200 millones de personas en cinco días', 'el pais', '2015-03-07')",1-i->1-i,1-i,1-i,User Safety_Censorship & Retribution,,Online,https://elpais.com/internacional/2015/03/06/actualidad/1425656280_517419.html
"('China Focus: 12 detained or punished over fabricating massive leak of online personal data', 'xinhua news agency - ceis', '2012-01-10')",n-r->n-r,n-r,n-r,User Safety_Personal Information,Legal Action,CSDN(online community),https://www.chinadaily.com.cn/china/2012-01/11/content_14418260.htm
"('China hires porn watchdogs to monitor internet', 'irish times', '2014-05-06')",1-i->n-r,1-i,n-r,User Safety_Censorship & Retribution,,Online,https://www.irishtimes.com/news/ireland/irish-news/china-hires-porn-watchdogs-as-crackdown-intensifies-1.1784580
"('China to censor online videos just like TV shows, films - media regulator', 'bbc monitoring asia pacific', '2014-12-17')",1-i->n-r,1-i,n-r,User Safety_Censorship & Retribution,,Online,https://www.caixinglobal.com/2014-12-17/net-videos-will-be-censored-just-like-tv-shows-regulator-says-101012827.html
"('China to Embed Internet Police in Tech Firms; Cybercops are Beijing's latest bid to reduce online freedoms and prevent 'spreading of rumors'', 'wall street journal', '2015-08-05')",1-r->n-r,1-r,n-r,User Safety_Suicide&Self-harm,,Facebook,https://www.wsj.com/articles/china-to-embed-internet-police-in-tech-firms-1438755985
"('Chinese Cafe Owner Given 8-Year Sentence Over Online Messages', 'new york times', '2012-11-01')",1-i->1-r,1-i,1-r,User Safety_Censorship & Retribution,Legal Action,Online Cafe,https://www.nytimes.com/2012/11/02/world/asia/chinese-cafe-owner-given-8-year-sentence-over-online-messages.html
"('Chinese Social Media Lose 7 Percent of Visitors During Crackdown', 'bloomberg businessweek', '2014-07-21')",1-i->n-r,1-i,n-r,User Safety_Censorship & Retribution,,Online,https://www.bloomberg.com/news/articles/2014-07-22/chinas-social-media-lose-7-percent-of-visitors-during-crackdown
"('Chipotle's pulled pork stunt is ham-fisted, internet claims', 'the guardian', '2015-01-14')",n-r->n-r,n-r,n-r,User Safety_Broken Harmony,Public Backlash,Twitter,https://www.theguardian.com/us-news/2015/jan/14/chipotle-takes-pork-off-the-menu
"('CITY &amp; STATE; Man held in attack seen in viral video; Sylmar resident turns himself in, accused of punching women at a food cart downtown.', 'los angeles times', '2019-01-31')",1-r->n-r,1-r,n-r,User Safety_Broken Harmony,Legal Action,Facebook,https://www.abc15.com/national/man-seen-on-video-punching-two-women-at-los-angeles-hot-dog-cart-turns-himself-into-police
"('CMO Today: Oscars Ads; More YouTube Brand Safety Concerns; The Rise of Location-Data-Grabbing Apps; Here's your morning roundup of the biggest marketing, advertising and media industry news and happenings.', 'wall street journal', '2018-03-05')",1-i->n-r,1-i,n-r,User Safety_Personal Information,Protective Measures,Youtube,https://www.wsj.com/articles/cmo-today-oscars-ads-more-youtube-brand-safety-concerns-the-rise-of-location-data-grabbing-apps-1520255126
"('COMPANY TOWN; Sony is attacked on two fronts; PlayStation Network is knocked offline and an executive's flight is threatened on Twitter.', 'los angeles times', '2014-08-26')",1-r->n-r,1-r,n-r,User Safety_Dangerous Misinformation & Endangerment,Misinformation led to action,Twitter,https://www.latimes.com/business/technology/la-fi-tn-sony-smedley-bomb-playstation-network-20140825-story.html
"('Condemning Youths in Video Playing Chicken With a Train', 'new york times', '2012-04-18')",1-r->n-r,1-r,n-r,User Safety_Broken Harmony,,Youtube,https://archive.nytimes.com/cityroom.blogs.nytimes.com/2012/04/18/condemning-youths-in-video-playing-chicken-with-a-train/
"('Congo to block social media to prevent anti-Kabila protests', 'dpa international (english)', '2016-12-15')",1-i->n-r,1-i,n-r,User Safety_Censorship & Retribution,,Online,https://www.spa.gov.sa/w291705
"('Conservatives grumbling about censorship say they’re flocking to Parler. They told us so on Twitter.', 'the washington post', '2020-11-23')",n-r->n-r,n-r,n-r,User Safety_Dangerous Misinformation & Endangerment,,Parler,https://www.washingtonpost.com/technology/2020/11/23/parler-conservatives-still-on-twitter/
"('Cop's 'dadagiri' goes viral', 'the times of india', '2017-10-09')",1-r->n-r,1-r,n-r,User Safety_Broken Harmony,Restricted from job/school,Social Media,https://timesofindia.indiatimes.com/city/chandigarh/cops-dadagiri-goes-viral/articleshow/60986780.cms
"('COPS PROBE INFO - 'Strawberry meth' notice in city school goes viral', 'the times of india', '2017-01-29')",1-r->n-r,1-r,n-r,User Safety_Dangerous Misinformation & Endangerment,Misinformation led to Action,WhatsApp,https://timesofindia.indiatimes.com/city/mumbai/strawberry-methamphetamine-notice-in-school-goes-viral/articleshow/56840468.cms
"('Cornell students petition to have freshman TikTok star expelled for flouting coronavirus rules', 'the washington post', '2020-08-26')",1-i->n-r,1-i,n-r,User Safety_Broken Harmony,"Public Backlash, Public Apology",Snapchat,https://www.washingtonpost.com/education/2020/08/26/cornell-jessica-zhang-coronavirus-tiktok/
"('Countdown star joins campaign to report social media trolls after anti-Semitic abuse', 'the daily telegraph', '2019-09-16')",n-r->n-r,n-r,n-r,User Safety_Broken Harmony,"Legal  Action, Public Protest",Twitter,https://www.telegraph.co.uk/news/2019/09/15/rachel-rileyjoins-campaign-reportsocial-media-trolls-anti-semitic/
"('Damages for woman stalked for 12 years by online date', 'the daily telegraph', '2018-07-10')",1-r->1-r,1-r,1-r,User Safety_Harassment&Bullying,Legal Action,Online,https://www.bbc.co.uk/news/uk-england-somerset-44770192
"('dcw notice to cops after video shows women in pg assaulted', 'the hindustan times', '2022-08-17')",n-r->n-r,n-r,n-r,User Safety_Broken Harmony,Legal Action,Twitter,https://www.thehindu.com/news/cities/Delhi/dcw-asks-police-to-file-fir-over-assault-video/article65776534.ece
"('Devoleena Bhattacharjee reacts angrily after Instagram users troll her for 'wasting cake' on pet dog's birthday', 'the hindustan times', '2023-01-15')",1-i->n-r,1-i,n-r,User Safety_Broken Harmony,Public Message from Social Media,Instagram,https://www.hindustantimes.com/entertainment/tv/devoleena-bhattacharjee-reacts-angrily-after-instagram-users-troll-her-for-wasting-cake-on-pet-dog-s-birthday-101673783826130.html
"('Doctors raise concerns about online advice, self-medication', 'the times of india', '2019-07-02')",n-r->n-r,n-r,n-r,User Safety_Dangerous Misinformation & Endangerment,,"Internet, Mobile application",https://timesofindia.indiatimes.com/city/patna/doctors-raise-concerns-about-online-advice-self-medication/articleshow/70014755.cms
"('Doctors warn Pete Evans to stick to cooking after sharing anti-vaxx podcast', 'the guardian', '2019-03-14')",1-i->n-r,1-i,n-r,User Safety_Broken Harmony,Public Backlash,Facebook,https://www.theguardian.com/society/2019/mar/14/doctors-warns-pete-evans-to-stick-to-cooking-after-sharing-anti-vaxx-podcast
"('Don't hate the Instagram engagement stunt – 'branded' love began long ago', 'the guardian', '2019-06-22')",1-i->n-r,1-i,n-r,User Safety_Safety Risk of Social Media Overuse,,Instagram,https://www.theguardian.com/world/2019/jun/22/dont-hate-the-instagram-engagement-stunt-branded-love-began-long-ago
"('Don't want spoilers of your fav show? Don't step out, say these 'ads' dividing Twitter', 'the hindustan times', '2020-03-30')",1-r->n-r,1-r,n-r,User Safety_Broken Harmony,Public Backlash,Twitter,https://www.hindustantimes.com/it-s-viral/don-t-want-spoilers-of-your-fav-show-don-t-step-out-say-these-ads-dividing-twitter/story-eJN66kndeUMTyty57qRYgK.html
"('Employers risk being sued for spying on staff via social networks', 'the hindustan times', '2011-09-02')",1-i->1-r,1-i,1-r,User Safety_Personal Information,,Facebook,https://content.timesjobs.com/employers-risk-being-sued-for-spying-on-staff-via-social-networks/articleshow/57879906.cms
"('Erdogan's army of trolls stamps out online dissent', 'the daily telegraph', '2020-07-18')",n-r->n-r,n-r,n-r,User Safety_Harassment&Bullying,"Protective Measures, Restricted from job/school",Twitter,https://www.telegraph.co.uk/news/2020/07/17/turkey-internet-crackdown-erdogans-army-online-trolls-forces/
"('Et si chacun vendait ses données personnelles sur Internet ?', 'le monde', '2018-01-26')",S->n-r,S,n-r,User Safety_Personal Information,,"Facebook, Google, Amazon, Apple",https://www.lemonde.fr/economie/article/2018/01/26/et-si-chacun-vendait-ses-donnees-personnelles-sur-internet_5247706_3234.html
"('Ex-cons contest mug shot posts', 'chicago tribune', '2017-03-12')",1-i->n-r,1-i,n-r,User Safety_Personal Information,Restricted from job/school,Mugshots.com,https://digitaledition.chicagotribune.com/tribune/article_popover.aspx?guid=7e79fdeb-4abf-4c44-ba18-631429436071
"('Exclusive! Vikram Bhatt on Mahesh Bhatt and Alia Bhatt getting trolled on social media', 'the times of india', '2021-05-23')",n-r->1-i,n-r,1-i,User Safety_Harassment&Bullying,,Online,https://timesofindia.indiatimes.com/entertainment/hindi/bollywood/news/exclusive-vikram-bhatt-on-mahesh-bhatt-and-alia-bhatt-getting-trolled-on-social-media/articleshow/82855208.cms
"('Facebook accusé d'être un "" Gangster du numérique ""', 'le monde', '2019-02-19')",S->n-r,S,n-r,User Safety_Dangerous Misinformation & Endangerment,Legistlation,Facebook,https://www.lefigaro.fr/flash-actu/2019/02/18/97001-20190218FILWWW00042-facebook-qualifie-de-gangster-numerique-par-les-parlementaires-britanniques.php
"('Facebook amplía el uso de tecnología de reconocimiento facial', 'los angeles times', '2017-12-19')",S->n-r,S,n-r,User Safety_Personal Information,,Facebook,https://www.latimes.com/espanol/vidayestilo/hoyla-lat-facebook-amplia-el-uso-de-tecnologia-de-reconocimiento-facial-20171219-story.html
"('Facebook desvela datos de su ayuda al espionaje para limpiar su imagen', 'el pais', '2013-06-16')",S->n-r,S,n-r,User Safety_Personal Information,,Facebook,https://srv00.epimg.net/pdf/elpais/1aPagina/2013/06/ep-20130616.pdf
"('Facebook exec: media firms that don't work with us will end up 'in hospice'', 'the guardian', '2018-08-13')",S->n-r,S,n-r,User Safety_Dangerous Misinformation & Endangerment,Social Media Policy Change,Facebook,https://www.theguardian.com/technology/2018/aug/13/facebook-news-media-campbell-brown-hospice
"('Facebook fights back in row over its free internet for India’s poor', 'the guardian', '2016-01-09')",S->n-r,S,n-r,User Safety_Broken Harmony,Public Backlash,Facebook,https://www.theguardian.com/technology/2016/jan/09/facebook-india-zuckerberg
"('Facebook founder's sister runs foul of privacy laws', 'irish examiner', '2012-12-28')",S->1-i,S,1-i,User Safety_Personal Information,,Facebook,https://www.irishexaminer.com/world/arid-20218002.html
"('Facebook live records accident; two dead, seven injured', 'the times of india', '2019-06-18')",n-r->n-r,n-r,n-r,User Safety_Safety Risk of Social Media Overuse,Death,Facebook_live,https://timesofindia.indiatimes.com/city/nagpur/facebook-live-records-accident-two-dead-seven-injured/articleshow/69817271.cms
"('Facebook Made Me Do It', 'new york times', '2013-06-16')",S->n-r,S,n-r,User Safety_Personal Information,,"Facebook, Instagram, Twitter",https://www.nytimes.com/2013/06/16/sunday-review/facebook-made-me-do-it.html
"('Facebook posts record profit despite year of scandal', 'the guardian', '2019-01-30')",S->n-r,S,n-r,User Safety_Personal Information,Social Media Policy Change,Facebook,https://www.theguardian.com/technology/2019/jan/30/facebook-fourth-quarter-profits-revenues-earnings
"('Facebook removes Zelenskiy ‘deepfake’ video', 'irish times', '2022-03-18')",n-r->n-r,n-r,n-r,User Safety_Dangerous Misinformation & Endangerment,"Restriction on social media usage (content remove, ban, etc.)",Facebook,https://www.irishtimes.com/business/technology/facebook-removes-zelenskiy-deepfake-video-1.4829503
"('Facebook Struggles to Put Out Online Fires in Israeli-Palestinian Conflict', 'the new york times', '2016-12-08')",1-i->n-r,1-i,n-r,User Safety_Censorship & Retribution,Legal Action,Facebook,https://www.nytimes.com/2016/12/07/world/middleeast/facebook-struggles-to-put-out-online-fires-in-israeli-palestinian-conflict.html
"('Facebook to be fined £648m for mishandling user information', 'the guardian', '2023-05-21')",S->n-r,S,n-r,User Safety_Personal Information,Legal Action,Facebook,https://www.theguardian.com/technology/2023/may/21/facebook-to-be-fined-648m-for-mishandling-user-information
"('Facebook told to stop holding details of users who click ads', 'the guardian', '2011-12-22')",S->n-r,S,n-r,User Safety_Personal Information,,Facebook,https://www.theguardian.com/technology/2011/dec/21/facebook-advertising-data
"('Facebook Tried to Rein In Fake Ads. It Fell Short in a California Race.', 'new york times', '2018-06-03')",S->n-r,S,n-r,User Safety_Dangerous Misinformation & Endangerment,,Facebook,https://www.nytimes.com/2018/06/03/technology/california-congressional-race-facebook-election-interference.html
"('Facebook won’t take down an ad that Rep. Ilhan Omar’s office says could lead to harassment and death threats', 'the washington post', '2021-05-20')",S->n-r,S,n-r,User Safety_Broken Harmony,Public Message from Social Media,Facebook,https://www.washingtonpost.com/technology/2021/05/20/ilhan-omar-facebook-hamas-aipac/
"('Facebook-Daumen ist ein raffinierter Spion', 'die welt', '2016-03-10')",S->n-r,S,n-r,User Safety_Personal Information,Legal Action,Facebook,https://www.welt.de/wirtschaft/webwelt/article153117319/Der-Facebook-Daumen-ist-ein-raffinierter-Spion.html
"('Facebook's 'ethnic affinity' advertising sparks concerns of racial profiling', 'the guardian', '2016-03-22')",S->n-r,S,n-r,User Safety_Broken Harmony,,Facebook,https://www.theguardian.com/technology/2016/mar/22/facebooks-ethnic-affinity-advertising-concerns-racial-profiling
"('Facebook's Australian news wipeout showed it can delete our history at any time', 'the guardian', '2021-03-05')",S->n-r,S,n-r,User Safety_Censorship & Retribution,,Facebook,https://www.theguardian.com/commentisfree/2021/mar/01/facebooks-australian-news-wipeout-showed-it-can-delete-our-history-at-any-time
"('Fake photo goes viral, govt denies its release', 'the hindustan times', '2015-06-12')",n-r->n-r,n-r,n-r,User Safety_Broken Harmony,Address Misinformation,Online,https://www.indiatoday.in/india/story/viral-photos-of-indian-army-myanmar-operations-fake-256908-2015-06-11
"('False warnings about solar storms have gone viral. Here’s what the flares actually do to Earth.', 'the washington post', '2021-07-20')",1-i->n-r,1-i,n-r,User Safety_Dangerous Misinformation & Endangerment,,Instagram,https://www.washingtonpost.com/science/2021/07/19/solar-storms-explainer/
"('Family sues city of Yorkville, 2 cops after video reveals police taunting man, telling him to 'finish yourself off'', 'chicago tribune', '2019-01-25')",1-r->n-r,1-r,n-r,User Safety_Broken Harmony,"Restricted from job/school, Public Apology",Online,https://www.chicagotribune.com/2019/01/25/family-sues-city-of-yorkville-2-cops-after-video-reveals-police-taunting-man-telling-him-to-finish-yourself-off/
"('Farm regrets opening fields after social-media butterflies trample flowers', 'the guardian', '2018-08-02')",S->n-r,S,n-r,User Safety_Safety Risk of Social Media Overuse,Negative Impact to Public Property,Social Media,https://www.theguardian.com/world/2018/aug/01/crowds-trample-canada-sunflower-farm
"('Feminist author gets trolled on social media', 'the times of india', '2020-05-02')",n-r->n-r,n-r,n-r,User Safety_Broken Harmony,Public Message from/to Social Media,Social Media,https://timesofindia.indiatimes.com/life-style/books/features/feminist-author-gets-trolled-on-social-media/articleshow/75473918.cms
"('FIR against Bobby Kataria for pouring himself a drink on road in Instagram video', 'the hindustan times', '2022-08-11')",1-i->n-r,1-i,n-r,User Safety_Broken Harmony,Legal Action,Instagram,https://www.hindustantimes.com/india-news/fir-against-bobby-kataria-for-pouring-himself-a-drink-on-road-in-instagram-video-101660236489792.html
"('Fired After Criticizing the Police on Social Media', 'new york times', '2022-02-13')",1-i->n-r,1-i,n-r,User Safety_Broken Harmony,Restricted from job/school,"Twitter, TikTok",https://www.nytimes.com/2022/02/11/nyregion/nypd-social-media-teachers-fired.html
"('Flap over tweets could forecast Democratic divide on Israel', 'the washington post', '2019-02-14')",1-i->n-r,1-i,n-r,User Safety_Broken Harmony,Public Apology,Twitter,https://www.washingtonpost.com/politics/flap-over-tweets-could-forecast-democratic-divide-on-israel/2019/02/13/e68bbfe8-2fa7-11e9-8ad3-9a5b113ecd3c_story.html
"('For Some Drivers, Video of Sandra Bland's Arrest Is All Too Familiar', 'new york times', '2015-07-31')",1-r->n-r,1-r,n-r,User Safety_Broken Harmony,,Online,https://www.nytimes.com/2015/08/01/nyregion/for-some-drivers-video-of-sandra-blands-arrest-is-all-too-familiar.html
"('Former DUP MLA apologises to reporter over defamatory posts', 'irish times', '2019-05-14')",1-i->n-r,1-i,n-r,User Safety_Broken Harmony,"Public Apology, Legal Action","Facebook, Blog",https://www.irishtimes.com/news/crime-and-law/former-dup-mla-apologises-over-defamatory-posts-about-journalist-1.3890711
"('Four Nerds and a Cry to Arms Against Facebook', 'new york times', '2010-05-11')",S->n-r,S,n-r,User Safety_Personal Information,,Facebook,https://www.nytimes.com/2010/05/12/nyregion/12about.html
"('Front: A breach of etiquette? Storm on the web as columnist admits he borrowed quotes: Lines in interviews match work by interviewees No one complained, says Independent journalist', 'the guardian', '2011-06-29')",1-i->n-r,1-i,n-r,User Safety_Broken Harmony,Public Backlash,Online,https://www.theguardian.com/media/2011/jun/28/johann-hari-twitter-plagiarism
"('G2: Charlie Brooker: I'm all for sharing, but why this current online obsession with revealing every detail of your likes and dislikes?', 'the guardian', '2012-01-30')",S->n-r,S,n-r,User Safety_Personal Information,,"Facebook, Spotify",https://www.theguardian.com/commentisfree/2012/jan/29/sharing-obsession-revealing-every-detail
"('Ganga pollution: HC takes cognizance of WhatsApp video', 'the times of india', '2018-04-07')",1-r->n-r,1-r,n-r,User Safety_Broken Harmony,Legal Action,WhatsApp,https://timesofindia.indiatimes.com/city/dehradun/hc-takes-cognizance-of-whatsapp-video-on-ganga-pollution-asks-state-to-reply/articleshowprint/63648394.cms
"('German regulator orders Facebook to end real name policy', 'bbc monitoring european', '2012-12-18')",S->n-r,S,n-r,User Safety_Personal Information,Legal Action,Facebook,https://www.bbc.com/news/technology-20766682
"('Germany May Ask U.S. Tech Chiefs to Testify on NSA Activities; Heads of Facebook, Twitter, Apple and Google on Witness Shortlist', 'wall street journal', '2014-05-21')",S->n-r,S,n-r,User Safety_Personal Information,Legal Action,"Facebook, Twitter",https://www.wsj.com/articles/SB10001424052702303749904579576082240379764
"('Govinda reacts to Twitter's disbelief over Avatar claims: 'Don't believe if you don't want, it's not like meri aukat nahi hai'', 'the hindustan times', '2019-08-04')",n-r->1-i,n-r,1-i,User Safety_Harassment&Bullying,,Twitter,https://www.hindustantimes.com/bollywood/govinda-reacts-to-twitter-s-disbelief-over-avatar-claims-don-t-believe-if-you-don-t-want-it-s-not-like-meri-aukat-nahi-hai/story-CQzdmDApBSGKYqN15FqMQL.html
"('Govt officials to keep eye on fake news, hate speech', 'the times of india', '2019-04-04')",n-r->n-r,n-r,n-r,User Safety_Dangerous Misinformation & Endangerment,Protective Measures,Social Media,https://timesofindia.indiatimes.com/elections/lok-sabha-elections/maharashtra/news/govt-officials-to-keep-eye-on-fake-news-hate-speech/articleshow/68712639.cms
"('Greenwich girls labelled promiscuous on Facebook 'Smut List'', 'the hindustan times', '2011-03-20')",1-r->n-r,1-r,n-r,User Safety_Harassment&Bullying,Legal Action,Facebook,https://patch.com/new-york/whiteplains/officials-and-students-react-to-white-plains-smut-list
"('Gujarat: Video showing pride of lions being chased by vehicle goes viral', 'the times of india', '2019-01-25')",1-r->n-r,1-r,n-r,User Safety_Broken Harmony,,Social Media,https://timesofindia.indiatimes.com/city/rajkot/gujarat-video-showing-pride-of-lions-being-chased-by-vehicle-goes-viral/articleshow/67676387.cms
"('Haryana board class 10 result likely in end of May, beware of fake news: BSEH secretary', 'the hindustan times', '2020-05-20')",n-r->n-r,n-r,n-r,User Safety_Dangerous Misinformation & Endangerment,Address Misinformation,Online,https://www.hindustantimes.com/education/haryana-board-class-10-result-likely-in-end-of-may-beware-of-fake-news-bseh-secretary/story-SwBzcN915siK5IWzmXSIgO.html
"('Hashtag backlash: marketing campaigns that turned into social media disasters', 'the guardian', '2015-12-27')",1-i->n-r,1-i,n-r,User Safety_Broken Harmony,Public Backlash,Twitter,https://www.theguardian.com/media/2015/dec/27/hashtag-backlash-marketing-campaigns-that-turned-into-social-media-disasters
"('He bet his sister she couldn't copy him. She couldn't but Twitter wants him to pay her $50 anyway', 'the hindustan times', '2020-04-08')",1-r->n-r,1-r,n-r,User Safety_Broken Harmony,,Twitter,https://www.hindustantimes.com/it-s-viral/he-bet-his-sister-she-couldn-t-copy-him-she-couldn-t-but-twitter-wants-him-to-pay-her-50-anyway/story-uF1AiQ5Hne4Xgire9kU17L.html/elections/karnataka-assembly-election
"('High school walkout in response to racist video', 'the washington post', '2016-02-03')",1-r->n-r,1-r,n-r,User Safety_Broken Harmony,"Public Apology, Public Protest",Online,https://www.washingtonpost.com/local/education/md-students-walk-out-after-viral-video-slams-black-lives-matter-movement/2016/02/02/564db234-c9a1-11e5-88ff-e2d1b4289c2f_story.html
"('Hospital revokes Houston doctor’s privileges for ‘spreading dangerous misinformation’ about covid on Twitter', 'the washington post', '2021-11-15')",1-r->n-r,1-r,n-r,User Safety_Dangerous Misinformation & Endangerment,Restricted from job/school,Twitter,https://www.washingtonpost.com/nation/2021/11/15/houston-doctor-suspended-hospital-misinformation-covid/
"('How one woman got a new smile after severe online bullying', 'chicago tribune', '2017-07-26')",n-r->1-r,n-r,1-r,User Safety_Harassment&Bullying,,Facebook,https://www.chicagotribune.com/2017/07/26/how-one-woman-got-a-new-smile-after-severe-online-bullying/
"('How to Tell News Fact from Fiction, Even During a War; People have been sharing information about the war in Ukraine on social media without verifying it. News-literacy tactics taught in school can benefit many of us', 'wall street journal', '2022-03-05')",n-r->n-r,n-r,n-r,User Safety_Broken Harmony,Public Backlash,"Twitter, Facebook, TikTok",https://www.wsj.com/us-news/education/how-to-spot-fake-news-even-during-a-war-11646434626
"('How will new laws help stop Australians being bullied online?', 'the guardian', '2022-01-22')",n-r->1-r,n-r,1-r,User Safety_Harassment&Bullying,Protective Measures,Social Media,https://www.theguardian.com/media/2022/jan/23/how-will-new-laws-help-stop-australians-being-bullied-online
"('Hulk Hogan: Gawker Media founder Nick Denton 'scared the hell out of me'', 'the guardian', '2016-03-23')",1-i->1-i,1-i,1-i,User Safety_Personal Information,Legal Action,Gawker,https://www.theguardian.com/media/2016/mar/23/hulk-hogan-scared-gawker-media-nick-denton-sex-tape-trial
"('I tried the TikTok ‘non-aesthetic’ home fad. But it was a nightmare designed to inflict pain on me', 'the guardian', '2023-02-02')",n-r->n-r,n-r,n-r,User Safety_Broken Harmony,,TikTok,https://www.theguardian.com/commentisfree/2023/feb/02/i-tried-the-tiktok-non-aesthetic-home-fad-but-it-was-a-nightmare-designed-to-inflict-pain-on-me
"('I was dumped on Facebook Breaking up in cyberspace adds a new dimension to heartache, says Samuel Pinney', 'the daily telegraph', '2008-02-11')",1-r->1-r,1-r,1-r,User Safety_Personal Information,,Facebook,https://www.telegraph.co.uk/news/features/3635590/I-was-dumped-on-Facebook.html
"('Ilhan Omar's removal from US foreign affairs panel over anti-Israel remarks divides internet, tweets viral', 'the times of india', '2023-02-04')",1-i->n-i,1-i,n-i,User Safety_Broken Harmony,Public Backlash,Twitter,https://timesofindia.indiatimes.com/viral-news/ilhan-omars-removal-from-us-foreign-affairs-panel-over-anti-israel-remarks-divides-internet-tweets-viral/articleshow/97575506.cms
"('In a first in Kolkata, woman arrested for harassing another on Instagram', 'the times of india', '2017-02-11')",1-r->1-r,1-r,1-r,User Safety_Harassment&Bullying,Legal Action,Instagram,https://timesofindia.indiatimes.com/city/kolkata/in-a-first-in-kolkata-woman-arrested-for-harassing-another-on-instagram/articleshow/57085336.cms
"('In China, the regime again goes after social media', 'the washington post', '2016-07-31')",1-i->n-r,1-i,n-r,User Safety_Censorship & Retribution,,Online,https://www.washingtonpost.com/opinions/in-china-the-regime-again-goes-after-social-media/2016/07/30/02139290-542c-11e6-bbf5-957ad17b4385_story.html
"('Incoming Georgetown Law administrator apologizes after tweets dean called ‘appalling’', 'the washington post', '2022-01-28')",1-i->n-r,1-i,n-r,User Safety_Broken Harmony,Public Apology,Twitter,https://www.washingtonpost.com/education/2022/01/27/georgetown-law-ilya-shapiro-tweets/
"('Indian government takes notice of PM Modi's morphed picture on Facebook', 'bbc monitoring south asia', '2016-04-04')",1-r->n-r,1-r,n-r,User Safety_Broken Harmony,Public Apology,Twitter,https://www.ndtv.com/india-news/government-orders-probe-into-posting-pms-morphed-photo-on-facebook-1338699
"('Indonesia online retailer faces backlash over tweets', 'bbc monitoring asia pacific', '2019-02-15')",1-i->n-r,1-i,n-r,User Safety_Broken Harmony,"Platform Reputation Damage, Public Backlash",Bukalapak,https://www.thejakartapost.com/news/2019/02/17/bukalapak-feels-the-pinch-from-ceos-controversial-tweet.html
"('Inside Anonymous India, the hacker group that brought down the TRAI website', 'the hindustan times', '2015-05-07')",1-i->n-r,1-i,n-r,User Safety_Personal Information,,TRAI,https://tech.hindustantimes.com/tech/news/inside-anonymous-india-the-hacker-group-that-brought-down-the-trai-website-story-mS12WWVVPwTHhpBkzxKybJ.html
"('Internet alert - Online safety', 'irish examiner', '2015-05-04')",n-r->n-r,n-r,n-r,User Safety_Harassment&Bullying,,Online,https://www.irishexaminer.com/opinion/columnists/arid-20328500.html
"('Internet is blamed as young demand eye bag surgery', 'the daily telegraph', '2020-03-21')",S->n-r,S,n-r,User Safety_Safety Risk of Social Media Overuse,Mental Health,Social Media,https://www.telegraph.co.uk/news/2020/03/20/tired-teenagers-fuelling-demand-cosmetic-surgery-can-look-better/
"('Internet thinks Namrata Shirodkar lost at Miss Universe 1993 because of her 'dumb' answer', 'the hindustan times', '2023-01-19')",n-r->n-r,n-r,n-r,User Safety_Broken Harmony,,"Reddit, Instagram",https://www.hindustantimes.com/entertainment/telugu-cinema/internet-thinks-namrata-shirodkar-lost-at-miss-universe-1993-because-of-her-dumb-answer-watch-101674106489563.html
"('Internet users enraged over US online spying', 'the times of india', '2013-06-29')",S->n-r,S,n-r,User Safety_Personal Information,,Online,https://timesofindia.indiatimes.com/life-style/spotlight/internet-users-enraged-over-us-online-spying/articleshow/20815068.cms
"('Internet-User schimpfen wieder auf ""Zensursula""', 'die welt', '2010-06-03')",n-r->1-i,n-r,1-i,User Safety_Harassment&Bullying,,Twitter,https://www.welt.de/welt_print/politik/article7895002/Internet-User-schimpfen-wieder-auf-Zensursula.html
"('Internet's obsession with who Ileana D'Cruz's baby daddy is shows just how women are judged on daily basis', 'the hindustan times', '2023-04-19')",1-i->n-r,1-i,n-r,User Safety_Broken Harmony,,Instagram,https://www.hindustantimes.com/entertainment/bollywood/internets-obsession-with-who-ileana-d-cruz-s-baby-daddy-is-shows-just-how-women-are-judged-on-daily-basis-101681875004488.html
"('Iran arrests musician as anthem for protests goes viral', 'the guardian', '2022-10-04')",1-i->1-r,1-i,1-r,User Safety_Censorship & Retribution,Legal Action,Youtube,https://www.theguardian.com/global-development/2022/oct/04/iran-arrests-musician-anthem-iran-protests-viral-mahsa-amini-shervin-hajipour-baraye
"('Iran releases celebrity chef arrested for 'Insta story' amid protest crackdown', 'the hindustan times', '2023-01-17')",1-i->1-i,1-i,1-i,User Safety_Censorship & Retribution,Legal Action,Instagram,https://www.hindustantimes.com/world-news/iran-anti-hijab-protests-navab-ebrahimi-iran-releases-celebrity-chef-arrested-for-insta-story-amid-protest-crackdown-101673946203859.html
"('Isha Koppikar gets criticized for her ignorant comments on Southern Superstars Rajinikanth And Ajith', 'the times of india', '2019-03-05')",1-i->n-r,1-i,n-r,User Safety_Broken Harmony,,Twitter,https://timesofindia.indiatimes.com/entertainment/tamil/movies/news/isha-koppikar-gets-criticized-for-her-ignorant-comments-on-southern-superstars-rajinikanth-and-ajith/articleshow/68254646.cms
"('It's no use fretting over CCTV if you use social media', 'the daily telegraph', '2019-07-23')",S->n-r,S,n-r,User Safety_Personal Information,,Social Media,https://www.telegraph.co.uk/women/politics/no-use-fretting-cctv-use-social-media/
"('Jabalpur man's 'caste' remark on Facebook stirs row', 'the hindustan times', '2015-04-17')",1-i->n-r,1-i,n-r,User Safety_Broken Harmony,Public Apology,Facebook,https://www.hindustantimes.com/bhopal/jabalpur-man-s-caste-remark-on-facebook-stirs-row/story-y2WNlwiyj2JDF8ms2mmo2O.html
"('Jad Hadid's girlfriend warns Bigg Boss OTT 2's Akanksha Puri in paparazzi video: 'Jad se durr rahein'', 'the hindustan times', '2023-08-18')",n-r->n-r,n-r,n-r,User Safety_Broken Harmony,,Social Media,https://www.hindustantimes.com/entertainment/web-series/jad-hadids-girlfriend-warns-akanksha-puri-101692348674818.html
"('Jadeja continues social media onslaught, lands fresh jibe with 'most valuable asset' tweet after CSK reach IPL final', 'the hindustan times', '2023-05-24')",1-i->n-r,1-i,n-r,User Safety_Broken Harmony,,Twitter,https://www.hindustantimes.com/cricket/jadeja-continues-social-media-onslaught-lands-fresh-jibe-with-most-valuable-asset-tweet-after-csk-reach-101684907386086.html
"('Jaipur jailbirds post Holi pics on social media, probe ordered', 'the times of india', '2018-03-12')",1-r->n-r,1-r,n-r,User Safety_Broken Harmony,Protective Measures,Social Media,https://timesofindia.indiatimes.com/city/jaipur/jaipur-prisoners-post-holi-pics-govt-left-red-faced/articleshow/63261452.cms
"('Junior health minister's group pic without masks goes viral', 'the times of india', '2020-08-02')",1-i->n-r,1-i,n-r,User Safety_Broken Harmony,Address Virality,Social Media,https://timesofindia.indiatimes.com/city/surat/junior-health-ministers-group-pic-without-masks-goes-viral/articleshow/77292173.cms
"('Junk food still being marketed to children as companies find ways to bypass rules: Games and social media among sales methods WHO finds UK clampdown on TV ads is not enough', 'the guardian', '2013-06-18')",1-i->n-r,1-i,n-r,User Safety_Safety Risk of Social Media Overuse,,Facebook,https://www.theguardian.com/lifeandstyle/2013/jun/18/junk-food-children-marketing-who-tv
"('Kangana Ranaut's sister Rangoli hits back at Karan Patel on his 'most hilarious woman' comment; calls him 'bojh on Mother Earth'', 'the times of india', '2021-05-07')",1-i->1-i,1-i,1-i,User Safety_Harassment&Bullying,Remove Content,Twitter,https://timesofindia.indiatimes.com/tv/news/hindi/kangana-ranauts-sister-rangoli-hits-back-at-karan-patel-on-his-most-hilarious-woman-comment-calls-him-bojh-on-mother-earth/articleshow/82427828.cms
"('Kazakhstan cracks down on illegal online content', 'bbc monitoring central asia', '2017-02-09')",1-i->n-r,1-i,n-r,User Safety_Censorship & Retribution,,Online,https://www.amnesty.org/en/latest/press-release/2017/02/kazakhstan-social-media-crackdown-suffocates-freedom-of-expression-online/
"('KHAN TARGETED ON SOCIAL MEDIA FOR 'PROTOCOL BREACH' AT SCO', 'the hindustan times', '2019-06-15')",n-r->1-i,n-r,1-i,User Safety_Harassment&Bullying,,Twitter,https://economictimes.indiatimes.com/news/international/world-news/pakistan-pm-imran-khan-trolled-online-for-seating-gaffe-at-sco-summit-in-bishkek/articleshow/69788427.cms?from=mdr
"('Kim Kardashian under fire from DWTS contestants for fake 'Bieber' tweets', 'the hindustan times', '2011-10-30')",1-i->n-r,1-i,n-r,User Safety_Dangerous Misinformation & Endangerment,Misinformation led to action,Twitter,https://www.nbcdfw.com/news/national-international/kim-kardashian-justin-bieber-tweet-dwts/1906287/
"('Kriti Sanon shares touching video of a technician from Humari Bahu Silk asking for his money, urges CINTAA to help', 'the hindustan times', '2020-05-19')",1-r->n-r,1-r,n-r,User Safety_Broken Harmony,,Instagram,https://www.hindustantimes.com/tv/kriti-sanon-shares-touching-video-of-a-technician-from-humari-bahu-silk-asking-for-his-money-urges-cintaa-to-help/story-TR1mpguUGWtz8ifShCr20L.html
"('Kuwait jails blogger for five years over anti-UAE tweets', 'dpa international (english)', '2018-02-04')",1-i->1-i,1-i,1-i,User Safety_Censorship & Retribution,Protective Measures,Online,https://gulfif.org/kuwait-sentences-blogger-abdullah-al-saleh-to-5-years-for-insulting-uae/
"('La France prend des mesures contre TikTok', 'le monde', '2023-03-27')",1-i->n-r,1-i,n-r,User Safety_Censorship & Retribution,,TikTok,https://www.lemonde.fr/pixels/article/2023/03/24/tiktok-netflix-et-autres-applications-recreatives-interdites-sur-les-telephones-professionnels-des-fonctionnaires-d-etat-francais_6166825_4408996.html
"('Leo Kalyan, who performed at Sonam Kapoor's baby shower, reacts to hate comments: 'I'm doing something right'', 'the hindustan times', '2022-06-17')",n-r->1-i,n-r,1-i,User Safety_Harassment&Bullying,,Instagram,https://www.hindustantimes.com/entertainment/bollywood/leo-kalyan-who-performed-at-sonam-kapoor-s-baby-shower-reacts-to-hate-comments-101655457472435.html
"('Les autorités iraniennes limitent massivement l'accès à Internet', 'le monde', '2022-10-08')",1-i->n-r,1-i,n-r,User Safety_Censorship & Retribution,Legal Action,Social Media,https://www.lemonde.fr/international/article/2022/10/07/le-regime-iranien-cible-les-vpn-pour-limiter-l-acces-a-internet_6144812_3210.html
"('LeSean McCoy Denies Accusations That Surfaced on Social Media', 'new york times', '2018-07-10')",1-r->1-i,1-r,1-i,User Safety_Dangerous Misinformation & Endangerment,,Instagram,https://www.nytimes.com/2018/07/10/sports/lesean-mccoy-girlfriend-wife-delicia-cordon-.html
"('Liam O’Neill: GAA 'code of honour' needed to tackle online abuse', 'irish examiner', '2021-09-22')",n-r->1-i,n-r,1-i,User Safety_Harassment&Bullying,,Social Media,https://www.irishexaminer.com/sport/gaa/arid-40703420.html
"('Lily Allen wins damages over Mail Online article', 'the guardian', '2011-03-23')",1-i->1-i,1-i,1-i,User Safety_Personal Information,Legal Action,Daily Mail,https://www.theguardian.com/media/2011/mar/23/lily-allen-wins-damages-over-mail-online-article
"('Mahesh Babu's Sarkaru Vaari Paata trailer partially leaked online, angry fans question production house', 'the hindustan times', '2022-05-02')",1-r->n-r,1-r,n-r,User Safety_Broken Harmony,Public Backlash,Online,https://www.hindustantimes.com/entertainment/telugu-cinema/mahesh-babu-s-sarkaru-vaari-paata-trailer-partially-leaked-online-angry-fans-question-production-house-101651476835553.html
"('Man denies online abuse of sister of Hillsborough victim in court hearing', 'the guardian', '2023-04-13')",1-r->1-r,1-r,1-r,User Safety_Harassment&Bullying,Legal Action,Twitter,https://www.theguardian.com/football/2023/apr/13/man-denies-online-abuse-of-sister-of-hillsborough-victim-in-court-hearing
"('Man held for making video aimed at disrupting peace', 'the times of india', '2020-03-04')",1-r->n-r,1-r,n-r,User Safety_Broken Harmony,Legal Action,TikTok,https://timesofindia.indiatimes.com/city/aurangabad/man-held-for-making-video-aimed-at-disrupting-peace/articleshow/74448164.cms
"('Mannan Wani's latest video under scanner now', 'the hindustan times', '2018-01-12')",1-r->n-r,1-r,n-r,User Safety_Broken Harmony,Legal Action,Social Media,https://www.hindustantimes.com/lucknow/mannan-wani-s-latest-video-under-scanner-now/story-GhvIdCENPVsnLwP0AcJBFI.html
"('Marketers Package Sugary Cereals With Online Fun; Food Web Sites Use Games and Videos to Entice Children, Blurring Line Between Ads and Entertainment', 'the washington post', '2006-07-20')",1-i->n-r,1-i,n-r,User Safety_Safety Risk of Social Media Overuse,,Online,https://www.washingtonpost.com/archive/business/2006/07/20/marketers-package-sugary-cereals-with-online-fun-span-classbankheadfood-web-sites-use-games-and-videos-to-entice-children-blurring-line-between-ads-and-entertainmentspan/61502eb4-bbe9-449d-8f6b-2cabd2b385b8/
"('Mayor defends Niles garbage bill change against social media trashing', 'chicago tribune', '2023-05-24')",n-r->n-r,n-r,n-r,User Safety_Broken Harmony,Public Apology,Online,https://www.chicagotribune.com/2023/05/24/mayor-defends-niles-garbage-bill-change-against-social-media-trashing/
"('Media: Opinion: One click - and it's so easy to destroy someone's world', 'the guardian', '2012-11-12')",S->1-i,S,1-i,User Safety_Personal Information,,Twitter,https://www.theguardian.com/media/2012/nov/11/twitter-click-destroy-world
"('Men whine and women gossip online', 'the times of india', '2013-04-05')",1-r->1-r,1-r,1-r,User Safety_Harassment&Bullying,,Facebook,https://timesofindia.indiatimes.com/life-style/relationships/love-sex/men-whine-and-women-gossip-online/articleshow/19381568.cms
"('Merriam-Webster defines ‘key bump’ after Cawthorn’s drug and orgy claims', 'the washington post', '2022-03-31')",1-i->n-r,1-i,n-r,User Safety_Broken Harmony,Address Virality,Twitter,https://www.washingtonpost.com/nation/2022/03/31/madison-cawthorn-key-bump/
"('Met officer arrested over park sex act viral video', 'the daily telegraph', '2022-04-01')",n-r->n-r,n-r,n-r,User Safety_Broken Harmony,Legal Action,Social Media,https://www.lbc.co.uk/news/serving-met-pcso-arrested-sex-act-park-bench/
"('Mexican rapper gets gold chain hooks implanted into scalp. Shares pics, videos', 'the hindustan times', '2021-09-11')",1-i->n-r,1-i,n-r,User Safety_Safety Risk of Social Media Overuse,,Instagram,https://www.hindustantimes.com/trending/mexican-rapper-gets-gold-chain-hooks-implanted-into-scalp-shares-pics-videos-101631364775405.html
"('Mike Pence Is Invited to Dine at Pizzeria at Center of Fake News Barrage', 'new york times', '2016-12-13')",1-i->n-r,1-i,n-r,User Safety_Dangerous Misinformation & Endangerment,"Misinformation led to action, Violent Behavior",Online,https://www.nytimes.com/2016/12/13/us/pizzagate-comet-ping-pong-pizza-mike-pence.html
"('Minneapolis Police Chief Texted Activists Suicide Footage to Quell Violence; 'There was so much misinformation out there,' says civil-rights activist who helped circulate video', 'wall street journal', '2020-08-27')",n-r->n-r,n-r,n-r,User Safety_Dangerous Misinformation & Endangerment,Address Misinformation,Social Media,https://www.wsj.com/us-news/minneapolis-under-state-of-emergency-after-fresh-unrest-11598509839
"('Misinformed comments do Priyanka Chopra , or the Northeast, no good', 'the hindustan times', '2017-09-15')",1-i->n-r,1-i,n-r,User Safety_Broken Harmony,,Social Media,https://www.hindustantimes.com/bollywood/priyanka-chopra-your-misinformed-comments-about-sikkim-did-a-huge-disservice-to-northeast/story-OdgSqJC3N93AD8FzwTEVJK.html
"('Mitch McConnell's Twitter Jailbreak; Social sites may not want speech regulation, but this is how to get it.', 'wall street journal', '2019-08-12')",S->n-r,S,n-r,User Safety_Broken Harmony,Public Protest,Twitter,https://www.wsj.com/articles/mitch-mcconnells-twitter-jailbreak-11565652171
"('Mohammed Siraj grabs Kuldeep Yadav by the neck, video goes viral: WATCH', 'the hindustan times', '2021-02-07')",n-r->n-r,n-r,n-r,User Safety_Broken Harmony,,Social Media,https://www.hindustantimes.com/cricket/india-vs-england-mohammed-siraj-grabs-kuldeep-yadav-by-the-neck-video-goes-viral-watch-101612671218426.html
"('Monkey Shirt On H&amp;M Site Raises Outcry On Internet', 'new york times', '2018-01-09')",1-i->n-r,1-i,n-r,User Safety_Broken Harmony,Public Apology,Online,https://www.nytimes.com/2018/01/08/business/hm-monkey.html
"('Morgan Wallen Suspended From Record Label After Shouting Racial Slur on Video; Radio and streaming services pull back from promoting the country music star, who issues apology', 'wall street journal', '2021-02-04')",1-r->n-r,1-r,n-r,User Safety_Broken Harmony,"Restricted from job/school, Public Apology",Online,https://www.wsj.com/arts-culture/music/morgan-wallen-suspended-from-record-label-after-shouting-racial-slur-on-video-11612386540
"('Morning Skim: Is Facebook a Cult, or Just Having an Identity Crisis?', 'new york times', '2009-04-09')",S->n-r,S,n-r,User Safety_Personal Information,,Facebook,https://archive.nytimes.com/opinionator.blogs.nytimes.com/2009/04/09/morning-skim-is-facebook-a-cult-or-just-having-an-identity-crisis/
"('Moving the Market -- Tracking the Numbers / Street Sleuth: CBOT Gets Flak Over Online Trades; Critics Fault Exchange For Falling Short in Effort To Fully Shield User Data', 'wall street journal', '2006-08-17')",1-i->n-r,1-i,n-r,User Safety_Personal Information,Social Media policy change,CBOT,https://www.wsj.com/articles/SB115578126459237977
"('Mug shots have become a commodity; Websites gather the photos and publish them for all to search, then charge money to take them down.', 'los angeles times', '2013-07-07')",S->1-r,S,1-r,User Safety_Personal Information,,Mug Shot Websites,https://abcnews.go.com/Technology/mug-shot-websites-profiting-off-people-booking-photos/story?id=18669703
"('My father only contacts me on social media, where he shows me contempt. I feel bullied | Annalisa Barbieri', 'the guardian', '2017-08-11')",1-r->1-r,1-r,1-r,User Safety_Harassment&Bullying,,Social Media,https://www.theguardian.com/lifeandstyle/2017/aug/11/father-only-contact-me-social-media-shows-contempt-feel-bullied
"('My review, my choice:Anupama Chopra calls out Twitter trolls', 'the hindustan times', '2019-08-10')",n-r->1-i,n-r,1-i,User Safety_Harassment&Bullying,,Twitter,https://www.hindustantimes.com/bollywood/my-review-my-choice-anupama-chopra-calls-out-twitter-trolls/story-s31onzDOYPPCCeyirhWMvJ.html
"('Namitha Pramod slams man who made sleazy comments', 'the times of india', '2019-01-23')",1-r->1-i,1-r,1-i,User Safety_Harassment&Bullying,,Instagram,https://timesofindia.indiatimes.com/entertainment/malayalam/movies/news/namitha-pramod-slams-man-who-made-sleazy-comments/articleshow/67639803.cms
"('Naomi Osaka: Celebrities, the Media and Mental Health', 'new york times', '2021-06-04')",n-i->1-i,n-i,1-i,User Safety_Personal Information,,Online news,https://www.nytimes.com/2021/06/04/opinion/letters/naomi-osaka-mental-health.html
"('National: Kate Moss fallout: 'Pro-anorexic' community finds comfort in model's motto: Interview comments criticised as dangerous: Agent says words were taken out of context', 'the guardian', '2009-11-21')",n-r->n-r,n-r,n-r,User Safety_Broken Harmony,Public Backlash,Online,https://www.theguardian.com/lifeandstyle/2009/nov/20/kate-moss-motto-pro-anorexic
"('Ned Fulmer Is Out of Comedy Group the Try Guys Amid Affair With Employee; The internet comedy group said it couldn't work with one of its founding members after word spread on social media that he had a relationship with an employee', 'wall street journal', '2022-09-28')",1-r->n-r,1-r,n-r,User Safety_Broken Harmony,Public Apology,Reddit,https://www.wsj.com/articles/the-try-guys-say-ned-fulmer-is-out-amid-cheating-allegations-11664394267
"('Never been ashamed of what I do: Kalki on being slammed for posting nude pic on Instagram', 'the hindustan times', '2017-08-21')",n-r->1-i,n-r,1-i,User Safety_Harassment&Bullying,,Instagram,https://www.hindustantimes.com/bollywood/never-been-ashamed-of-what-i-do-kalki-koechlin-on-being-slammed-for-posting-nude-pic/story-wUPjTUXFpSR01PxaxPxX3J.html
"('Nick Jonas calls for #justiceforgeorgefloyd, shares Jay-Z's post demanding all officers involved in the murder to face justice', 'the times of india', '2020-06-02')",1-i->n-r,1-i,n-r,User Safety_Broken Harmony,,Instagram,https://timesofindia.indiatimes.com/entertainment/english/music/news/nick-jonas-calls-for-justiceforgeorgefloyd-shares-jay-zs-post-demanding-all-officers-involved-in-the-murder-to-face-justice/articleshow/76138024.cms
"('NK's YouTube vlog channels blocked in S. Korea on spy agency's request', 'the korea times', '2023-06-23')",1-i->n-r,1-i,n-r,User Safety_Censorship & Retribution,,Youtube,https://www.koreatimes.co.kr/foreignaffairs/northkorea/20230623/nks-youtube-vlog-channels-blocked-in-s-korea-on-spy-agencys-request
"('No likes from RSS for Maneka Gandhi's helpline against online trolls', 'the hindustan times', '2016-07-14')",n-r->n-r,n-r,n-r,User Safety_Harassment&Bullying,Protective Measures,"Twitter, Facebook",https://www.hindustantimes.com/india-news/no-likes-from-rss-for-maneka-gandhi-s-helpline-against-online-trolls/story-3qewpxdPKW1dwJcexF8CaI.html
"('Noida: Murder accused out on bail held for making stunt videos for YouTube', 'the hindustan times', '2022-06-02')",1-r->n-r,1-r,n-r,User Safety_Broken Harmony,Legal Action,Twitter,https://www.indiatoday.in/cities/noida/story/noida-news-popular-youtuber-murder-accused-nizamul-khan-bike-stunts-arrested-1957610-2022-06-02
"('Now, a Facebook 'like' leads to sedition charges', 'the times of india', '2013-01-17')",1-i->1-r,1-i,1-r,User Safety_Censorship & Retribution,Legal Action,Facebook,https://timesofindia.indiatimes.com/city/kochi/facebook-like-case-no-evidence-of-sedition-govt-tells-hc/articleshow/18254753.cms
"('Nupur faces FIR in EMidnapore; 3 held over fake news', 'the times of india', '2022-06-13')",n-r->n-r,n-r,n-r,User Safety_Dangerous Misinformation & Endangerment,Legal Action,Social Media,https://timesofindia.indiatimes.com/city/kolkata/nupur-faces-fir-in-e-midnapore-3-held-over-fake-news/articleshow/92169757.cms
"('OFF DUTY --- Gear &amp; Gadgets: The Tech to Get Some Z's --- Facebook and videogames may be sleep's worst enemy, but technology can also be bedtime's best friend', 'wall street journal', '2012-06-16')",S->n-r,S,n-r,User Safety_Safety Risk of Social Media Overuse,,Online,https://www.wsj.com/articles/SB10001424052702303901504577460482577257626
"('Officials condemn racist and false posts from GOP county leaders in Texas', 'the washington post', '2020-06-08')",n-i->n-r,n-i,n-r,User Safety_Broken Harmony,Public Backlash,Facebook,https://www.texastribune.org/2020/06/05/texas-gop-chairs-racist-george-floyd/
"('Officials worried about flak received on social media', 'the times of india', '2017-03-06')",n-r->n-r,n-r,n-r,User Safety_Broken Harmony,Address Broken Harmony,Twitter,https://timesofindia.indiatimes.com/city/pune/officials-worried-about-flak-received-on-social-media/articleshow/57473025.cms
"('Olympic cyclist Callum Skinner hits out at Leave.EU over Twitter video', 'the guardian', '2016-08-17')",1-i->n-r,1-i,n-r,User Safety_Broken Harmony,Public Backlash,Online,https://www.theguardian.com/media/2016/aug/17/olympic-cyclist-callum-skinner-leave-eu-twitter-brexit
"('On campaign trail, Bikash blasts e-media for smearing opponents', 'the times of india', '2019-03-18')",n-r->1-i,n-r,1-i,User Safety_Harassment&Bullying,,Social Media,https://timesofindia.indiatimes.com/city/kolkata/on-campaign-trail-bikash-blasts-e-media-for-smearing-opponents/articleshow/68445701.cms
"('On the Twitter Reckoning', 'the nation', '2018-04-16')",1-r->n-r,n-r,n-r,User Safety_Broken Harmony,Public Backlash,Twitter,https://www.nation.com.pk/E-Paper/lahore/2018-04-16/page-6/detail-5
"('One in every 5 school students a 'problematic' internet user', 'the times of india', '2018-04-11')",S->n-r,S,n-r,User Safety_Safety Risk of Social Media Overuse,Violent Behavior,Online,https://timesofindia.indiatimes.com/city/delhi/one-in-every-5-school-students-a-problematic-internet-user/articleshow/63703507.cms
"('Online abuse targeting footballers to be tackled by ‘world first’ AI software', 'the guardian', '2022-04-04')",n-r->n-i,n-r,n-i,User Safety_Harassment&Bullying,Protective Measures,Social Media,https://www.theguardian.com/football/2022/apr/04/online-abuse-targeting-footballers-to-be-tackled-by-world-first-ai-software
"('Online and Scared', 'new york times', '2017-01-11')",n-r->n-r,n-r,n-r,User Safety_Dangerous Misinformation & Endangerment,Misinformation led to action,Facebook,https://www.nytimes.com/2017/01/11/opinion/online-and-scared.html
"('Online harassment increases to 35% for American minority groups', 'the guardian', '2020-06-24')",n-r->n-r,n-r,n-r,User Safety_Harassment&Bullying,Protective Measures,"Youtube, Facebook, Twitter, Instagram, Whatsapp",https://www.theguardian.com/society/2020/jun/23/online-harassment-increases-for-american-minority-groups
"('Online petition to seek ban on 'sardar' jokes', 'the hindustan times', '2015-11-13')",1-i->n-r,1-i,n-r,User Safety_Broken Harmony,Public Protest,Online,https://www.change.org/p/supreme-court-of-india-ban-websites-that-defame-and-insult-the-sikh-community-bansikhjokes
"('Online Privacy Protections Gain Traction With Lawmakers, Tech Industry; Disclosures of social-media harms to young people put pressure on Congress, tech companies to safeguard personal information', 'wall street journal', '2022-04-26')",S->n-r,S,n-r,User Safety_Safety Risk of Social Media Overuse,Mental Health,"TikTok, Facebook",https://www.wsj.com/politics/policy/online-privacy-protections-gain-traction-with-lawmakers-tech-industry-11650978000
"('Pak talks: Bid to peddle fake news, says MEA', 'the times of india', '2019-06-21')",n-r->n-r,n-r,n-r,User Safety_Dangerous Misinformation & Endangerment,Address Misinformation,Social Media,https://indianexpress.com/article/india/fake-news-mea-dismisses-media-reports-on-india-pakistan-dialogue-5791556/
"('Pakistan asks Twitter to remove tweets on territorial conflicts involving nation', 'bbc monitoring south asia', '2015-08-12')",S->n-r,S,n-r,User Safety_Censorship & Retribution,,Twitter,https://tribune.com.pk/story/936447/pta-wanted-twitter-to-remove-tweets-about-territorial-conflicts-involving-pakistan
"('Parties could break law with adverts on Facebook', 'the daily telegraph', '2017-05-18')",1-i->n-r,1-i,n-r,User Safety_Personal Information,Legal Action,Facebook,https://www.telegraph.co.uk/news/2017/05/17/political-parties-facing-investigation-targeting-voters-twitter/
"('People go online to report cheating at petrol pumps', 'the times of india', '2018-06-18')",n-r->n-r,n-r,n-r,User Safety_Broken Harmony,,"Facebook, Twitter",https://timesofindia.indiatimes.com/city/hubballi/people-go-online-to-report-cheating-at-petrol-pumps/articleshow/64618833.cms
"('Personal NHS data is posted on Facebook', 'the daily telegraph', '2011-10-28')",1-r->1-r,1-r,1-r,User Safety_Personal Information,Restricted from job/school,Facebook,https://thenextweb.com/news/nhs-patient-data-ends-up-on-facebook-but-how-serious-is-the-latest-data-debacle
"('Pics: Ananya Panday spotted with Siddhant Chaturvedi post the former's trolling on nepotism comment', 'the times of india', '2020-01-20')",1-i->n-r,1-i,n-r,User Safety_Broken Harmony,,Online,https://timesofindia.indiatimes.com/entertainment/hindi/bollywood/news/pics-ananya-panday-spotted-with-siddhant-chaturvedi-post-the-formers-trolling-on-nepotism-comment/articleshow/73386627.cms
"('Pixstory raises voice against social media hate as Arsenal beat United', 'the hindustan times', '2023-01-23')",n-r->1-i,n-r,1-i,User Safety_Harassment&Bullying,Protective Measures,Social Media,https://www.hindustantimes.com/sports/football/indian-app-pixstory-makes-pitch-against-online-hate-in-arsenal-united-game-101674412694421.html
"('Police probe online game angle in 17-yr-old's suicide', 'the hindustan times', '2018-08-23')",1-i->1-r,1-i,1-r,User Safety_Suicide&Self-harm,Death,Game,https://www.thehindu.com/news/national/other-states/police-probe-online-game-angle-in-girls-suicide/article24754877.ece
"('Political party member posts name, photo of rape survivor in social group', 'the times of india', '2018-08-18')",1-r->1-r,1-r,1-r,User Safety_Personal Information,Legal Action,WhatsApp,https://timesofindia.indiatimes.com/city/nagpur/political-party-member-posts-name-photo-of-rape-survivor-in-social-group/articleshow/65431230.cms
"('President Biden will call for more limits on social media.', 'new york times', '2022-03-01')",S->n-r,S,n-r,User Safety_Safety Risk of Social Media Overuse,"Mental Health, Protective Measures",Social Media,https://www.nytimes.com/2022/03/01/us/politics/state-of-the-union-biden-social-media.html
"('Pro-Trump media sets the agenda with lies. Here's how traditional media can take it back.', 'the washington post', '2017-03-11')",n-r->1-i,n-r,1-i,User Safety_Dangerous Misinformation & Endangerment,,Twitter,https://www.washingtonpost.com/lifestyle/style/pro-trump-media-sets-the-agenda-with-lies-heres-how-traditional-media-can-take-it-back/2017/03/11/4f30f768-050a-11e7-b9fa-ed727b644a0b_story.html
"('Probed for corruption, Etah civic body head threatens suicide on Facebook', 'the times of india', '2017-06-19')",1-i->n-r,1-i,n-r,User Safety_Suicide&Self-harm,,Facebook,https://timesofindia.indiatimes.com/city/agra/probed-for-corruption-etah-civic-body-head-threatens-suicide-on-facebook/articleshow/59207348.cms
"('Pune police act on suicide alert on Twitter; find woman safe in Kerala', 'the times of india', '2018-11-27')",1-r->n-r,1-r,n-r,User Safety_Dangerous Misinformation & Endangerment,"Legal Action, Misinformation led to action",Facebook ,https://timesofindia.indiatimes.com/city/pune/pune-police-act-on-suicide-alert-on-twitter-find-woman-safe-in-kerala/articleshow/66817200.cms
"('Putting a stop to mobile addiction', 'the hindustan times', '2014-07-06')",S->n-r,S,n-r,User Safety_Safety Risk of Social Media Overuse,Protective Measures,Online,https://www.hindustantimes.com/chandigarh/putting-a-stop-to-mobile-addiction/story-6GAf9SZReNRM5CD6SoRvDL.html
"('Ramdev's messenger app 'Kimbho' goes off Play Store, gets roasted on Twitter', 'the hindustan times', '2018-06-01')",1-i->n-r,1-i,n-r,User Safety_Personal Information,Remove Content,Messaging app,https://www.theweek.in/news/sci-tech/2018/05/31/ramdev-app-kimbho-disappears-from-playstore-expert-calls-joke.html
"('Rap star Ramz 'getting support' following suicide messages on social media', 'the guardian', '2019-07-11')",1-i->n-r,1-i,n-r,User Safety_Suicide&Self-harm,Remove Content,"Twitter, Instagram",https://www.theguardian.com/music/2019/jul/11/rap-star-ramz-getting-support-following-suicide-messages
"('Reader Idea | Teaching and Learning About Body Image in the Social Media Age', 'new york times', '2016-06-02')",S->n-r,S,n-r,User Safety_Safety Risk of Social Media Overuse,,Instagram,https://archive.nytimes.com/learning.blogs.nytimes.com/2016/06/02/reader-idea-body-image-in-the-social-media-age/
"('Rebel Wilson tweets photo of wrong journalist when 'shaming to stop criminal conduct'', 'the guardian', '2016-02-29')",1-i->1-r,1-i,1-r,User Safety_Harassment&Bullying,,Twitter,https://www.theguardian.com/film/2016/feb/29/rebel-wilson-cites-shaming-to-stop-criminal-conduct-after-photo-tweet-mix-up
"('Receta marroquí para armar un boicot en Internet', 'el pais', '2018-05-16')",n-r->n-i,n-r,n-i,User Safety_Broken Harmony,Public protest,Facebook,https://elpais.com/elpais/2018/05/15/opinion/1526402338_267749.html
"('Reports: Ohio attacker posted anti-US rant online before attack', 'dpa international (english)', '2016-11-29')",n-r->n-r,n-r,n-r,User Safety_Broken Harmony,,Online,https://www.bbc.com/news/world-us-canada-38136658
"('Riverside teacher who mocked Native Americans in math lesson caught on video is fired', 'los angeles times', '2022-02-10')",1-r->n-r,1-r,n-r,User Safety_Broken Harmony,Public Protest,Online,https://www.latimes.com/california/story/2022-02-09/riverside-sohcahtoa-teacher-viral-video-mocked-native-americans-fired
"('Roundup: Indian teenage girl jumps into lake over deadly online challenge', 'xinhua news agency - ceis', '2017-09-05')",1-i->1-r,1-i,1-r,User Safety_Suicide&Self-harm,Death,Game,https://www.thehindu.com/news/national/jodhpur-police-rescues-girl-trying-to-complete-blue-whale-challenge/article19625485.ece
"('Ruling party to request Google delete fake news on YouTube', 'the korea times', '2018-10-15')",n-r->1-i,n-r,1-i,User Safety_Dangerous Misinformation & Endangerment,Address Misinformation,Youtube,https://www.koreatimes.co.kr/business/tech-science/20181015/ruling-party-to-request-google-delete-fake-news-on-youtube
"('Russia spread fake news via Twitter bots after Salisbury poisoning –&#xa0;analysis', 'the guardian', '2018-04-19')",1-i->n-r,1-i,n-r,User Safety_Broken Harmony,Public Backlash,Twitter,https://www.theguardian.com/world/2018/apr/19/russia-fake-news-salisbury-poisoning-twitter-bots-uk
"('Sadhvi Pragya vents anger on Sehore media, calls them 'beimaan'', 'the times of india', '2019-09-19')",1-i->n-r,1-i,n-r,User Safety_Broken Harmony,Public Criticism,Social Media,https://timesofindia.indiatimes.com/india/sadhvi-pragya-vents-anger-on-sehore-media-calls-them-beimaan/articleshow/71188040.cms
"('Saloni Chopra on her bra strap-shaming Instagram post: I write about things I believe in', 'the times of india', '2016-08-04')",1-i->n-r,1-i,n-r,User Safety_Broken Harmony,,Instagram,https://timesofindia.indiatimes.com/tv/news/hindi/saloni-chopra-on-her-bra-strap-shaming-instagram-post-i-write-about-things-i-believe-in/articleshow/53520546.cms
"('Samaritans join battle on online suicide content', 'the daily telegraph', '2019-04-29')",n-r->n-r,n-r,n-r,User Safety_Suicide&Self-harm,Death,Social Media,https://www.theguardian.com/society/2019/apr/29/samaritans-set-to-work-with-facebook-and-google-on-limiting-online-harm
"('Sanders Aims for Positive Campaign, but Allies Don't Always Follow; Vermont senator apologizes for supporter's comments about Joe Biden. Mr. Sanders's wife tweets call for unity.', 'wall street journal', '2020-01-22')",n-r->1-i,n-r,1-i,User Safety_Harassment&Bullying,,Twitter,https://www.wsj.com/articles/sanders-aims-for-positive-campaign-allies-dont-always-follow-11579694402
"('Schaltet die Kommentarfunktion auf Facebook ab!', 'die tageszeitung', '2018-01-16')",S->n-r,S,n-r,User Safety_Dangerous Misinformation & Endangerment,,Facebook  ,https://taz.de/Kolumne-Luegenleser/!5474612/
"('Selfies, sex and body image – the revolution in books for teenage girls', 'the guardian', '2015-06-20')",S->n-r,S,n-r,User Safety_Safety Risk of Social Media Overuse,,Social Media,https://www.theguardian.com/books/2015/jun/21/selfies-sex-body-image-teenage-girls-young-adult-fiction-louise-oneill-interview
"('Selling You on Facebook; Many popular Facebook apps are obtaining sensitive information about users--and users' friends--so don't be surprised if details about your religious, political and even sexual preferences start popping up in unexpected places.', 'wall street journal', '2012-04-08')",S->n-r,S,n-r,User Safety_Personal Information,,Facebook,https://www.wsj.com/articles/SB10001424052702303302504577327744009046230
"('Shanghai Residents Plead for Help Online as Daily Covid-19 Count Nears 20,000; Nearly a week into lockdown, many turn to social media to get food, medicine or, if they are taken away for quarantine, advice on pet care', 'wall street journal', '2022-04-07')",n-r->n-r,n-r,n-r,User Safety_Broken Harmony,Public Backlash,Weibo,https://www.wsj.com/world/china/shanghai-residents-seek-help-online-as-daily-covid-count-nears-20-000-11649296811
"('Shark Tank's Anupam Mittal takes jibe at Air India over 'Pee-gate' case. See tweets', 'the hindustan times', '2023-01-11')",1-i->1-i,1-i,1-i,User Safety_Broken Harmony,Public Apology,Twitter,https://www.hindustantimes.com/trending/shark-tank-s-anupam-mittal-takes-jibe-at-air-india-over-pee-gate-case-see-tweets-101673436769141.html
"('Shatrughan Sinha feels people can't stop trolls on social media: 'Na rok sakte hai, na tok sakte hai'', 'the hindustan times', '2023-02-19')",n-r->1-i,n-r,1-i,User Safety_Harassment&Bullying,,Social Media,https://www.hindustantimes.com/entertainment/bollywood/shatrughan-sinha-feels-people-can-t-stop-social-media-trolls-na-rok-sakte-hai-101676813059529.html
"('She is India's highest-profile cabinet minister -- and its most trolled', 'the washington post', '2016-07-01')",n-r->1-i,n-r,1-i,User Safety_Harassment&Bullying,,Twitter,https://www.washingtonpost.com/world/she-is-indias-highest-profile-cabinet-minister-and-its-most-trolled/2016/07/01/e7ab7e7c-3e41-11e6-9e16-4cf01a41decb_story.html
"('Shraddha gets trolled on social media for advocating Diwali without crackers', 'the times of india', '2017-10-16')",n-r->1-i,n-r,1-i,User Safety_Harassment&Bullying,,Social Media,https://timesofindia.indiatimes.com/entertainment/telugu/movies/news/shraddha-gets-trolled-on-social-media-for-advocating-diwali-without-crackers/articleshow/61090305.cms
"('Shripad's online comment stirs controversy', 'the times of india', '2015-04-16')",1-i->n-r,1-i,n-r,User Safety_Broken Harmony,,SNS,https://timesofindia.indiatimes.com/city/goa/shripads-online-comment-stirs-controversy/articleshow/46937900.cms
"('Slack's Latest Collaboration Falls Flat on Its Feet; Twitter users see Slack's new collaboration with old-school clothier Cole Haan as an embarrassment of tech's riches', 'wall street journal', '2020-10-14')",n-r->n-r,n-r,n-r,User Safety_Broken Harmony,,Twitter,https://www.wsj.com/articles/slacks-latest-collaboration-falls-flat-on-its-feet-11602683163
"('Smug eco-trolls need to be careful what they wish for', 'the daily telegraph', '2022-10-22')",n-r->n-i,n-r,n-i,User Safety_Harassment&Bullying,,Social Media,https://www.telegraph.co.uk/news/2022/10/22/smug-eco-trolls-should-careful-what-wish/
"('Social media had a role in Molly's death, coroner rules', 'the daily telegraph', '2022-10-01')",S->1-r,S,1-r,User Safety_Suicide&Self-harm,Death,Instagram,https://www.telegraph.co.uk/news/2022/09/30/how-social-media-killed-molly-russell/
"('Social media ice cream licking stunt ends in prison', 'the daily telegraph', '2020-03-07')",1-r->n-r,1-r,n-r,User Safety_Broken Harmony,Legal Action,Social Media,https://www.bbc.com/news/world-us-canada-51762753
"('Social media is a public health emergency', 'the daily telegraph', '2018-04-24')",S->n-r,S,n-r,User Safety_Safety Risk of Social Media Overuse,Mental Health,Social Media,https://www.telegraph.co.uk/news/2018/04/23/social-media-has-become-public-health-issue-killing-us/
"('Social media's 'like' button is toxic, says health charity', 'the daily telegraph', '2019-08-30')",S->n-r,S,n-r,User Safety_Safety Risk of Social Media Overuse,Protective Measures,Social Media,https://www.telegraph.co.uk/news/2019/08/29/like-button-toxic-feature-social-media-royal-society-public/
"('Soni Razdan shares video of Delhi airport chaos as fliers take on authorities for confiscating passports: 'Please kill us'', 'the hindustan times', '2020-03-18')",1-i->n-r,1-i,n-r,User Safety_Broken Harmony,"Address Virality, Remove Content",Twitter,https://www.hindustantimes.com/bollywood/soni-razdan-shares-video-of-delhi-airport-chaos-as-fliers-take-on-authorities-for-confiscating-passports-please-kill-us/story-i4jm75QYOYyQ2BI1lSUvPJ.html
"('Spotify charts podcasting future after controversies, challenges and shakeups', 'los angeles times', '2023-03-08')",1-i->S,1-i,S,User Safety_Dangerous Misinformation & Endangerment,Platform Reputation Damage,Spotify,https://www.latimes.com/entertainment-arts/business/story/2023-03-08/after-controversies-challenges-shakeups-spotify-charts-its-podcasting-future
"('Srabanti on trolls: Kuch toh log kahenge, logon ka kaam hai kehna', 'the times of india', '2021-08-02')",n-r->1-i,n-r,1-i,User Safety_Harassment&Bullying,,Online,https://timesofindia.indiatimes.com/entertainment/bengali/movies/news/srabanti-on-trolls-kuch-toh-log-kahenge-logon-ka-kaam-hai-kehna/articleshow/84946561.cms
"('State link to cheaters website', 'irish examiner', '2015-08-21')",1-i->n-r,1-i,n-r,User Safety_Personal Information,,Online,https://www.irishexaminer.com/news/arid-20349467.html
"('Stuck in jam, angry BJP MLA deflates car tyre, photo goes viral', 'the times of india', '2018-07-16')",1-r->n-r,1-r,n-r,User Safety_Broken Harmony,Public Backlash,Social Media,https://timesofindia.indiatimes.com/city/dehradun/stuck-in-jam-angry-bjp-mla-deflates-car-tyre-photo-goes-viral/articleshow/65000696.cms
"('Students learn how to tackle fake news, scams', 'the straits times', '2018-09-04')",S->n-r,S,n-r,User Safety_Dangerous Misinformation & Endangerment,Protective Measures,Online,https://www.straitstimes.com/singapore/students-learn-to-tackle-fake-news-and-online-scams-in-nemation-workshop
"('Sub-inspector in shooting row reinstated, removed after Twitter protest', 'the times of india', '2019-08-21')",n-r->1-i,n-r,1-i,User Safety_Broken Harmony,Restricted from job/school,Twitter,https://timesofindia.indiatimes.com/city/noida/sub-inspector-in-shooting-row-reinstated-removed-after-twitter-protest/articleshow/70745778.cms
"('Sudan's electoral commission dismisses You Tube video as ""fabricated""', 'bbc monitoring newsfile', '2010-04-21')",1-r->n-r,1-r,n-r,User Safety_Dangerous Misinformation & Endangerment,,Youtube,https://sudantribune.com/article34610/#google_vignette
"('Sunfull Movement, Google Korea join hands against cyberbullying', 'the korea times', '2019-05-29')",n-r->n-r,n-r,n-r,User Safety_Harassment&Bullying,Protective Measures,Online,https://www.koreatimes.co.kr/southkorea/society/20190529/sunfull-movement-google-korea-join-hands-against-cyberbullying
"('Sushant's death embroiled in a web of theories', 'the hindustan times', '2020-08-03')",n-r->n-r,n-r,n-r,User Safety_Broken Harmony,,"Facebook, Twitter",https://www.hindustantimes.com/india-news/sushant-s-death-embroiled-in-a-web-of-theories/story-TEWZDqHtQRJXoN22jE5cqJ.html
"('SXSW clarifies immigration comment in contract after punk band pulls out', 'the guardian', '2017-03-03')",1-i->n-r,1-i,n-r,User Safety_Broken Harmony,Public protest,Twitter,https://www.theguardian.com/culture/2017/mar/02/sxsw-immigration-told-slant-contract-trump-travel-ban
"('Taarak Mehta Ka Ooltah Chashmah's Babita ji aka Munmun Dutta: I block people who write hate comments', 'the times of india', '2019-04-29')",n-r->1-i,n-r,1-i,User Safety_Harassment&Bullying,Legal Action,Social Media,https://timesofindia.indiatimes.com/tv/news/hindi/taarak-mehta-ka-ooltah-chashmahs-babita-ji-aka-munmun-dutta-i-block-people-who-write-hate-comments/articleshow/69084284.cms
"('Taylor Swift fans get married in the middle of her concert, Internet calls them 'rude'', 'the hindustan times', '2023-03-21')",1-r->n-r,1-r,n-r,User Safety_Broken Harmony,Public Backlash,Twitter,https://www.hindustantimes.com/trending/taylor-swift-fans-get-married-in-the-middle-of-her-concert-internet-calls-them-rude-101679383323974.html
"('Teen sparks outrage with popular Twitter OMGFacts trend', 'the hindustan times', '2010-01-23')",n-r->n-r,n-r,n-r,User Safety_Broken Harmony,Public Apology,Online,https://abcnews.go.com/Technology/16-year-sparks-twitter-trend-omgfacts/story?id=9634218
"('Teenage girl apologises on YouTube to AFL players over St Kilda nude photo scandal', 'the hindustan times', '2011-03-21')",1-r->n-r,1-r,n-r,User Safety_Broken Harmony,Public Apology,Facebook,https://www.theage.com.au/sport/afl/nudescandal-girl-apologises-to-st-kilda-players-20110321-1c2nj.html
"('Testing firms turn to Twitter to find cheaters', 'the washington post', '2015-03-24')",1-i->1-r,1-i,1-r,User Safety_Personal Information,Remove Content,Twitter,https://www.washingtonpost.com/local/education/debate-over-test-security-vs-student-privacy-rages-in-the-age-of-social-media/2015/03/23/bbac030a-cf0c-11e4-a2a7-9517a3a70506_story.html
"('That internet stalker of yours is not, alas, Beyonce', 'the guardian', '2007-05-02')",n-r->1-i,n-r,1-i,User Safety_Dangerous Misinformation & Endangerment,,Online  ,https://www.theguardian.com/music/2007/may/02/news.paulmacinnes?CMP=gu_com
"('The 'Angriest Librarian' rant that went viral', 'the washington post', '2017-10-26')",1-r->n-r,1-r,n-r,User Safety_Broken Harmony,,Twitter,https://www.washingtonpost.com/video/national/the-angriest-librarian-rant-that-went-viral/2017/10/26/48457a1e-ba9a-11e7-9b93-b97043e57a22_video.html
"('The Authoritarian Internet Power Grab', 'wall street journal', '2016-10-26')",S->n-r,S,n-r,User Safety_Personal Information,,Online,https://www.wsj.com/articles/the-authoritarian-internet-power-grab-1477436573
"('The long history of disinformation during war', 'the washington post', '2022-04-28')",n-r->n-r,n-r,n-r,User Safety_Dangerous Misinformation & Endangerment,,Twitter,https://www.washingtonpost.com/outlook/2022/04/28/long-history-misinformation-during-war/
"('The Most Dominant Toxic Election Narratives Online', 'new york times', '2022-09-23')",n-r->n-r,n-r,n-r,User Safety_Dangerous Misinformation & Endangerment,,Twitter,https://www.nytimes.com/2022/09/23/technology/midterm-elections-misinformation.html
"('The Taste With Vir Sanghvi: What accounts for the popularity of David Icke and his lunatic theories', 'the hindustan times', '2019-01-22')",1-i->n-r,1-i,n-r,User Safety_Dangerous Misinformation & Endangerment,,Online,https://www.hindustantimes.com/more-lifestyle/the-taste-with-vir-sanghvi-what-accounts-for-the-popularity-of-david-icke-and-his-lunatic-theories/story-T5uiiCrZDnb0Lk75Tyn5wL.html
"('The Teenage Social-Media Trap; Teens increasingly measure and manage their social success online--and it may be taking a toll on their mental health', 'wall street journal', '2018-05-04')",S->n-r,S,n-r,User Safety_Safety Risk of Social Media Overuse,Violent Behavior,Social Media,https://www.wsj.com/articles/the-teenage-social-media-trap-1525444767
"('The truth about Brexit didn't stand a chance in the online bubble', 'the guardian', '2016-07-03')",S->n-r,S,n-r,User Safety_Dangerous Misinformation & Endangerment,,Online,https://www.theguardian.com/media/2016/jul/03/facebook-bubble-brexit-filter
"('The web is a Blade Runner nightmare, but there is a way to stem the tide of lies', 'the guardian', '2023-02-17')",n-r->n-r,n-r,n-r,User Safety_Dangerous Misinformation & Endangerment,,Social Media,https://www.theguardian.com/commentisfree/2023/feb/17/web-blade-runner-lies-misinformation-internet
"('The Week in Business: Facebook Filters Politics', 'new york times', '2021-02-14')",S->n-r,S,n-r,User Safety_Censorship & Retribution,,Facebook,https://www.nytimes.com/2021/02/14/business/the-week-in-business-facebook-politics.html
"('Those who made videos of injured girl in Kannauj face arrest', 'the hindustan times', '2022-10-28')",S->n-r,S,n-r,User Safety_Safety Risk of Social Media Overuse,Legal Action,Online,https://www.hindustantimes.com/cities/lucknow-news/those-who-made-videos-of-injured-girl-in-kannauj-face-arrest-101666975411487.html
"('Three arrested, fined rRs.r25,500 for driving rashly to make Insta reels', 'the hindustan times', '2023-01-28')",n-r->n-r,n-r,n-r,User Safety_Safety Risk of Social Media Overuse,Legal Action,Instagram,https://www.hindustantimes.com/cities/noida-news/three-arrested-fined-25-500-for-driving-rashly-to-make-insta-reels-101674846589574.html
"('Thrills and Traps, Lurking on the Web', 'new york times', '2010-05-11')",S->n-r,S,n-r,User Safety_Personal Information,,Facebook,https://www.nytimes.com/2010/05/12/opinion/l12internet.html
"('TikTok's Osama bin Laden Fiasco; Many young Americans regularly get news on the Chinese-owned app.', 'wall street journal', '2023-11-16')",n-r->n-r,n-r,n-r,User Safety_Dangerous Misinformation & Endangerment,Remove Content,TikTok,https://www.wsj.com/opinion/tiktok-osama-bin-laden-letter-to-america-israel-hamas-palestine-2505207b
"('TNSTC bus driver caught using phone while driving, video goes viral', 'the times of india', '2019-08-04')",1-r->n-r,1-r,n-r,User Safety_Broken Harmony,Restricted from job/school,Social Media,https://timesofindia.indiatimes.com/city/trichy/tnstc-bus-driver-caught-using-phone-while-driving-video-goes-viral/articleshow/70509999.cms
"('Today: The Twitterer-in-Chief and the #TransBan', 'los angeles times', '2017-07-27')",1-i->n-r,1-i,n-r,User Safety_Broken Harmony,,Twitter,https://www.latimes.com/newsletters/la-me-todays-headlines-20170727-story.html
"('Trolled for her dance video, Nusrat hits back with another video', 'the times of india', '2020-04-29')",n-r->1-i,n-r,1-i,User Safety_Harassment&Bullying,,TikTok,https://timesofindia.indiatimes.com/entertainment/bengali/movies/news/trolled-for-dance-video-nusrat-hits-back-with-another-video/articleshow/75424101.cms
"('Trump Nuke Tweets', 'chicago tribune', '2017-08-09')",1-i->n-r,1-i,n-r,User Safety_Broken Harmony,,Twitter,https://www.chicagotribune.com/2017/08/09/trump-nuke-tweets/
"('Trump says he tweeted about tapes to influence Comey's account of their private conversations', 'los angeles times', '2017-06-23')",1-i->n-r,1-i,n-r,User Safety_Broken Harmony,,Twitter,https://www.nytimes.com/2017/06/23/us/politics/trump-indicates-tape-tweet-was-meant-to-affect-comey-testimony.html
"('Trump verrät auf Twitter ein US-Militärgeheimnis', 'die welt', '2019-09-02')",1-i->n-r,1-i,n-r,User Safety_Broken Harmony,,Twitter,https://www.welt.de/print/die_welt/wirtschaft/article199531088/Trump-verraet-auf-Twitter-ein-US-Militaergeheimnis.html
"('Trump’s tweets used against him in Georgia indictment', 'the washington post', '2023-08-15')",1-i->n-r,1-i,n-r,User Safety_Dangerous Misinformation & Endangerment,Legal Action,Twitter,https://www.washingtonpost.com/national-security/2023/08/15/trumps-tweets-used-against-him-georgia-indictment/
"('Turkey Opposition Leader Quits After Video of Alleged Affair Airs', 'wall street journal', '2010-05-11')",1-r->n-r,1-r,n-r,User Safety_Broken Harmony,Restricted from job/school,Online,https://www.wsj.com/articles/SB10001424052748704879704575236181109356968
"('Twitter is eroding your intelligence. Now there’s data to prove it.', 'the washington post', '2019-05-30')",S->n-r,S,n-r,User Safety_Safety Risk of Social Media Overuse,Mental Health,Twitter,https://www.washingtonpost.com/nation/2019/05/30/twitter-hurting-intelligence-not-smart-study/
"('Twitter is the modern public square. So can the president block you? | Katie Fallow', 'the guardian', '2018-03-08')",1-i->n-r,1-i,n-r,User Safety_Censorship & Retribution,,Twitter,https://www.theguardian.com/commentisfree/2018/mar/08/twitter-modern-public-square-donald-trump
"('Twitter ridicules Hindu Mahasabha's Valentine's Day diktat', 'the hindustan times', '2015-02-05')",1-i->n-r,1-i,n-r,User Safety_Censorship & Retribution,,Online,https://www.hindustantimes.com/india/twitter-ridicules-hindu-mahasabha-s-valentine-s-day-diktat/story-aE9cM15X8alYPbHt61fZaP.html
"('Twitter rips into Jeremy Corbyn’s ‘pretentious’ poetry – except it’s actually by Shelley', 'the guardian', '2023-07-04')",1-i->n-r,1-i,n-r,User Safety_Broken Harmony,,Twitter,https://www.theguardian.com/books/2023/jun/28/twitter-rips-into-jeremy-corbyns-pretentious-poetry-except-its-actually-by-shelley
"('Twitter troll takes over Valparaiso lawmaker's handle, demands apology', 'chicago tribune', '2017-03-07')",1-r->1-i,1-r,1-i,User Safety_Harassment&Bullying,,Twitter,https://www.redbluffdailynews.com/2017/03/08/twitter-troll-takes-over-lawmakers-handle-demands-apology/
"('Twitter user expresses regret over posts with fake submerged images', 'the japan news', '2022-10-06')",1-r->n-r,1-r,n-r,User Safety_Dangerous Misinformation & Endangerment,Public Apology,Twitter,https://japannews.yomiuri.co.jp/society/general-news/20221005-62595/
"('Twitterati lambasts Telangana deputy CM for his 'proper coach for Sindhu' gaffe', 'the times of india', '2016-08-23')",1-i->n-r,1-i,n-r,User Safety_Broken Harmony,,Twitter,https://timesofindia.indiatimes.com/india/twitterati-lambasts-telangana-deputy-cm-for-his-proper-coach-for-sindhu-gaffe/articleshow/53810873.cms
"('Twittergate Rattles France Before Vote', 'new york times', '2012-06-14')",1-i->n-r,1-i,n-r,User Safety_Broken Harmony,,Twitter,https://archive.nytimes.com/rendezvous.blogs.nytimes.com/2012/06/14/twittergate-rattles-france-before-vote/
"('U.S. Penalizes Online Company in Sale of Personal Data', 'new york times', '2012-06-13')",1-i->n-r,1-i,n-r,User Safety_Personal Information,Legal Action,Spokeo,https://www.nytimes.com/2012/06/13/technology/ftc-levies-first-fine-over-internet-data.html
"('UCLA posts video with heckling of U.S. Treasury Secretary Steven T. Mnuchin', 'los angeles times', '2018-03-13')",S->n-r,S,n-r,User Safety_Broken Harmony,,Online,https://www.latimes.com/local/lanow/la-me-edu-ucla-posts-mnuchin-video-20180313-story.html
"('Ugandan activist gets 18-month sentence for online poem about leader', 'dpa international (english)', '2019-08-02')",1-i->1-i,1-i,1-i,User Safety_Harassment&Bullying,Legal Action,Facebook,https://www.voanews.com/a/africa_ugandan-activist-sentenced-vulgar-poem-about-president/6173260.html
"('UK banker fired for boasting about '6K redundancy payout on Facebook', 'the hindustan times', '2010-11-27')",1-r->n-r,1-r,n-r,User Safety_Broken Harmony,Restricted from job/school,Facebook,https://www.oneindia.com/2010/11/27/ukbanker-fired-for-boasting-about-6k-redundancypayout.html
"('Unemployed man, addicted to online rummy, ends life', 'the times of india', '2023-02-21')",S->1-r,S,1-r,User Safety_Safety Risk of Social Media Overuse,Death,Online game,https://timesofindia.indiatimes.com/city/coimbatore/unemployed-man-addicted-to-online-rummy-ends-life/articleshow/98077528.cms
"('UP Police, FB join hands for realtime alert about online posts on suicide', 'the times of india', '2022-04-03')",n-r->S,n-r,S,User Safety_Suicide&Self-harm,Protective Measures,Facebook,https://timesofindia.indiatimes.com/city/lucknow/up-police-fb-join-hands-for-realtime-alert-about-online-posts-on-suicide/articleshow/90617229.cms
"('UP: Four in BMW die chasing 300kmph on Facebook Live', 'the times of india', '2022-10-18')",1-r->n-r,1-r,n-r,User Safety_Safety Risk of Social Media Overuse,Death,Facebook,https://timesofindia.indiatimes.com/city/lucknow/up-four-in-bmw-die-chasing-300kmph-on-facebook-live/articleshow/94903833.cms
"('Urgent action on cyberbullying is vital', 'irish examiner', '2013-09-28')",n-r->n-r,n-r,n-r,User Safety_Harassment&Bullying,Death,Online,https://www.irishexaminer.com/opinion/columnists/arid-20244553.html
"('US congresswomen with Korean roots pull support of candidate for anti-China comments', 'the korea times', '2021-04-05')",n-r->n-r,n-r,n-r,User Safety_Broken Harmony,Legal Action,Social Media,https://www.koreatimes.co.kr/world/20210405/us-congresswomen-with-korean-roots-pull-support-of-candidate-for-anti-china-comments
"('US man eats 40 chickens for 40 days, documents his journey on Twitter', 'the hindustan times', '2022-11-08')",1-i->n-r,1-i,n-r,User Safety_Broken Harmony,,Twitter,https://www.hindustantimes.com/trending/us-man-eats-40-chickens-for-40-days-documents-his-journey-on-twitter-101667912141548.html
"('UVA rape story trial highlights struggle to report on sexual assault in Trump era', 'the guardian', '2016-10-24')",n-r->n-r,n-r,n-r,User Safety_Broken Harmony,,Twitter,https://www.theguardian.com/us-news/2016/oct/24/trump-sexual-misconduct-accusers-uva-rape-story-rolling-stone
"('Vancouver rioters named in online 'vigilante' campaign', 'the guardian', '2011-07-01')",n-r->1-i,n-r,1-i,User Safety_Harassment&Bullying,Restricted from job/school,Facebook,https://www.theguardian.com/world/2011/jun/30/vancouver-rioters-internet-campaign
"('Verbraucherschützer mahnen Facebook ab', 'die tageszeitung', '2015-02-27')",n-r->S,n-r,S,User Safety_Personal Information,Legal Action,Facebook,https://www.dw.com/de/verbrauchersch%C3%BCtzer-mahnen-facebook-ab/a-18282622
"('Video of an Arrest in San Francisco Triggers Investigations Into Deputies' Use of Force', 'new york times', '2015-11-16')",1-i->n-r,1-i,n-r,User Safety_Broken Harmony,Legal Action,Online,https://www.nytimes.com/2015/11/17/us/video-of-an-arrest-in-san-francisco-triggers-investigations-into-deputies-use-of-force.html
"('Video of celebratory firing goes viral, youth in police net', 'the times of india', '2019-08-13')",1-r->n-r,1-r,n-r,User Safety_Broken Harmony,Legal Action,TikTok,https://timesofindia.indiatimes.com/city/delhi/video-of-celebratory-firing-goes-viral-youth-in-police-net/articleshow/70650657.cms
"('Video of Fans Stirs Anxiety Over Racism', 'new york times', '2015-02-19')",1-r->n-r,1-r,n-r,User Safety_Broken Harmony,,Youtube,https://www.nytimes.com/2015/02/19/world/europe/video-shows-chelsea-soccer-fans-in-racist-behavior.html
"('Video of former kotedar shot dead in presence cops goes viral on social media', 'the hindustan times', '2022-11-28')",1-i->n-r,1-i,n-r,User Safety_Broken Harmony,Legal Action,Twitter,https://www.hindustantimes.com/cities/lucknow-news/video-of-former-kotedar-shot-dead-in-presence-cops-goes-viral-on-social-media-101669575743356.html
"('Video of La Mesa police officer throwing handcuffed teen to ground sparks outrage', 'los angeles times', '2018-01-21')",1-r->n-r,1-r,n-r,User Safety_Broken Harmony,Protective Measures,Social Media,https://www.latimes.com/local/lanow/la-me-ln-sd-la-mesa-officer-20180121-story.html
"('Video of Tanushree Dutta's car being attacked in 2008 goes viral', 'the hindustan times', '2018-10-01')",1-i->n-r,1-i,n-r,User Safety_Broken Harmony,,Online,https://www.hindustantimes.com/bollywood/video-of-tanushree-dutta-s-car-being-attacked-in-2008-goes-viral/story-dsi9m5Nq7cn7hEHYHMVtOJ.html
"('Video Shatters Public's Image Of Hoops Cop', 'new york times', '2020-08-16')",1-i->n-r,1-i,n-r,User Safety_Broken Harmony,Public Backlash ,Social Media,https://www.nytimes.com/2020/08/15/us/politics/basketball-cop-gainesville-police.html
"('Video shows MLA using abusive language, he defends', 'the hindustan times', '2018-04-29')",1-r->n-r,1-r,n-r,User Safety_Broken Harmony,,Social Media,https://www.hindustantimes.com/jaipur/video-shows-mla-using-abusive-language-he-defends/story-B3hFHOUuUfLZYvG240QuII.html
"('Vietnam criticised for 'totalitarian' law banning online criticism of government', 'the guardian', '2019-01-02')",1-i->n-r,1-i,n-r,User Safety_Censorship & Retribution,,Online,https://www.theguardian.com/world/2019/jan/02/vietnam-criticised-for-totalitarian-law-banning-online-criticism-of-government
"('Viral clip shows two traffic cops thrashing man', 'the times of india', '2018-03-01')",1-r->n-r,1-r,n-r,User Safety_Broken Harmony,,Social Media,https://www.aninews.in/news/national/general-news/viral-video-shows-two-traffic-cops-thrashing-man201803011419360001/
"('Viral tourist videos spur curbs, fines', 'the times of india', '2021-07-10')",n-r->n-r,n-r,n-r,User Safety_Dangerous Misinformation & Endangerment,Address Misinformation,Online,https://timesofindia.indiatimes.com/city/dehradun/after-viral-pics-of-crowds-covid-curbs-kick-in-at-manali-mussoorie-nainital/articleshow/84276504.cms
"('Viral video of attack on Asian couple leads to 15-year-old’s arrest months later, police say', 'the washington post', '2021-04-03')",1-r->n-r,1-r,n-r,User Safety_Broken Harmony,Legal Action,Online,https://www.washingtonpost.com/nation/2021/04/03/tacoma-teen-arrested-asian-assault/
"('Viral videos show booze &amp; dance at MP police station', 'the times of india', '2022-03-23')",n-r->n-r,n-r,n-r,User Safety_Broken Harmony,Restricted from job/school,Online,https://timesofindia.indiatimes.com/city/bhopal/viral-videos-show-booze-dance-at-madhya-pradesh-police-station-probe-ordered/articleshow/90386438.cms
"('Virat Kohli faces Twitter flak after trying to look taller than Karman Kaur Thandi', 'the hindustan times', '2018-10-10')",n-r->n-r,n-r,n-r,User Safety_Broken Harmony,,Social Media,https://www.hindustantimes.com/cricket/virat-kohli-faces-twitter-flak-after-trying-to-look-taller-than-karman-kaur-thandi/story-VZsWnw63tanFV0dYoykj9J.html
"('Web Watchdogs Dig for Privacy Flaws, Bark Loud', 'wall street journal', '2010-06-10')",S->n-r,S,n-r,User Safety_Personal Information,,Facebook,https://www.wsj.com/articles/SB10001424052748704312104575298561398856680
"('What Followers You Have, Granny. The Better to Sell to You With, My Dear.', 'new york times', '2016-11-03')",S->n-r,S,n-r,User Safety_Safety Risk of Social Media Overuse,,Social Media,https://www.nytimes.com/2016/11/03/books/review-attention-merchants-tim-wu.html
"('What's happening in France? Videos show Paris burning in protest', 'the hindustan times', '2023-03-17')",n-r->n-r,n-r,n-r,User Safety_Broken Harmony,,Online,https://www.hindustantimes.com/world-news/france-protests-emmanuel-macron-what-s-happening-in-france-videos-show-paris-burning-in-protest-101679020307667.html
"('When Kevin Durant went down, Twitter’s armchair doctors went wild. Real medical pros made diagnoses.', 'the washington post', '2019-05-10')",n-r->1-i,n-r,1-i,User Safety_Dangerous Misinformation & Endangerment,,Twitter,https://www.washingtonpost.com/sports/2019/05/10/when-durant-went-down-twitters-armchair-doctors-went-wild-real-medical-pros-made-diagnoses/
"('When school fights go viral', 'the washington post', '2012-03-04')",n-r->1-r,n-r,1-r,User Safety_Harassment&Bullying,,Youtube,https://www.washingtonpost.com/local/education/when-school-fights-land-on-youtube/2012/02/25/gIQAyrujkR_story.html
"('Who's afraid of viral videos on the drug menace in Punjab?', 'the hindustan times', '2018-07-01')",n-r->n-r,n-r,n-r,User Safety_Broken Harmony,,Online,https://www.hindustantimes.com/columns/who-s-afraid-of-viral-videos-on-the-drug-menace-in-punjab/story-o4wk55Jd9zfCuhSNL1lLiP.html
"('Why are ketamine ads following me around the internet?', 'new york times', '2023-02-28')",S->n-r,S,n-r,User Safety_Safety Risk of Social Media Overuse,,TikTok,https://www.nytimes.com/2023/03/01/opinion/ketamine-ads-depression-anxiety.html
"('Why are people on TikTok obsessed with Little Miss quizzes? And are they harvesting my data?', 'the guardian', '2022-08-03')",S->n-r,S,n-r,User Safety_Personal Information,,TikTok,https://www.theguardian.com/culture/2022/aug/03/little-miss-personalilty-quiz-tiktok-are-they-harvesting-my-data
"('Woman boxer assaulted in Kolkata, three held after social media post', 'the hindustan times', '2019-06-29')",1-i->n-r,1-i,n-r,User Safety_Broken Harmony,Legal Action,Social Media,https://www.hindustantimes.com/india-news/woman-boxer-assaulted-in-kolkata-three-held-after-social-media-post/story-znplzvHao1qNElTvg5jScL.html
"('Woman demands full refund from wedding photographer after divorce. WhatsApp chat goes viral', 'the hindustan times', '2023-05-08')",1-r->n-r,1-r,n-r,User Safety_Broken Harmony,,Twitter,https://www.hindustantimes.com/trending/woman-demands-full-refund-from-wedding-photographer-after-divorce-whatsapp-chat-goes-viral-101683539707084.html
"('Woman in viral video arrested for torturing minor daughter', 'the times of india', '2018-09-06')",1-r->n-r,1-r,n-r,User Safety_Broken Harmony,Legal Action,Social Media,https://timesofindia.indiatimes.com/city/hubballi/woman-in-viral-video-arrested-for-torturing-minor-daughter/articleshow/65692641.cms
"('Would-be refugee hosts flaunt size of gardens in social media 'free for all'', 'the daily telegraph', '2022-03-19')",n-r->n-r,n-r,n-r,User Safety_Broken Harmony,Protective Measures,Facebook ,https://www.telegraph.co.uk/news/2022/03/18/britons-engage-bidding-war-house-ukrainian-refugees-social-media/
"('Young charity busker barred by Facebook', 'the daily telegraph', '2015-02-13')",S->n-r,S,n-r,User Safety_Broken Harmony,Public Backlash,Facebook,https://www.telegraph.co.uk/news/uknews/11407804/Mean-hearted-Facebook-shuts-down-violin-girls-30k-charity-page.html
"('YouTube banned in Sudan', 'bbc monitoring newsfile', '2008-08-02')",1-r->n-r,1-i,n-r,User Safety_Broken Harmony,Public Protest,Youtube,https://sudantribune.com/article28083/
"('YouTube Cracks Down on Far-Right Videos as Conspiracy Theories Spread', 'new york times', '2018-03-03')",n-r->n-r,n-r,n-r,User Safety_Dangerous Misinformation & Endangerment,"Protective Measures, Remove Content",Youtube,https://www.nytimes.com/2018/03/03/technology/youtube-right-wing-channels.html
"('YouTube prank gone awry led to shooting at Va. mall, victim’s family says', 'the washington post', '2023-04-05')",1-i->n-r,1-i,n-r,User Safety_Safety Risk of Social Media Overuse,Violent Behavior,Youtube,https://www.washingtonpost.com/dc-md-va/2023/04/05/youtube-prank-dulles-town-center-shooting/
"('YouTuber Etika found dead in East River, following a series of erratic videos and police confrontations', 'the washington post', '2019-06-25')",1-i->n-r,1-i,n-r,User Safety_Suicide&Self-harm,"Content Removal, Death",Youtube,https://www.washingtonpost.com/lifestyle/2019/06/25/youtuber-etika-found-dead-east-river-following-series-erratic-videos-police-confrontations/
"(Addiction to digital media linked to more psychiatric problems in teens: study, xinhua news agency - ceis, 2018-07-18)",S->n-r,S,n-r,User Safety_Safety Risk of Social Media Overuse,Mental Health,Online,http://www.xinhuanet.com/english/2018-07/18/c_137331423.htm
"(Adnan Sami gives a befitting reply to social media troll on Pakistan's national dish nihari, the times of india, 2020-07-22)",n-r->1-i,n-r,1-i,User Safety_Harassment&Bullying,,Twitter,https://timesofindia.indiatimes.com/entertainment/hindi/bollywood/news/adnan-sami-gives-a-befitting-reply-to-social-media-troll-on-pakistans-national-dish-nihari/articleshow/77085867.cms
"(Airline Tweets, but Its Message Hits False Note, new york times, 2014-11-29)",1-i->n-r,1-i,n-r,User Safety_Broken Harmony,Public Apology,Twitter,https://www.nytimes.com/2014/11/29/world/asia/malaysia-airlines-tweet-sends-wrong-message.html
"(Bank details of Indians on sale online for Rs 500: MP cops, the times of india, 2017-10-17)",n-r->n-r,n-r,n-r,User Safety_Personal Information,Legal Action,Online,https://timesofindia.indiatimes.com/india/bank-details-of-indians-on-sale-online-for-500-mp-cops/articleshow/61109515.cms
"(Belarusian KGB said to arrest administrators of opposition online groups, bbc monitoring former soviet union, 2012-08-30)",1-i->n-r,1-i,n-r,User Safety_Censorship & Retribution,Legal Action,Vkontakte,https://www.rt.com/russia/services-opposition-groups-social-952/
"(Betrayal and bombast: the surreal story of the Terry v Bridge scandal, the guardian, 2020-05-03)",n-r->1-i,n-r,1-i,User Safety_Personal Information,,Social Media,https://www.theguardian.com/football/2020/may/03/betrayal-and-bombast-surreal-story-terry-v-bridge-scandal
"(Bolly Buzz: Kangana Ranaut's Twitter handle restricted, Rhea Chakraborty snapped buying flowers, the times of india, 2021-01-21)",1-i->n-r,1-i,n-r,User Safety_Broken Harmony,Banned from Social Media,Twitter,https://timesofindia.indiatimes.com/entertainment/hindi/bollywood/news/bolly-buzz-kangana-ranauts-twitter-handle-restricted-rhea-chakraborty-snapped-buying-flowers/articleshow/80368881.cms
"(BUSINESS; Musk, brother probed by SEC; Agency investigates Kimbal Musk's sale of Tesla stock just before CEO's Twitter poll., los angeles times, 2022-02-25)",1-i->n-r,1-i,n-r,User Safety_Broken Harmony,Protective Measures,Twitter,https://www.latimes.com/business/technology/story/2022-02-24/sec-probes-stock-sales-by-elon-musk-and-brother-kimbal
"(Camera Wars at Protest; Police, Demonstrators Both Seek to Use Video of Occupy Wall Street to Advantage, wall street journal, 2011-10-13)",n-r->n-r,n-r,n-r,User Safety_Broken Harmony,Legal Action,Youtube,https://www.wsj.com/articles/SB10001424052970204002304576627552817566580
"(China to question Apple about use of app streaming to beat censors, the guardian, 2017-04-20)",1-i->n-r,1-i,n-r,User Safety_Censorship & Retribution,Create uncensored platform,Online,https://www.theguardian.com/world/2017/apr/20/china-to-question-apple-about-use-of-app-streaming-to-beat-censors
"(China's clinic for its internet junkies, the daily telegraph, 2007-03-13)",1-r->1-r,1-r,1-r,User Safety_Safety Risk of Social Media Overuse,Protective Measures,Internet Game,https://www.telegraph.co.uk/news/worldnews/1545382/Chinas-clinic-for-its-internet-junkies.html
"(Column: So what if Black activists become pawns in Trump's evil reelection plan?, los angeles times, 2020-09-05)",n-r->n-r,n-r,n-r,User Safety_Harassment&Bullying,,Social Media,https://www.latimes.com/california/story/2020-09-05/biden-trump-kamala-protest-democrat-activist-black-lives-matter-police-riot
"(Death toll now 14, viral video of alleged stampede surfaces, the hindustan times, 2023-04-19)",n-r->n-r,n-r,n-r,User Safety_Broken Harmony,,Social Media,https://www.hindustantimes.com/cities/mumbai-news/heatstroke-deaths-at-maharashtra-bhushan-award-ceremony-rise-to-14-as-video-of-possible-stampede-emerges-on-social-media-101681843767095.html
"(E. Jean Carroll Seeks More Damages After Trump's 'Whack Job' Comments; Representatives for columnist say Trump's remarks on CNN provide further evidence that he has acted maliciously, wall street journal, 2023-05-23)",1-i->1-i,1-i,1-i,User Safety_Harassment&Bullying,Legal Action,Social Media,https://www.wsj.com/us-news/law/donald-trump-accuser-e-jean-carroll-seeks-further-damages-after-whack-job-comments-98e1a6f9
"(Ensure no meddling in LS polls, Twitter told, the times of india, 2019-02-26)",S->n-r,S,n-r,User Safety_Dangerous Misinformation & Endangerment,Regulatory Inquiry,Social Media,https://www.indiatvnews.com/elections/lok-sabha-elections-2019-ensure-no-foreign-influence-in-ls-polls-parliamentary-panel-tells-twitter-506379
"(Exclusive - Bigg Boss 14's Sonali Phogat on trolls mocking her western looks in new song and age shaming her: 'Jalti hai duniya jalane waala chahiye', the times of india, 2021-05-23)",n-r->1-i,n-r,1-i,User Safety_Harassment&Bullying,,Social Media,https://timesofindia.indiatimes.com/tv/news/hindi/exclusive-bigg-boss-14s-sonali-phogat-on-trolls-mocking-her-western-looks-in-her-new-song-jalti-hai-duniya-jalane-waala-chahiye/articleshow/82849087.cms
"(Facebook ad settlement contested; Children's advocates want parents' explicit permission before teens' data are used., los angeles times, 2014-02-14)",S->n-r,S,n-r,User Safety_Personal Information,Legal Action,Facebook,https://www.latimes.com/business/technology/la-fi-tn-facebook-social-ads-settlement-under-fire-from-childrens-advocates-20140213-story.html
"(Facebook misled parents and failed to protect children’s privacy – US regulator, irish examiner, 2023-05-03)",S->n-r,S,n-r,User Safety_Personal Information,Legal Action,Facebook,https://www.irishexaminer.com/world/arid-41130952.html
"(Facebook says it has taken down 7 million posts for spreading coronavirus misinformation, the washington post, 2020-08-11)",n-r->n-r,n-r,n-r,User Safety_Dangerous Misinformation & Endangerment,Social Media Policy Change,Facebook,https://www.washingtonpost.com/technology/2020/08/11/facebook-covid-misinformation-takedowns/
"(Facebook Says It Will Remove Coronavirus Vaccine Misinformation, new york times, 2020-12-03)",n-r->n-r,n-r,n-r,User Safety_Dangerous Misinformation & Endangerment,Social Media Policy Change,Facebook,https://www.nytimes.com/2020/12/03/technology/facebook-coronavirus-vaccine-misinformation.html
"(Facebook Steps Up Curbs on Bullying, wall street journal, 2018-10-03)",n-r->n-r,n-r,n-r,User Safety_Harassment&Bullying,Social Media Policy Change,Facebook,https://www.wsj.com/articles/facebook-takes-new-steps-against-bullying-1538497575
"(False claim that CDC would require covid vaccines for kids goes viral, the washington post, 2022-10-19)",1-r->n-r,1-r,n-r,User Safety_Dangerous Misinformation & Endangerment,Address Misinformation,Twitter,https://www.washingtonpost.com/health/2022/10/19/covid-vaccines-children-cdc-disinformation/
"(Goa assembly elections: TMC, Congress in Twitter feud over tie-up plans, the times of india, 2022-01-17)",1-i->n-r,1-i,n-r,User Safety_Broken Harmony,,Twitter,https://timesofindia.indiatimes.com/city/goa/goa-assembly-elections-tmc-congress-in-twitter-feud-over-tie-up-plans/articleshow/88925774.cms
"(Harassed Online, She Remains Determined to Enlist in the Marines, new york times, 2017-03-14)",n-r->1-r,n-r,1-r,User Safety_Harassment&Bullying,Enforcement,Facebook,https://www.nytimes.com/2017/03/14/us/harassed-online-she-remains-determined-to-enlist-in-the-marines.html
"(Harvard to end online misinformation project, the washington post, 2023-02-04)",n-r->n-r,n-r,n-r,User Safety_Harassment&Bullying,,Online,https://www.washingtonpost.com/technology/2023/02/02/misinformation-harvard-donovan-close/
"(Hollywood condemns Terry Gilliam for #MeToo comments, the guardian, 2018-03-17)",n-r->n-r,n-r,n-r,User Safety_Broken Harmony,,Twitter,https://www.theguardian.com/film/2018/mar/17/hollywood-condemns-terry-gilliam-for-metoo-comments-mob-rule-weinstein
"(How the 'Bring Back Our Girls' Tweets Changed a War in Nigeria; A well-meaning social-media campaign to free young women kidnapped by Boko Haram galvanized rescue efforts—and may have spurred the jihadist group to expand its use of gender violence, wall street journal, 2021-02-20)",n-r->n-r,n-r,n-r,User Safety_Broken Harmony,"Public Protest, Violent Behavior",Social Media,https://www.wsj.com/world/middle-east/how-the-bring-back-our-girls-tweets-changed-a-war-in-nigeria-11613797261
"(IBM under fire for lifting social media photos without permission, the daily telegraph, 2019-03-13)",1-i->n-r,1-i,n-r,User Safety_Broken Harmony,Public Apology,Social Media,https://www.telegraph.co.uk/technology/2019/03/12/ibm-criticised-collecting-social-media-photos-facial-recognition/
"(In new sanctions list, Ukraine targets Russian social-media sites, the washington post, 2017-05-16)",1-i->n-r,1-i,n-r,User Safety_Censorship & Retribution,,Online,https://www.washingtonpost.com/world/in-new-sanctions-list-ukraine-blocks-russian-social-media-sites/2017/05/16/a982ab4e-3a16-11e7-9e48-c4f199710b69_story.html
"(It’s not just Meghan and Kate – all women need social media protection, the guardian, 2019-01-31)",n-r->n-i,n-r,1-i,User Safety_Harassment&Bullying,,"Instagram, Twitter",https://www.theguardian.com/commentisfree/2019/jan/30/meghan-kate-women-social-media-twitter-instagram
"(Joy Reid, MSNBC Host, Apologizes Again as More Incendiary Blog Posts Surface, new york times, 2018-06-01)",1-i->n-r,1-i,n-r,User Safety_Broken Harmony,Public Apology,Online Blog,https://www.nytimes.com/2018/06/01/business/media/joy-reid-msnbc-apology.html
"(K'taka govt to introduce new cyber law to contain fake news, the times of india, 2023-08-02)",n-r->1-i,n-r,1-i,User Safety_Dangerous Misinformation & Endangerment,Legisliation,Social Media,https://timesofindia.indiatimes.com/india/karnataka-to-enact-new-cyber-law-to-contain-fake-news-spread/articleshow/102330820.cms
"(Karachi: Culprit in viral harassment video arrested, the nation, 2023-08-18)",n-r->n-r,n-r,n-r,User Safety_Broken Harmony,Legal Action,Social Media,https://www.inp.net.pk/news-detail/pakistan/karachi-culprit-in-viral-harassment-video-arrested
"(Khushi Kapoor says people made fun of her for not looking like Sridevi or Janhvi Kapoor: ‘It affected the way I would eat’, the hindustan times, 2020-05-17)",n-r->1-i,n-r,1-i,User Safety_Harassment&Bullying,,Online,https://www.hindustantimes.com/bollywood/khushi-kapoor-says-people-made-fun-of-her-for-not-looking-like-sridevi-or-janhvi-kapoor-it-affected-the-way-i-would-eat/story-tlkbOWlQ8onDShz8XarvPI.html
"(Kim Kardashian and mom cried for days when sex tape was put online, the hindustan times, 2011-11-11)",1-r->1-i,1-r,1-i,User Safety_Personal Information,Mental Health,Online,https://www.hindustantimes.com/entertainment/kardashian-mom-cried-for-days-when-sex-tape-leaked/story-O0KtSMYUNUT8GFRnjHAkVI.html
"(Law of the land must be followed: Govt on Karnataka HC's order dismissing Twitter's plea against content takedown, the times of india, 2023-07-01)",1-i->S,1-i,S,User Safety_Censorship & Retribution,Legal Action,Twitter,https://economictimes.indiatimes.com/news/india/law-of-land-must-be-followed-ashwini-vaishnaw-on-twitter-verdict/articleshow/101401617.cms?from=mdr
"(Listen to ‘The Daily’: When Facebook Rumors Incite Real Violence, new york times, 2018-05-16)",n-r->n-r,n-r,n-r,User Safety_Dangerous Misinformation & Endangerment,"Misinformation led to action, Violent Behavior","WhatsApp, Facebook",https://www.nytimes.com/2018/05/16/podcasts/the-daily/facebook-sri-lanka-violence.html
"(Mark Zuckerberg accused of abusing power after Facebook deletes 'napalm girl' post, the guardian, 2016-09-09)",S->n-r,S,n-r,User Safety_Broken Harmony,Public Backlash,Facebook,https://www.theguardian.com/technology/2016/sep/08/facebook-mark-zuckerberg-napalm-girl-photo-vietnam-war
"(Married to an angry online commenter, the washington post, 2019-02-15)",1-r->1-r,1-r,1-r,User Safety_Harassment&Bullying,,Facebook ,https://www.washingtonpost.com/lifestyle/style/carolyn-hax-angry-comments-on-news-sites-and-facebook-thats-my-husband/2019/02/14/f7606b06-2e59-11e9-8ad3-9a5b113ecd3c_story.html
"(Mental disorders brought on by internet and technology, the times of india, 2018-01-03)",S->n-r,S,n-r,User Safety_Safety Risk of Social Media Overuse,,Online,http://timesofindia.indiatimes.com/life-style/health-fitness/health-news/mental-disorders-brought-on-by-internet-and-technology/articleshow/62336248.cms
"(Military officials deliberate digitisation of terrorism &amp; social media misuse, the times of india, 2018-09-22)",n-r->n-r,n-r,n-r,User Safety_Dangerous Misinformation & Endangerment,,Social Media,https://timesofindia.indiatimes.com/india/military-officials-deliberate-digitisation-of-terrorism-social-media-misuse/articleshow/65903393.cms
"(Mumbai teen jumps to death, cops suspect links to online suicide game Blue Whale challenge, the hindustan times, 2017-07-31)",1-i->1-r,1-i,1-r,User Safety_Suicide&Self-harm,Death,Game,https://www.hindustantimes.com/mumbai-news/14-year-old-jumps-to-death-in-mumbai-police-suspect-links-to-blue-whale-challenge/story-71oBWo4zHkLMntqzHt61jM.html
"(O.C. college professor accused of racism in street encounter caught on viral video, los angeles times, 2018-03-06),",1-r->n-r,1-r,n-r,User Safety_Broken Harmony,Public Backlash,Facebook ,https://www.latimes.com/local/lanow/la-me-professor-racist-accusations-20180306-story.html
"(Online predators indulge in character assassination, the times of india, 2012-12-26)",1-r->1-r,1-r,1-r,User Safety_Harassment&Bullying,,Online,https://timesofindia.indiatimes.com/city/nagpur/online-predators-indulge-in-character-assassination/articleshow/17751097.cms
"(Pilibhit tiger attacks trigger fake images, videos of big cats in Bareilly?, the times of india, 2017-10-08)",n-r->n-r,n-r,n-r,User Safety_Dangerous Misinformation & Endangerment,,Social Media,https://timesofindia.indiatimes.com/city/bareilly/pilibhit-tiger-attacks-trigger-fake-images-videos-of-big-cats-in-bareilly/articleshow/60987746.cms
"(Police Detain Maker of Uganda Video, new york times, 2012-03-16)",1-i->n-r,1-i,n-r,User Safety_Broken Harmony,,Youtube,https://www.nytimes.com/2012/03/17/us/jason-russell-kony-2012-filmmaker-hospitalized.html
"(Rihanna's sex show tweets see bar owner held, irish examiner, 2013-10-15)",1-i->n-r,1-i,n-r,User Safety_Broken Harmony,Legal Action,Twitter,https://www.irishexaminer.com/world/arid-20246315.html
"(Schools apologise over students’ use of racist language in video, irish times, 2020-06-13)",n-r->n-r,n-r,n-r,User Safety_Broken Harmony,Public Apology,SnapChat,https://www.irishtimes.com/news/ireland/irish-news/athlone-schools-facing-online-accusations-of-racism-1.4277793
"(Senior Tory calls on government to overhaul internet abuse laws, the guardian, 2016-04-13)",n-r->n-r,n-r,n-r,User Safety_Harassment&Bullying,Legal Action,Social Media,https://www.theguardian.com/technology/2016/apr/13/britain-needs-better-laws-stop-online-abuse-maria-miller-internet
"(Singer Chinmayi's online petition to block Twitter users posting rape threats garnering support, the times of india, 2017-03-24)",1-i->n-r,1-i,n-r,User Safety_Broken Harmony,Public Protest,Twitter,https://timesofindia.indiatimes.com/city/chennai/singer-chinmayis-online-petition-to-block-twitter-users-posting-rape-threats-garnering-support/articleshow/57790720.cms
"(Social networking may promote alcohol use, the hindustan times, 2011-12-13)",S->n-r,S,n-r,User Safety_Suicide&Self-harm,,Facebook,https://www.indiatoday.in/lifestyle/whats-hot/story/social-networking-may-promote-alcohol-use-148632-2011-12-12
"(Target of fake news, says Shalabh Kumar, the times of india, 2017-02-28)",n-i->1-i,n-i,1-i,User Safety_Dangerous Misinformation & Endangerment,,Online,https://timesofindia.indiatimes.com/india/man-eyeing-us-envoy-post-says-hes-target-of-fake-news/articleshow/57382958.cms
"(Technology: Inside IT: Log on and join in, but beware the web cults, the guardian, 2005-12-15)",n-r->1-i,n-r,1-i,User Safety_Dangerous Misinformation & Endangerment,,Wikipedia,https://www.theguardian.com/technology/2005/dec/15/wikipedia.web20
"(Teen climbing 6th Street bridge for social media stunt fell to his death, LAPD chief says, los angeles times, 2023-05-24)",S->1-r,S,1-r,User Safety_Safety Risk of Social Media Overuse,Death,Social Media,https://www.latimes.com/california/story/2023-05-24/teen-dies-falling-off-6th-street-bridge
"(Thai company withdraws skin whitening ad after social media outrage, bbc monitoring asia pacific, 2016-01-09)",1-i->n-r,1-i,n-r,User Safety_Broken Harmony,"Public Backlash, Remove Content",Youtube,https://www.reuters.com/article/lifestyle/thai-skin-whitening-ad-sparks-outrage-on-social-media-idUSKBN0UM195/
"(Thane: Dombivli-based developer facing many criminal cases arrested over controversial videos, the times of india, 2022-11-02)",1-i->n-r,1-i,n-r,User Safety_Broken Harmony,Legal Action,Instagram,https://timesofindia.indiatimes.com/city/thane/thane-dombivli-based-developer-with-many-criminal-cases-arrested-over-controversial-videos/articleshow/95236041.cms
"(The war in Ukraine doesn’t need your ‘likes’, the washington post, 2022-03-02)",n-r->n-r,n-r,n-r,User Safety_Safety Risk of Social Media Overuse,,Social Media,https://www.washingtonpost.com/opinions/2022/03/02/ukraine-russia-social-media-unseemly-war-fandom/
"(The White House Covid Censorship Machine; Newly released emails show how officials coerce social-media companies to toe the government line., wall street journal, 2023-01-08)",S->n-r,S,n-r,User Safety_Dangerous Misinformation & Endangerment,Legislation,Social Media,https://www.wsj.com/articles/white-house-covid-censorship-machine-social-media-facebook-meta-executive-rob-flaherty-free-speech-google-11673203704
"(Tory peer's anti-Labour tweets have 'cast a stain' on Ofcom, says Harriet Harman, the guardian, 2015-01-30)",1-i->n-r,1-i,n-r,User Safety_Broken Harmony,"Public Apology, Leave Social Media",Twitter,https://www.theguardian.com/media/2015/jan/30/tory-peer-lady-noakes-ofcom-harriet-harman
"(Trolls target Udhayanidhi for posting photo of Ganesha idol on Twitter, the times of india, 2020-08-26)",1-i->n-r,1-i,n-r,User Safety_Broken Harmony,Public Backlash,Twitter,https://timesofindia.indiatimes.com/city/chennai/trolls-target-udhayanidhi-stalin-for-posting-photo-of-ganesha-idol-on-twitter/articleshow/77754667.cms
"(Trump-Russia investigation may target Reddit posts, says senator's aide, the guardian, 2017-09-27)",S->n-r,S,n-r,User Safety_Dangerous Misinformation & Endangerment,,Reddit,https://www.theguardian.com/technology/2017/sep/27/trump-russia-investigation-reddit
"(Trump’s Tweets Attacking Obama, new york times, 2017-03-06)",1-i->1-i,1-i,1-i,User Safety_Dangerous Misinformation & Endangerment,Address Misinformation,Twitter,https://www.nytimes.com/2017/03/06/opinion/trumps-tweets-attacking-obama.html
"(Tweets by Moily, son leave Cong red-faced, the times of india, 2018-03-17)",n-i->n-r,n-i,n-r,User Safety_Broken Harmony,,Twitter,https://timesofindia.indiatimes.com/city/bengaluru/cong-left-red-faced-with-moilys-anti-party-tweet/articleshow/63337583.cms
"(Twitter admits 'security incident' led Circle tweets showing for others: Report, the times of india, 2023-05-09)",S->n-r,S,n-r,User Safety_Personal Information,Public Apology,Twitter,https://timesofindia.indiatimes.com/gadgets-news/twitter-admits-security-incident-led-circle-tweets-showing-for-others-report/articleshow/100060740.cms
"(Twitter blocked in Turkey over suicide attack images, bbc monitoring newsfile, 2015-07-22)",1-i->n-r,1-i,n-r,User Safety_Censorship & Retribution,,Twitter,https://www.bbc.com/news/world-europe-33619043
"(Twitter bosses face jail if they disclose online surveillance, the daily telegraph, 2015-12-29)",S->n-r,S,n-r,User Safety_Personal Information,,Ashley Madison,https://www.dailymail.co.uk/news/article-3376791/Social-media-bosses-face-two-years-jail-warn-users-MI5-watching-ministers-lose-patience-tech-giants.html
"(Twitter’s blue check mark was loved and loathed. Now it’s pay for play., the washington post, 2023-03-31)",S->n-r,S,n-r,User Safety_Broken Harmony,,Twitter,https://www.washingtonpost.com/technology/2023/03/31/twitter-verification-checkmark-ending/
"(Union defends De la Sayette over 'malicious' cocaine video, the daily telegraph, 2021-03-31)",1-r->n-r,1-r,n-r,User Safety_Broken Harmony,Address Virality,Twitter,https://www.bbc.com/sport/horse-racing/56582146
"(Video of 3 cops violating traffic rules goes viral, the times of india, 2018-09-17)",1-r->n-r,1-r,n-r,User Safety_Broken Harmony,Legal Action,Online,https://timesofindia.indiatimes.com/city/lucknow/video-of-3-cops-violating-traffic-rules-goes-viral/articleshow/65826504.cms
"(Video of Fatally Wounded Teenager Sparks Palestinian Rage, new york times, 2017-01-17)",1-r->n-r,n-r,n-r,User Safety_Broken Harmony,,Facebook,https://www.nytimes.com/2017/01/17/world/middleeast/israel-video-palestinian-qusai-al-amour.html
"(Video of hippo spanking at L.A. Zoo sparks LAPD investigation, los angeles times, 2018-08-13)",1-r->n-r,1-r,n-r,User Safety_Broken Harmony,Legal Action,Online,https://www.sandiegouniontribune.com/2018/08/13/video-of-hippo-spanking-at-la-zoo-sparks-lapd-investigation/
"(Video of trans women forced from LA bar prompts hate crime investigation, the guardian, 2019-08-27)",n-r->n-r,n-r,n-r,User Safety_Broken Harmony,Legal Action,Online,https://www.theguardian.com/us-news/2019/aug/26/trans-women-bar-la-las-perlas-hate-crim
"(Video of woman criticising 'short dress' choice goes viral, the hindustan times, 2019-05-01)",1-r->n-r,1-r,n-r,User Safety_Broken Harmony,Public Backlash,Facebook,https://www.hindustantimes.com/gurgaon/video-of-woman-criticising-short-dress-choice-goes-viral/story-buTSXLHcoI5KObypmyJF8M.html
"(When fake news kills: Lynchings in Mexico are linked to viral child-kidnap rumors, los angeles times, 2018-09-21)",n-r->n-r,n-r,n-r,User Safety_Dangerous Misinformation & Endangerment,Death,WhatsApp,https://www.latimes.com/world/la-fg-mexico-vigilantes-20180921-story.html
"(Why Facebook Still Seems to Spy on You; The company says we're in charge of our personal data, but it remains difficult to control ad tracking, wall street journal, 2019-02-28)",S->n-r,S,n-r,User Safety_Personal Information,,Facebook,https://www.wsj.com/articles/facebook-ads-will-follow-you-even-when-your-privacy-settings-are-dialed-up-11551362400
"(Williams's daughter is abused on Twitter, the daily telegraph, 2014-08-14)",n-r->1-i,n-r,1-i,User Safety_Harassment&Bullying,Leave Social Media,Twitter,https://www.washingtonpost.com/news/the-intersect/wp/2014/08/13/robin-williamss-daughter-zelda-driven-off-twitter-by-vicious-trolls/
"(With suicides livestreamed, FB team to monitor content, the times of india, 2017-05-05)",1-r->n-r,1-r,n-r,User Safety_Suicide&Self-harm,Protective Measures,Facebook,https://timesofindia.indiatimes.com/india/suicide-videos-facebook-beefs-up-team-to-monitor-content/articleshow/58523818.cms
"(World Briefing | Europe: Germany: Muslims Seek 'Internet Messiah', new york times, 2004-06-25)",n-r->1-i,n-r,1-i,User Safety_Dangerous Misinformation & Endangerment,Misinformation led to action,www.turkdunya.de,https://www.nytimes.com/2004/06/25/world/world-briefing-europe-germany-muslims-seek-internet-messiah.html
"(Xhaka says those who hurl online abuse are ‘not supporters of my club’, irish times, 2021-02-25)",n-r->1-i,n-r,1-i,User Safety_Harassment&Bullying,,Social Media,https://www.irishtimes.com/sport/soccer/granit-xhaka-i-wish-i-could-sit-down-with-online-abusers-1.4494113
"(You can report fake news on Delhi Police's site, the times of india, 2020-04-08)",n-r->n-r,n-r,n-r,User Safety_Dangerous Misinformation & Endangerment,Legal Action,Social Media,https://timesofindia.indiatimes.com/city/delhi/you-can-report-fake-news-on-delhi-polices-site/articleshow/75019104.cms
"(YouTube Moves to Make Conspiracy Videos Harder to Find, new york times, 2019-01-25)",S->n-r,S,n-r,User Safety_Dangerous Misinformation & Endangerment,Social Media Policy Change,Youtube,https://www.nytimes.com/2019/01/25/technology/youtube-conspiracy-theory-videos.html
"#UP2US to stop cyberbullying, say students",n-r->n-r,n-r,n-r,User Safety_Harassment&Bullying,Protective Measures,Twitter,https://www.irishexaminer.com/news/arid-20258285.html
9 Die in Japan Suicides Tied to Web,n-r->n-r,n-r,n-r,User Safety_Suicide&Self-harm,Death,Online,https://www.nytimes.com/2004/10/13/world/asia/9-die-in-japan-suicides-tied-to-web.html
A med-school staffer dived into online groups to debunk coronavirus conspiracy theories. Would anyone listen?,n-r->n-r,n-r,n-r,User Safety_Dangerous Misinformation & Endangerment,Address Misinformation,Social Media,https://www.washingtonpost.com/nation/2020/07/18/coronavirus-online-groups-misinformation/
"After Banning Twitter, Nigeria Government Opens Account On India's Koo",1-i->S,1-i,S,User Safety_Censorship & Retribution,,"Twitter, Koo",https://www.ndtv.com/india-news/after-banning-twitter-nigeria-government-opens-account-on-indias-koo-2460884
"After Video Shows Apparent Chokehold, N.Y.P.D. Suspends Officer",1-i->n-r,1-i,n-r,User Safety_Broken Harmony,Public protest,Online,https://www.nytimes.com/2020/06/21/nyregion/nypd-chokehold-video.html
Agency behind #YourTaxis campaign fired after social media disaster,n-r->n-r,n-r,n-r,User Safety_Broken Harmony,"Public Backlash, Restricted from job/school, Public Apology",Twitter,https://www.theguardian.com/australia-news/2015/nov/13/agency-behind-yourtaxis-campaign-fired-after-social-media-disaster
Algorithm 'identifies future trolls from just five posts',n-r->n-r,n-r,n-r,User Safety_Harassment&Bullying,,Online,https://www.theguardian.com/technology/2015/apr/17/algorithm-identifies-future-trolls-from-just-five-posts
Anurag Kashyap’s daughter Aaliyah reveals how receiving death threats for her pictures on social media affected her mental health,n-r->1-i,n-r,1-i,User Safety_Harassment&Bullying,,Instagram,https://timesofindia.indiatimes.com/entertainment/hindi/bollywood/news/anurag-kashyaps-daughter-aaliyah-reveals-how-receiving-death-threats-for-her-pictures-on-social-media-affected-her-mental-health/articleshow/81102583.cms
Arjun Kapoor responds to Instagram user's dig: 'If I was earning ₹16 crore a day I would not need to post this',n-r->n-r,n-r,n-r,User Safety_Broken Harmony,,Instagram,https://www.hindustantimes.com/entertainment/bollywood/arjun-kapoor-responds-to-instagram-user-s-dig-at-him-over-donation-for-child-s-treatment-101618494708961.html
Askar Ali defends his 'Kamuki' co-star Aparna from online bullies,n-r->n-r,n-r,n-r,User Safety_Broken Harmony,Public Backlash,Facebook,https://timesofindia.indiatimes.com/entertainment/malayalam/movies/news/askar-ali-defends-his-kamuki-co-star-aparna-from-online-bullies/articleshow/64450598.cms
Bangladesh death sentences lead to Facebook ban,1-i->S,1-i,S,User Safety_Censorship & Retribution,,"Facebook, Viber, WhatsApp",https://www.bbc.com/news/world-asia-34860667
Bengal police file FIRs to bust 'fake news' on clashes,1-i->1-r,1-i,1-r,User Safety_Dangerous Misinformation & Endangerment,"Protective Measures, Legal Action","Facebook, Twitter",https://timesofindia.indiatimes.com/city/kolkata/bengal-cops-file-firs-to-bust-fake-news-on-clashes/articleshow/82446299.cms
"Calling Story of Boy and Balloon a Hoax, a Sheriff Will Seek Felony Charges",1-r->n-r,1-r,n-r,User Safety_Dangerous Misinformation & Endangerment,"Misinformation led to action, Legal Action","TV, Myspace",https://www.nytimes.com/2009/10/19/us/19balloon.html
Calls on social media to boycott Gurgaon restaurant after customers beaten up,n-r->n-r,n-r,n-r,User Safety_Broken Harmony,Public Backlash,Facebook,https://www.hindustantimes.com/gurgaon/calls-on-social-media-to-boycott-gurgaon-restaurant-after-customers-beaten-up/story-zf0gLYexypWPUS4ZkElC0M.html
"Carry Minati’s viral video taken down by YouTube, Himansh Kohli leads legions of fans in his support",1-i->n-r,1-i,n-r,User Safety_Broken Harmony,Public Criticism,"Youtube, Tiktok",https://www.hindustantimes.com/bollywood/carry-minati-s-viral-video-taken-down-by-youtube-himansh-kohli-leads-legions-of-fans-in-his-support/story-RrUZMIS1Q5DI8gMqn9Xh9H.html
Cartoonists up in arms over “harmful to youth” rating of webtoons,1-i->n-r,1-i,n-r,User Safety_Broken Harmony,,Webtoon,https://www.koreatimes.co.kr/southkorea/20120301/cartoonists-up-in-arms-over-harmful-to-youth-rating-of-webtoons
CBSE seeks schools’ help in fighting social media rumours,n-r->n-r,n-r,n-r,User Safety_Dangerous Misinformation & Endangerment,Address Misinformation,Social Media,https://timesofindia.indiatimes.com/education/news/cbse-seeks-schools-help-in-fighting-social-media-rumours/articleshow/63546624.cms
Chicago Mayor Backs Policy to Release Police Videos in 60 Days,1-i->n-r,1-i,n-r,User Safety_Broken Harmony,Public protest,Online,https://www.wsj.com/articles/chicago-mayor-backs-policy-to-release-police-videos-in-60-days-1455663733
China Blocks YouTube After Videos of Tibet Protests Are Posted,S->n-r,S,n-r,User Safety_Censorship & Retribution,,Youtube,https://www.nytimes.com/2008/03/17/business/media/17youtube.html
China joins a turf war,n-r->n-r,n-r,n-r,User Safety_Dangerous Misinformation & Endangerment,Registlation,Online,https://www.theguardian.com/media/2008/sep/22/chinathemedia.marketingandpr
China's state media chides 'false' rumors of coup in N. Korea,n-r->n-r,n-r,n-r,User Safety_Dangerous Misinformation & Endangerment,Address Misinformation,Weibo,https://en.yna.co.kr/view/AEN20140929005800315
"Chinese businessman with links to Steve Bannon is driving force for a sprawling disinformation network, researchers say",n-i->n-r,n-r,n-r,User Safety_Dangerous Misinformation & Endangerment,,"Facebook, Twitter",https://www.washingtonpost.com/technology/2021/05/17/guo-wengui-disinformation-steve-bannon/
Comment: Open door: The readers' editor on... the distress caused by a freelance's offensive tweets,1-r->n-r,1-r,n-r,User Safety_Broken Harmony,"Misinformation led to action, Address Misinformation, Public Apology",Twitter,https://www.theguardian.com/commentisfree/2011/jul/10/open-door-kia-abdullah-twitter
Could children one day sue parents for posting baby pics on Facebook?,1-r->1-r,1-r,1-r,User Safety_Safety Risk of Social Media Overuse,,Facebook,https://www.theguardian.com/sustainable-business/2016/may/08/children-sue-parents-facebook-post-baby-photos-privacy
Crackdown on Twitter Brings Criticism of NEC,n-i->n-r,n-i,n-r,User Safety_Dangerous Misinformation & Endangerment,Protective Measures,Twitter,https://www.koreatimes.co.kr/amp/business/20100216/crackdown-on-twitter-brings-criticism-of-nec
"Data of 500m LinkedIn users put online for sale, says report",n-r->n-r,n-r,n-r,User Safety_Personal Information,Public Message from/to Social Media,LinkedIn,https://edition.cnn.com/2021/04/08/tech/linkedin-data-scraped-hacker-site
Dauerarrest gegen Facebook-Aufwiegler,1-r->1-r,1-r,1-r,User Safety_Harassment&Bullying,Legal Action,Facebook,https://taz.de/!588585/
"Did these boys plan their deaths on the net? A rural community fears that these teenagers formed a suicide pact in online chatrooms and that it could claim even more lives, report NeilTweedie and Tom Peterkin",n-r->n-r,n-r,n-r,User Safety_Suicide&Self-harm,Death,Online Chat,https://www.telegraph.co.uk/news/features/3633095/Did-these-boys-plan-their-deaths-on-the-net.html
Donald Trump Blasts ‘Low-Life Leakers’ in New Twitter Attack,1-i->n-r,1-i,n-r,User Safety_Harassment&Bullying,,Twitter,https://www.wsj.com/articles/donald-trump-blasts-low-life-leakers-in-new-twitter-attack-1487253193
Elon Musk Found Not Liable in Trial Over Tweets Proposing to Take Tesla Private; Jury finds investors failed to prove their claims against the CEO or the electric-car company,1-i->n-r,1-i,n-r,User Safety_Dangerous Misinformation & Endangerment,Legal Action,Twitter,https://www.wsj.com/articles/elon-musk-found-not-liable-in-trial-over-tweets-proposing-to-take-tesla-private-11675464951
EU to force social network sites to enhance privacy,S->n-r,S,n-r,User Safety_Personal Information,Legal Action,Facebook,https://www.theguardian.com/media/2011/mar/16/eu-social-network-sites-privacy
"Even in the age of social media, women are in the dark about their bodies and pain",n-r->n-r,n-r,n-r,User Safety_Dangerous Misinformation & Endangerment,,Instagram,https://www.theguardian.com/commentisfree/2020/feb/23/teen-magazines-social-media
Facebook apologises for threat to ban 81-year-old for posts about knitted ‘pigs’,S->n-r,S,n-r,User Safety_Broken Harmony,Public Apology,Facebook,https://www.independent.co.uk/news/world/australasia/facebook-australia-knitted-pig-ban-b1807734.html
Facebook Envy Lures Egyptian Teenagers to Europe and the Migrant Life,n-r->n-r,n-r,n-r,User Safety_Dangerous Misinformation & Endangerment,Misinformation led to action,Facebook,https://www.nytimes.com/2016/06/24/world/middleeast/facebook-envy-and-italian-law-lure-egyptian-teenagers-to-europe.html
Facebook freezes Maduro's page over Covid claim,1-i->n-r,1-i,n-r,User Safety_Dangerous Misinformation & Endangerment,Platform Ban,Facebook,https://www.bbc.com/news/world-latin-america-56551350
Facebook friend uploads morphed photos of woman,1-r->1-r,1-r,1-r,User Safety_Harassment&Bullying,Legal Action,Facebook,https://timesofindia.indiatimes.com/city/gurgaon/fb-friend-uploads-morphed-pics-of-woman/articleshow/59508762.cms
"Facebook is starting to fight misinformation, but inconsistently",S->n-r,S,n-r,User Safety_Dangerous Misinformation & Endangerment,,Facebook,https://www.washingtonpost.com/opinions/facebook-is-starting-to-fight-misinformation-but-inconsistently/2020/01/04/f06e97de-2e65-11ea-bcd4-24597950008f_story.html
Facebook launches campaign to clamp down on fake vaccine news,n-r->n-r,n-r,n-r,User Safety_Dangerous Misinformation & Endangerment,Address Misinformation,Facebook,https://www.irishexaminer.com/business/technology/arid-40241780.html
Facebook removes George Christensen‚Äôs anti-lockdown speech for breaching Covid misinformation policy,1-i->n-r,1-i,n-r,User Safety_Dangerous Misinformation & Endangerment,"Restriction on social media usage (content remove, ban, etc.)",Facebook ,https://www.theguardian.com/australia-news/2021/aug/11/facebook-removes-george-christensens-anti-lockdown-speech-for-breaching-covid-misinformation-policy
Facebook Says It Will Ban ‘Deepfakes’,n-r->n-r,n-r,n-r,User Safety_Dangerous Misinformation & Endangerment,Platform Ban,Facebook,https://www.nytimes.com/2020/01/07/technology/facebook-says-it-will-ban-deepfakes.html
Facebook tests N.J. attorney general's 'abuse' icon,n-r->n-r,n-r,n-r,User Safety_Harassment&Bullying,,Facebook,https://abcnews.go.com/Technology/story?id=5747764&page=1
Facebook won’t take down an ad that Rep. Ilhan Omar’s office says could lead to harassment and death threats,n-r->1-i,n-r,1-i,User Safety_Harassment&Bullying,,Facebook,https://www.washingtonpost.com/technology/2021/05/20/ilhan-omar-facebook-hamas-aipac/
Faceoff: UK's non-recognition of Covishield creates storm on Twitter,1-i->n-r,1-i,n-r,User Safety_Broken Harmony,Public Backlash,Twitter,https://timesofindia.indiatimes.com/india/faceoff-uks-non-recognition-of-covishield-creates-storm-on-twitter/articleshow/86394662.cms
Fake news: US has not fired Dr Anthony Fauci,n-r->n-r,n-r,n-r,User Safety_Dangerous Misinformation & Endangerment,Address Misinformation,Social Media,https://timesofindia.indiatimes.com/city/pune/fake-news-us-has-not-fired-dr-fauci/articleshow/83879422.cms
Farmers protest: Canada-based pro-Khalistani outfit blamed for organising Twitter toolkit,n-i->n-r,n-i,n-r,User Safety_Broken Harmony,,Twitter,https://timesofindia.indiatimes.com/india/farmers-protest-canada-based-pro-khalistani-outfit-blamed-for-organising-twitter-toolkit/articleshow/80695955.cms
FIVE times Abhishek Bachchan shut down trolls with his savage response,n-r->n-r,n-r,n-r,User Safety_Broken Harmony,,Twitter,https://timesofindia.indiatimes.com/entertainment/hindi/bollywood/news/five-times-abhishek-bachchan-shut-trolls-with-his-savage-response/photostory/78432918.cms?picid=78432982
Florida: Student Kills Himself in Front of Webcam,1-r->n-r,1-r,n-r,User Safety_Suicide&Self-harm,,Online,https://www.nytimes.com/2008/11/22/us/22brfs-001.html
Football: Lion City Sailors' Stipe Plazibat makes police report following online abuse,n-r->1-i,n-r,1-i,User Safety_Harassment&Bullying,Legal Action,Instagram,https://www.straitstimes.com/sport/football/football-lion-city-sailors-stipe-plazibat-makes-police-report-following-online-abuse
Fox News commentator lies: Gavin Newsom’s only hope is voter fraud,1-i->n-r,1-i,n-r,User Safety_Dangerous Misinformation & Endangerment,,Twitter,https://www.washingtonpost.com/opinions/2021/09/07/tomi-lahren-gavin-newsom-voter-fraud/
Fox News’ handling of Seth Rich story could snag British review of Sky deal,1-i->1-i,1-i,1-i,User Safety_Dangerous Misinformation & Endangerment,,Fox News,https://www.latimes.com/business/hollywood/la-fi-ct-fox-news-seth-rich-sky-20170808-story.html
Glendale Heights hires security firm to review arrest caught on videos that appear to show officer punching woman,n-r->n-r,n-r,n-r,User Safety_Broken Harmony,,Social Media,https://www.chicagotribune.com/2020/06/03/glendale-heights-hires-security-firm-to-review-arrest-caught-on-videos-that-appear-to-show-officer-punching-woman/
Global Village Idiot: Settings in the matter of individual versus social media,S->n-r,S,n-r,User Safety_Personal Information,,"WhatsApp, Facebook",https://www.hindustantimes.com/cities/others/global-village-idiot-settings-in-the-matter-of-individual-versus-social-media-101621593950573.html
"Gorakhpur woman attempts to deliver baby watching YouTube, both die",1-r->1-r,1-r,1-r,User Safety_Dangerous Misinformation & Endangerment,Death,Youtube,https://timesofindia.indiatimes.com/city/lucknow/gorakhpur-woman-tries-to-deliver-by-watching-video-dies/articleshow/68366822.cms
"Haryana Officer Who Asked Cops To ""Crack Heads"" Of Farmers To Face Action",n-r->n-r,n-r,n-r,User Safety_Broken Harmony,Public Backlash,Social Media,https://www.ndtv.com/india-news/haryana-officer-who-asked-police-to-crack-heads-of-farmers-will-face-action-says-deputy-chief-minister-2522697
He’ll be fine': Aaron Connolly gets Graham Potter’s backing after being targeted by online trolls,n-r->1-i,n-r,1-i,User Safety_Harassment&Bullying,,Social Media,https://www.irishexaminer.com/sport/soccer/arid-40222079.html
Hong Kong activist hits out at Beijing in video over missing booksellers,1-I->n-r,1-i,n-r,User Safety_Broken Harmony,,Facebook,https://www.theguardian.com/world/2016/jan/04/hong-kong-activist-agnes-chow-beijing-missing-booksellers-viral-video
Housing Blogs Throw Stones,n-r->n-r,n-r,n-r,User Safety_Harassment&Bullying,,Blogs,https://www.wsj.com/articles/SB122481699525965769
How a Custody Fight Plus QAnon Turned Deadly,1-i->n-r,1-i,n-r,User Safety_Dangerous Misinformation & Endangerment,Death,"Youtube, Facebook",https://www.wsj.com/arts-culture/books/when-online-conspiracies-turn-deadly-a-custody-battle-and-a-killing-11617376764
"Hundreds, including Navalny’s wife Yulia, detained as protests in his support sweep across Russia",1-i->n-r,1-i,n-r,User Safety_Broken Harmony,Public protest,Instagram,https://edition.cnn.com/2021/01/23/europe/russia-navalny-oposition-demonstrations-intl
"In a Different Capitol Siege, Republicans in Oregon Call for Accountability",n-r->n-r,n-r,n-r,User Safety_Broken Harmony,Public protest,Online,https://www.nytimes.com/2021/06/08/us/oregon-capitol-protest-nearman.html
"In Gabrielle Giffords shooting, many on left quick to lay blame",n-r->n-r,n-r,n-r,User Safety_Broken Harmony,,Facebook,https://www.latimes.com/archives/la-xpm-2011-jan-08-la-na-giffords-shooting-media-20110109-story.html
IN THE CLASSROOM; Controversial Website Lets Students Grade Teachers; Some say the site is hurtful and possibly libelous; others consider it a useful tool.,n-r->1-r,n-r,1-r,User Safety_Harassment&Bullying,"Restriction on social media usage (content remove, ban, etc.)",RateMyTeachers.com,https://www.latimes.com/archives/la-xpm-2004-jan-07-me-class7-story.html
Indian government to take up with Twitter goof-up showing Jammu in Pakistan,S->n-r,S,n-r,User Safety_Dangerous Misinformation & Endangerment,,Twitter,https://m.economictimes.com/news/politics-and-nation/government-to-take-up-with-twitter-the-goof-up-showing-jammu-in-pakistan-mea/articleshow/51043092.cms
Inflammatory posts on Tablighi Jamaat see a rise on social media,n-r->n-r,n-r,n-r,User Safety_Dangerous Misinformation & Endangerment,"Remove Content, Legal Action","Social Media, WhatsApp",https://timesofindia.indiatimes.com/city/gurgaon/inflammatory-posts-on-tablighi-jamaat-see-a-rise-on-social-media/articleshow/75037775.cms
Instagram apologises for promoting weight-loss content to users with eating disorders,S->n-r,S,n-r,User Safety_Safety Risk of Social Media Overuse,Remove Content,"Facebook, Instagram",https://www.theguardian.com/technology/2021/apr/15/instagram-apologises-for-promoting-weight-loss-content-to-users-with-eating-disorders
Instagram bans 'graphic' self-harm images after Molly Russell's death,S->1-r,S,1-r,User Safety_Suicide&Self-harm,Social Media Policy Change,Instagram,https://www.hindustantimes.com/india-news/kashmiri-student-expelled-booked-over-online-post/story-mNa5em6DYTPtkHL2kF0z6M.html
Instagram Is Adult Entertainment,S->n-r,S,n-r,User Safety_Safety Risk of Social Media Overuse,,Instagram,https://www.nytimes.com/2021/09/28/opinion/instagram-social-media-children.html
Instagram urged to crack down on eating disorder images,n-r->n-r,n-r,n-r,User Safety_Suicide&Self-harm,Social Media Policy Change,Instagram,https://www.theguardian.com/technology/2019/feb/08/instagram-urged-to-crack-down-on-eating-disorder-images
International: Gunman kills 10 at Finnish college before shooting himself in head: Student held by police day earlier over YouTube clip: Second massacre in year reopens gun law debate,1-r->n-r,1-r,n-r,User Safety_Broken Harmony,Legal Action,Youtube,https://www.nbcnews.com/id/wbna26849077
Internet Firms Facing Questions About Censoring Online Searches in China,S->n-r,S,n-r,User Safety_Censorship & Retribution,Legislation,Online,https://www.nytimes.com/2006/02/15/technology/online-firms-facing-questions-about-censoring-internet-searches.html
Internet sex scandal rocks Vietnam,1-r->n-r,1-r,n-r,User Safety_Broken Harmony,"Restricted from job/school, Public Apology",Online,https://tucson.com/news/article_2440c3fa-598a-50dc-8cff-b718320548f5.html
JK Rowling deals cunning blow in Twitter war against Piers Morgan,1-i->1-i,1-i,1-i,User Safety_Harassment&Bullying,,Twitter,https://www.theguardian.com/books/2017/feb/15/j-k-rowling-scores-cuning-blow-twitter-war-piers-morgan
"Karnataka: Youth drives police car on KRS dam, video goes viral",n-r->n-r,n-r,n-r,User Safety_Broken Harmony,,Online,https://timesofindia.indiatimes.com/city/mysuru/youth-drives-police-car-on-krs-dam-video-goes-viral/articleshow/81249178.cms
KRK warns Mika Singh after watching his diss track against him: 'Now wait for my videos ',1-i->1-i,1-i,1-i,User Safety_Harassment&Bullying,,Twitter,https://www.hindustantimes.com/entertainment/music/krk-warns-mika-singh-after-watching-his-diss-track-against-him-now-wait-for-my-videos-101623419362783.html
Lies on Social Media Inflame Israeli-Palestinian Conflict,n-r->n-r,n-r,n-r,User Safety_Dangerous Misinformation & Endangerment,Remove Content,"Twitter, Tiktok, WhatsApp, Facebook",https://www.nytimes.com/2021/05/14/technology/israel-palestine-misinformation-lies-social-media.html
"Like to speak my heart out, not afraid of anybody: Virender Sehwag on his Twitter trolls",1-i->1-i,1-i,1-i,User Safety_Harassment&Bullying,,Twitter,https://www.hindustantimes.com/delhi/like-to-speak-my-heart-out-not-afraid-of-anybody-virender-sehwag-on-his-twitter-trolls/story-e6Dr42OgQ6Zw0UDyrgYxyN.html
LinkedIn spread 'incorrect and damaging' information about users to their contacts,S->n-r,S,n-r,User Safety_Personal Information,,Linkedin,https://www.telegraph.co.uk/technology/2019/02/28/linkedin-spread-incorrect-damaging-information-users-contacts/
Lo que sucedió luego de la pelea de dos novias de R.Kelly (VIDEO),1-i->n-r,1-i,n-r,User Safety_Broken Harmony,,Instagram Live,https://www.chicagotribune.com/2020/01/09/lo-que-sucedi-luego-de-la-pelea-de-dos-novias-de-rkelly-video/
"Madhya Pradesh: Online stalker harasses married woman, whom he befriended over PUBG",1-r->1-r,1-r,1-r,User Safety_Harassment&Bullying,Legal Action,"PUBG, WhatsApp",https://timesofindia.indiatimes.com/city/bhopal/madhya-pradesh-online-stalker-harasses-married-woman-whom-he-befriended-over-pubg/articleshow/83949736.cms
Maharashtra: Jilted lover hangs self; live streams suicide on social media,1-r->n-r,1-r,n-r,User Safety_Suicide&Self-harm,,Facebook,https://www.indiatvnews.com/news/india/maharashtra-jilted-lover-hangs-self-live-streams-suicide-social-media-725036
Malaysia's court issues stern warning to ex-PM Najib over post on trial witness,1-i->1-i,1-i,1-i,User Safety_Harassment&Bullying,,Facebook,https://www.straitstimes.com/asia/se-asia/malaysias-court-issues-stern-warning-to-ex-pm-najib-over-post-on-trial-witness
"Malaysian netizens angry with report of royal vaccinations, govt's flailing response to Covid-19",n-r->n-r,n-r,n-r,User Safety_Broken Harmony,Public Backlash,Twitter,https://www.straitstimes.com/asia/se-asia/malaysian-netizens-angry-with-report-of-royal-vaccinations-govts-flailing-response-to
"Man held in bangle-seller case has Pakistan links on social media, says Madhya Pradesh home minister Narottam Mishra",n-r->n-r,n-r,n-r,User Safety_Dangerous Misinformation & Endangerment,Legal Action,"WhatsApp, Facebook",https://timesofindia.indiatimes.com/city/bhopal/man-held-in-bangle-seller-case-has-pak-links-on-social-media/articleshow/85780198.cms
"McCanns’ online abuser posted 3,000 tweets about couple",n-r->1-r,n-r,1-r,User Safety_Harassment&Bullying,,Twitter,https://www.irishtimes.com/news/world/uk/mccanns-online-abuser-posted-3-000-tweets-about-couple-1.1954082
Met Gala 2019: Twitterati has a field day trolling Priyanka Chopra's Camp look,n-r->1-i,n-r,1-i,User Safety_Harassment&Bullying,,Twitter,https://timesofindia.indiatimes.com/entertainment/hindi/bollywood/news/met-gala-2019-twitterati-has-a-field-day-trolling-priyanka-chopras-camp-look/articleshow/69212547.cms
Mourinho criticises Bale over 'totally wrong' Instagram fitness post,1-i->n-r,1-i,n-r,User Safety_Dangerous Misinformation & Endangerment,,Instagram,https://www.theguardian.com/football/2021/feb/12/mourinho-criticises-bale-over-totally-wrong-instagram-fitness-post
"Mumbai Police pulled down 12,537 ‘objectionable’ posts in 2019",n-r->n-r,n-r,n-r,User Safety_Dangerous Misinformation & Endangerment,Remove Content,"Facebook, Twitter, TikTok, Instagram, YouTube, Telegrams",https://www.hindustantimes.com/mumbai-news/mumbai-police-pulled-down-12-537-objectionable-posts-in-2019/story-RENj7Dm4CCRwPyOaR53uFI.html
Naming of sexual assault victims online is 'of great concern',n-r->n-r,n-r,n-r,User Safety_Personal Information,,Social Media,https://www.irishexaminer.com/news/arid-40028420.html
No home remedy for Covid-19: TOI debunks 100 viral fake news in 4 days,n-r->n-r,n-r,n-r,User Safety_Dangerous Misinformation & Endangerment,Address Misinformation,Online,https://timesofindia.indiatimes.com/city/mumbai/maharashtra-no-home-remedy-for-covid-19-toi-debunks-100-viral-fake-news-in-4-days/articleshow/82188193.cms
"Notable & Quotable: Another Classic ‘Fact Check’; ‘USA Today confirmed that all of the details of the Instagram post, including the quote, were absolutely correct. Why, then, did it flag it as misleading?’",1-i->n-r,1-i,n-r,User Safety_Dangerous Misinformation & Endangerment,,Instagram,https://www.wsj.com/opinion/notable-quotable-another-classic-fact-check-11612392475
Online Fracas for a Critic of the Right,1-i->n-r,1-i,n-r,User Safety_Broken Harmony,,Blog,https://www.nytimes.com/2012/01/19/books/corey-robins-reactionary-mind-stirs-internet-debate.html
Over 450 social media accounts blocked in Hyderabad,n-r->n-r,n-r,n-r,User Safety_Harassment&Bullying,Legal Action,"Facebook, Twitter, Instagram",https://timesofindia.indiatimes.com/city/hyderabad/over-450-social-media-a/cs-blocked-in-city/articleshow/77920280.cms
Paaru actress Mansi Joshi lodges police complaint against cyberbullying,n-r->1-i,n-r,1-i,User Safety_Harassment&Bullying,,Instagram,https://timesofindia.indiatimes.com/tv/news/kannada/paaru-actress-mansi-joshi-lodges-police-complaint-against-cyberbullying/articleshow/77061071.cms
Perhaps he got his five minutes of fame': 13-year-old sentenced for 'viral' attack on police officer,n-r->n-r,n-r,n-r,User Safety_Broken Harmony,Legal Action,Social Media,https://uk.news.yahoo.com/black-lives-matter-protest-police-officer-assaulted-viral-attack-181709597.html?guccounter=1&guce_referrer=aHR0cHM6Ly93d3cuZ29vZ2xlLmNvbS8&guce_referrer_sig=AQAAABxDotR029IjgLA2S-xd118iynHCCN85S7w-dKyNix3frvQqzeWWrmLT3Nnk9uMmb2jUDi714pcNOKJrFnZHhVTIugKNy8O7oYqVs0mgoxGWo4fAf75e52lS8BFu_nG1PXqyEsV8LbNcV_4ueV26SBBG_OzqeIqf1JsMhTf9oXHX
Police Investigate 2 Canadian Muslims Over Comments About Jews,n-r->n-r,n-r,n-r,User Safety_Broken Harmony,"Legal Action, Public Apology",Online,https://www.nytimes.com/2004/10/31/world/americas/police-investigate-2-canadian-muslims-over-comments-about.html
Police Seek Clues in Social Media,n-r->1-i,n-r,1-i,User Safety_Harassment&Bullying,,"Twitter, Instagram, Facebook",https://www.wsj.com/articles/police-seek-clues-in-social-media-1419301133
"Polygamy, sexual selection and terrorism': IISc lecture cancelled after criticism on social media",n-r->n-r,n-r,n-r,User Safety_Broken Harmony,Restricted from job/school,Social Media,https://timesofindia.indiatimes.com/city/bengaluru/polygamy-sexual-selection-and-terrorism-iisc-lecture-cancelled-after-criticism-on-social-media/articleshow/74570199.cms
"Post with ‘SOS numbers’ goes viral, celeb candidates switch off phones",n-r->n-i,n-r,n-i,User Safety_Personal Information,Remove Content,Facebook,https://timesofindia.indiatimes.com/city/kolkata/post-with-sos-numbers-goes-viral-celeb-candidates-switch-off-phones/articleshow/82265456.cms
Prashant Kishor audio clip creates social media furore,n-r->n-r,n-r,n-r,User Safety_Broken Harmony,,Twitter,https://timesofindia.indiatimes.com/india/prashant-kishor-audio-clip-creates-social-media-furore/articleshow/82010821.cms
Public warned of dangers of using viral candle trend to heat homes,1-r->n-r,1-r,n-r,User Safety_Dangerous Misinformation & Endangerment,,Online,https://www.irishexaminer.com/news/arid-40992548.html
Rachana Smith: I was subjected to hate on social media for my character in Kamali,n-r->1-i,n-r,1-i,User Safety_Harassment&Bullying,,Facebook,https://timesofindia.indiatimes.com/tv/news/kannada/rachana-smith-i-was-subjected-to-hate-on-social-media-for-my-character-in-kamali/articleshow/77738023.cms
Radical online content sways Tamil Nadu Muslim youths,1-i->n-r,1-i,n-r,User Safety_Dangerous Misinformation & Endangerment,Legal Action,Online,https://timesofindia.indiatimes.com/city/chennai/radical-online-content-sways-tamil-nadu-muslim-youths/articleshow/38767839.cms
"Sensitise students, parents about online bullying: Delhi govt to schools",n-r->n-r,n-r,n-r,User Safety_Harassment&Bullying,,Online,https://www.hindustantimes.com/education/news/sensitise-students-parents-about-online-bullying-delhi-govt-to-schools-101614083239732.html#google_vignette
Should Facebook face the music?,n-r->n-r,n-r,n-r,User Safety_Broken Harmony,Legal Action,Facebook,https://www.latimes.com/archives/la-xpm-2009-oct-05-le-monday5.s4-story.html
"Sonakshi Sinha launches an initiative to put an end to cyberbullying and harassment, says, 'Ab Bas! It's time to stop the pandemic that's plaguing our online world'",n-r->n-r,n-r,n-r,User Safety_Harassment&Bullying,,Social Media,https://timesofindia.indiatimes.com/entertainment/hindi/bollywood/news/sonakshi-sinha-launches-an-initiative-to-put-an-end-to-cyberbullying-and-harassment-says-ab-bas-its-time-to-stop-the-pandemic-thats-plaguing-our-online-world/articleshow/77168512.cms
"Soni Razdan calls Afzal Guru ‘scapegoat’ , stirs online row",1-i->n-r,1-i,n-r,User Safety_Broken Harmony,Public Criticism,Twitter,https://timesofindia.indiatimes.com/india/soni-razdan-calls-afzal-guru-scapegoat-stirs-online-row/articleshow/73502870.cms
Stan Collymore highlights racist abuse towards Patrice Evra on Twitter,n-r->1-i,n-r,1-i,User Safety_Harassment&Bullying,,Twitter,https://www.theguardian.com/football/2011/dec/23/stan-collymore-patrice-evra-racism
Student Suspended for Facebook Page Can Sue Principal,1-r->1-r,1-r,1-r,User Safety_Harassment&Bullying,Restricted from job/school,Facebook,https://www.nytimes.com/2010/02/16/education/16student.html
Stunt for TikTok post turns fatal for UP teen,1-r->n-r,1-r,n-r,User Safety_Broken Harmony,,TikTok,https://timesofindia.indiatimes.com/india/stunt-for-tiktok-post-kills-teen/articleshow/74432087.cms
Supernanny: Families are being torn apart by social media,n-r->n-r,n-r,n-r,User Safety_Safety Risk of Social Media Overuse,,Social Media,https://www.telegraph.co.uk/technology/social-media/11089797/Supernanny-Families-are-being-torn-apart-by-social-media.html
Technology: Inside IT: Caught in the act: Personal data is posted on an activism website. A man is arrested under the Serious Crime Act - but his involvement was minimal,n-r->n-r,n-r,n-r,User Safety_Personal Information,Restricted from job/school,Activism Website,https://www.theguardian.com/technology/2009/apr/02/blogging-internet-privacy
Thais in UAE warned not to comment on conflict with Qatar,1-i->n-r,1-i,n-r,User Safety_Censorship & Retribution,,Social Media,https://www.nationthailand.com/in-focus/30317522
The Guardian view on Facebook and democracy: real and present danger,n-r->n-r,n-r,n-r,User Safety_Dangerous Misinformation & Endangerment,,Facebook,https://www.theguardian.com/commentisfree/2020/jul/05/the-guardian-view-on-facebook-and-democracy-real-and-present-danger
The real OnlyFans scandal is the unaccountable power of platforms and banks,S->n-r,S,n-r,User Safety_Censorship & Retribution,,Twitch,https://www.theguardian.com/commentisfree/2021/aug/28/onlyfans-scandal-platforms-banks-ban-sexual-content-sex-workers
Trending: The moral of the story here? Fox News and FLOTUS should’ve looked in a dictionary.,1-i->n-r,1-i,n-r,User Safety_Broken Harmony,,Twitter,https://www.washingtonpost.com/express/2018/10/11/trending-moral-story-here-fox-news-flotus-shouldve-looked-dictionary/
Twitter Faceoff: Netizens react after Bengaluru woman is attacked by Zomato executive,n-r->1-i,n-r,1-i,User Safety_Harassment&Bullying,Legal Action,Twitter,https://timesofindia.indiatimes.com/viral-news/twitter-faceoff-netizens-react-after-bengaluru-woman-alleges-attack-by-zomato-executive/articleshow/81467116.cms
Twitter Says Microsoft Improperly Used Data,1-i->S,1-i,S,User Safety_Personal Information,Legal Action,Twitter,https://www.nytimes.com/2023/05/18/technology/twitter-microsoft-misusing-data.html
Twitter Suspends Marjorie Taylor Greene for Posting Coronavirus Misinformation,1-i->n-r,1-i,n-r,User Safety_Dangerous Misinformation & Endangerment,Remove Content,Twitter,https://www.nytimes.com/2021/07/19/technology/marjorie-taylor-greene-twitter.html
Twitterati condemns foreign student guidelines,n-r->n-r,n-r,n-r,User Safety_Broken Harmony,Public Backlash,Twitter,https://timesofindia.indiatimes.com/india/twitterati-condemns-foreign-student-guidelines/articleshow/76837126.cms
U.S. can get Twitter records for WikiLeaks probe,1-i->n-r,1-i,n-r,User Safety_Personal Information,Legal Action,Twitter,https://www.washingtonpost.com/local/government-can-get-records-from-twitter-for-wikileaks-probe-judge-rules/2011/03/11/AB3BVUR_story.html
U.S. Media Mocked Abroad for Reporting False Name of California Shooting Suspect,n-r->n-i,n-r,n-i,User Safety_Dangerous Misinformation & Endangerment,"Restriction on social media usage (content remove, ban, etc.)",Twitter,https://www.nytimes.com/2015/12/04/world/europe/us-media-mocked-abroad-for-reporting-false-name-of-california-shooting-suspect.html
Un colegio expulsa a tres alumnos por insultar a profesores en Internet,n-r->n-r,n-r,n-r,User Safety_Harassment&Bullying,Restricted from job/school,Tuenti,https://elpais.com/diario/2009/01/23/madrid/1232713464_850215.html
United States: Facebook Faces Calls to Further Protect User Privacy,S->n-r,S,n-r,User Safety_Personal Information,Commercial Pullout,Facebook,https://www.voanews.com/a/facebook-privacy/4327741.html
Unmasking the far right: An extremist paid a price when his identity was exposed online after a violent clash in Washington,n-r->n-r,n-r,n-r,User Safety_Broken Harmony,Public Backlash,"Youtube, Twitter",https://www.washingtonpost.com/national-security/doxing-far-right-violent-extremists/2021/06/20/35f730e2-ba68-11eb-a5fe-bb49dc89a248_story.html
"UP cop accuses dept of ill-treatment, posts video on FB before shooting himself dead in Pilibhit",1-r->n-r,1-r,n-r,User Safety_Suicide&Self-harm,,Facebook,https://timesofindia.indiatimes.com/city/bareilly/up-cop-accuses-dept-of-ill-treatment-posts-video-on-fb-before-shooting-himself-dead-in-pilibhit/articleshow/82664684.cms
Urvashi Rautela says her 'I love you' video wasn't 'directed towards anyone' amid criticism for 'stalking' Rishabh Pant,1-i->n-r,1-i,n-r,User Safety_Dangerous Misinformation & Endangerment,,Instagram,https://www.hindustantimes.com/entertainment/bollywood/urvashi-rautela-clarifies-her-i-love-you-video-wasn-t-directed-towards-anyone-or-from-any-video-call-101666171658276.html
"Video fuels outrage but no arrest in nurse assault by Akali leader, son",1-i->n-r,1-i,n-r,User Safety_Broken Harmony,Public protest,Social Media,https://www.hindustantimes.com/punjab/video-fuels-outrage-but-no-arrest-in-moga-nurse-assault-by-akali-sarpanch-son/story-FYE8ctNhFBMoysvcfAGyLK.html
"Videos, Doubts, and a Backlash in Mexico Vote",n-r->n-r,n-r,n-r,User Safety_Dangerous Misinformation & Endangerment,,Online,https://www.nytimes.com/2006/07/14/world/americas/14mexico.html
What Will You Do When the Culture War Comes for You?,n-r->n-r,n-r,n-r,User Safety_Harassment&Bullying,,"Social Media, Twitter",https://www.nytimes.com/2020/01/29/opinion/sonmez-kobe-washington-post.html
When slamming the phone prompts a row,n-r->n-r,n-r,n-r,User Safety_Personal Information,,Online,https://www.theguardian.com/money/2005/apr/23/internetphonesbroadband.phones
"With fake news, UC acts at China’s behest, says former executive",1-i->n-r,1-i,n-r,User Safety_Dangerous Misinformation & Endangerment,Restricted from job/school,Online,https://timesofindia.indiatimes.com/city/gurgaon/with-fake-news-uc-acts-at-chinas-behest-says-former-executive/articleshow/77188236.cms
"Woman Brags About Hitting Cyclist, Discovers Police Also Use Twitter",1-r->1-r,1-r,1-r,User Safety_Harassment&Bullying,Legal Action,Twitter,https://www.jalopnik.com/woman-brags-about-hitting-cyclist-discovers-police-als-509059331/
YouTube pulls video of DeSantis panel discussion urging no masks for children,n-i->n-r,n-i,n-r,User Safety_Dangerous Misinformation & Endangerment,"Remove Content, Address Misinformation",Facebook,https://www.washingtonpost.com/technology/2021/04/09/desantis-youtube-coronavirus/
YouTube reverses TalkRadio ban for allegedly breaching content policy,S->1-i,S,1-i,User Safety_Censorship & Retribution,Public Message from/to Social Media,Youtube,https://www.theguardian.com/technology/2021/jan/05/youtube-bans-talkradio-for-allegedly-breaching-content-policy
YouTube star suing over revenge porn,1-i->1-i,1-i,1-i,User Safety_Harassment&Bullying,Legal Action,Youtube,https://www.irishexaminer.com/world/arid-20334780.html
"('Video of Police Officer Knocking Down Woman and Child Incenses China', 'new york times', '2017-09-02')",n-r->n-r,n-r,n-r,User Safety_Broken Harmony,Legal Action,"Weibo, Weechat",https://www.nytimes.com/2017/09/02/world/asia/china-video-police-woman-and-child.html
"('Video of US man refusing full-body scan at airport goes viral', 'the hindustan times', '2010-11-16')",1-r->n-r,1-r,n-r,User Safety_Broken Harmony,,Youtube,https://www.oneindia.com/2010/11/16/videoof-us-man-refusing-full-body-scan-at-airport-goesvira.html
"('Videos Rouse Russian Anger Toward Police', 'new york times', '2010-07-27')",1-r->n-r,1-r,n-r,User Safety_Broken Harmony,Legal Action,Youtube,https://www.nytimes.com/2010/07/28/world/europe/28russia.html
"(Auctions: Online advert aims to bury Bury, not praise it, the guardian, 2006-02-25)",1-r->1-i,1-r,1-i,User Safety_Broken Harmony,,ebay,https://www.theguardian.com/media/2006/feb/25/newmedia.advertising
"(Bolly Buzz: Kangana Ranaut's Twitter handle restricted, Rhea Chakraborty snapped buying flowers, the times of india, 2021-01-21)",1-i->n-r,1-i,n-r,User Safety_Broken Harmony,Banned from Social Media,Twitter,https://timesofindia.indiatimes.com/entertainment/hindi/bollywood/news/bolly-buzz-kangana-ranauts-twitter-handle-restricted-rhea-chakraborty-snapped-buying-flowers/articleshow/80368881.cms
"('‘I didn’t know who to go to’: the desperate people trapped by loan sharks and illegal lenders on social media', 'the guardian', '2022-02-21')",n-r->n-r,n-r,n-r,Regulated Goods & Services_Regulated Services,,"Facebook, Snapchat, Craiglist, Grindr",https://www.theguardian.com/money/2022/feb/21/i-didnt-know-who-to-go-to-the-desperate-people-trapped-by-loan-sharks-and-lenders-on-social-media
"('‘I would pay $50 for a 2-minute hug’: True stories of sex starvation during self-quarantine', 'the washington post', '2020-04-16')",1-r->1-r,1-r,1-r,Regulated Goods & Services_Commercial Sexual Activity,,Online,https://www.washingtonpost.com/lifestyle/2020/04/16/sex-touch-quarantine-lockdown-social-distance-coronavirus/
"('Bolly Buzz: Rhea Chakraborty's drug connection emerges, Mahesh Bhatt and Jiah Khan's old video goes viral', 'the times of india', '2020-08-26')",1-i->n-r,1-i,n-r,Regulated Goods & Services_Regulated Goods,,Whatsapp,https://timesofindia.indiatimes.com/entertainment/hindi/bollywood/news/bolly-buzz-rhea-chakrabortys-drug-connection-emerges-mahesh-bhatt-and-jiah-khans-old-video-goes-viral/articleshow/77745227.cms
"('Carpenter and electrician rig up guns using online videos', 'the times of india', '2020-02-23')",S->n-r,S,n-r,Regulated Goods & Services_Regulated Goods,Legal Action,Youtube,https://timesofindia.indiatimes.com/city/navi-mumbai/carpenter-and-electrician-rig-up-guns-using-online-videos/articleshow/74252129.cms
"('Chandigarh: Gang involved in online delivery of drugs busted', 'the hindustan times', '2023-06-25')",n-r->n-r,n-r,n-r,Regulated Goods & Services_Regulated Goods,Legal Action,Social Media,https://www.hindustantimes.com/cities/chandigarh-news/police-arrest-three-in-chandigarh-for-location-based-drug-delivery-recover-52-3g-heroin-from-possession-101687633329321.html
"('Coated manjas openly sold online', 'the times of india', '2017-01-11')",S->n-r,S,n-r,Regulated Goods & Services_Regulated Goods,Regulatory Inquiry,"Amazon, ebay",https://timesofindia.indiatimes.com/city/nagpur/coated-manjas-openly-sold-online/articleshow/56428297.cms
"('Des "" diamants du sang "" de Centrafrique sur Facebook', 'le monde', '2017-06-23')",n-r->n-r,n-r,n-r,Regulated Goods & Services_Regulated Goods,,"Facebook, WhatsApp",https://www.lemonde.fr/afrique/article/2017/06/22/comment-acheter-sans-peine-des-diamants-du-sang-sur-facebook-et-whatsapp_5149363_3212.html
"('Drugs being offered for sale via social media messaging apps, police warn', 'irish examiner', '2023-10-11')",n-r->n-r,n-r,n-r,Regulated Goods & Services_Regulated Goods,Legal Action,Messaging app / Social media messaging app,https://www.irishexaminer.com/news/arid-41245483.html
"('Five more arrested in ganja smuggling case through e-commerce platform', 'the times of india', '2021-11-30')",n-r->n-r,n-r,n-r,Regulated Goods & Services_Regulated Goods,Legal Action,E-commerce,https://timesofindia.indiatimes.com/city/visakhapatnam/five-more-arrested-in-ganja-smuggling-case-through-e-commerce-platform/articleshow/87968145.cms
"('Gujarat FDCA plans crackdown on online drug selling firms', 'the times of india', '2015-05-10')",1-r->n-r,1-r,n-r,Regulated Goods & Services_Regulated Goods,Legal Action,SnapDeal,https://timesofindia.indiatimes.com/india/gujarat-fdca-plans-crackdown-on-online-drug-selling-firms/articleshow/47213149.cms
"('Indonesian police uncover illegal firearm sales online', 'the straits times', '2023-08-19')",n-r->n-r,n-r,n-r,Regulated Goods & Services_Regulated Goods,Legal Action,"Tokopedia, Shopee",https://www.straitstimes.com/asia/se-asia/indonesian-police-uncover-illegal-sales-of-firearms-on-popular-e-commerce-platforms
"('News Corp’s sports video embeds have anti-gambling campaigners appalled', 'the guardian', '2019-07-26')",n-i->n-r,n-i,n-r,Regulated Goods & Services_Regulated Services,,Online news,https://www.theguardian.com/media/2019/jul/26/news-corps-sports-video-embeds-have-anti-gambling-campaigners-appalled
"('One woman held as city cops bust website-based sex racket', 'the times of india', '2017-02-13')",1-i->n-r,1-i,n-r,Regulated Goods & Services_Commercial Sexual Activity,Legal Action,Online,https://timesofindia.indiatimes.com/city/nagpur/one-woman-held-as-city-cops-bust-website-based-sex-racket/articleshow/57100379.cms
"('Police raid Bang Phlat property suspected of housing 818Kiss online gambling operation', 'the nation', '2019-01-21')",1-i->n-r,1-i,n-r,Regulated Goods & Services_Regulated Services,Legal Action,Online,https://www.nationthailand.com/in-focus/30362666
"('Prime accused in online sex racket arrested', 'the times of india', '2017-02-05')",1-r->n-r,1-r,n-r,Regulated Goods & Services_Commercial Sexual Activity,Legal Action,Online,https://timesofindia.indiatimes.com/city/vadodara/prime-accused-in-online-sex-racket-arrested/articleshow/56981374.cms
"('Weekend: What's not to like?: She would flirt harmlessly online and make other women jealous... When Stuart Heritage discovered he could buy a fake internet girlfriend, he waited for the catch Illustrations by Lo Cole', 'the guardian', '2013-04-06')",1-r->1-r,1-r,1-r,Regulated Goods & Services_Commercial Sexual Activity,,Facebook,https://www.theguardian.com/technology/2013/apr/05/fake-facebook-girlfriends
George Cross 'sale' on internet,1-r->1-r,1-r,1-r,Regulated Goods & Services_Regulated Goods,,Online,https://timesofindia.indiatimes.com/city/chandigarh/george-cross-sale-on-internet/articleshow/6290174.cms
Instagram posts on vaping investigated,1-i->n-r,1-i,n-r,Regulated Goods & Services_Regulated Goods,Regulatory Inquiry,Instagram,https://www.bbc.com/news/av/uk-46966009
"Silk Road 2.0 Web site leads to arrest, charges (Posted 2014-11-07 04:06:07)",1-r->n-r,1-r,n-r,Regulated Goods & Services_Regulated Goods,Legal Action,Online,https://www.abc.net.au/news/2014-07-21/false-rape-claim-sparked-myanmar-riots/5610300
Web Site Help Military Duty Dodgers,n-r->n-r,n-r,n-r,Regulated Goods & Services_Regulated Services,,Online,https://www.koreatimes.co.kr/southkorea/20070926/web-site-help-military-duty-dodgers
"(''GodMode' access is still a problem at Twitter, another whistleblower alleges', 'the washington post', '2023-01-24')",S->n-r,S,n-r,Scaled Abuse_Hacking,Whistleblow,Twitter,https://www.washingtonpost.com/politics/2023/01/24/godmode-access-is-still-problem-twitter-another-whistleblower-alleges/
"('‘I can’t be that careless’: Australian Uyghur activist targeted online', 'the guardian', '2021-05-15')",n-r->1-r,n-r,1-r,Scaled Abuse_Malware,Protective Measures,Facebook,https://www.theguardian.com/world/2021/may/16/i-cant-be-that-careless-australian-uyghur-activist-targeted-online
"(''Our pain for their gain': the American activists manipulated by Russian trolls', 'the guardian', '2017-10-21')",n-i->n-r,n-i,n-r,Scaled Abuse_Inauthentic Behavior,Misinformation leg to action,Facebook,https://www.theguardian.com/world/2017/oct/21/russia-social-media-activism-blacktivist
"('‘Troll factory’ spreading Russian pro-war lies online, says UK', 'the guardian', '2022-05-03')",n-r->n-r,n-r,n-r,Scaled Abuse_Inauthentic Behavior,,Twitter,https://www.theguardian.com/world/2022/may/01/troll-factory-spreading-russian-pro-war-lies-online-says-uk
"('An army of fake Twitter accounts invades Ireland. What is their purpose?', 'irish times', '2017-10-28')",n-r->1-r,n-r,1-r,Scaled Abuse_Inauthentic Behavior,Protective Measures,Twitter,https://www.irishtimes.com/culture/tv-radio-web/an-army-of-fake-twitter-accounts-invades-ireland-why-1.3271340
"('Baijal's Twitter account hacked', 'the times of india', '2018-02-28')",1-r->1-i,1-r,1-i,Scaled Abuse_Hacking,,Twitter,https://economictimes.indiatimes.com/news/politics-and-nation/delhi-lg-anil-baijals-twitter-handle-hacked-official/articleshow/63101502.cms?from=mdr
"('Be wary of buying Facebook 'friends'', 'the washington post', '2012-03-05')",S->1-i,S,1-i,Scaled Abuse_Inauthentic Behavior,,Facebook,https://www.washingtonpost.com/business/on-small-business/buying-facebook-friends-should-you-do-it/2012/02/23/gIQA1cJtgR_story.html
"('Bots of the Internet, Reveal Yourselves!', 'new york times', '2018-07-16')",n-r->S,n-r,S,Scaled Abuse_Inauthentic Behavior,"Protective Measures, Legal Action",Twitter,https://www.nytimes.com/2018/07/16/style/how-to-regulate-bots.html
"('Can Social Media Alter a War? A 2019 experiment exploited Facebook and Instagram to manipulate soldiers.', 'wall street journal', '2022-01-02')",n-r->n-r,n-r,n-r,Scaled Abuse_Inauthentic Behavior,Manipulate Behavior,"Facebook, Instagram",https://www.wsj.com/opinion/can-social-media-alter-a-war-nato-russian-bots-colonial-pipeline-national-security-ukraine-cyberwarfare-hack-invasion-11641130267
"('China Extends Military Exercises as Taiwan Battles Cyberattacks; University websites and 7-Eleven stores have been affected, in some cases to hurl insults at U.S. House Speaker Nancy Pelosi', 'wall street journal', '2022-08-08')",1-i->1-i,1-i,1-i,Scaled Abuse_Hacking,,Online,https://www.wsj.com/world/china/china-extends-military-exercises-as-taiwan-battles-cyberattacks-11659969484
"('Ex-Bigg Boss contestant Somi Khan's Instagram hacked', 'the times of india', '2019-03-05')",1-r->1-i,1-r,1-i,Scaled Abuse_Hacking,Legal Action,Instagram,https://timesofindia.indiatimes.com/tv/news/hindi/ex-bigg-boss-contestant-somis-instagram-hacked/articleshow/68253817.cms
"('Facebook fait le ménage dans des faux comptes en Europe de l'Est', 'le monde', '2019-01-18')",n-r->n-r,n-r,n-r,Scaled Abuse_Inauthentic Behavior,Platform Ban,Facebook,https://www.lesechos.fr/tech-medias/medias/facebook-fait-le-menage-parmi-des-faux-comptes-lies-a-la-russie-593426
"('Facebook Says India Users Not Hit by Hacking Attack', 'wall street journal', '2011-11-17')",S->n-r,S,n-r,Scaled Abuse_Spam,,Facebook,https://www.marketwatch.com/story/facebook-says-india-users-not-hit-by-hacking-2011-11-17-51860
"('Foreign Facebook love revives Cambodian PM 'click farm' row', 'the nation', '2016-08-09')",1-i->n-r,1-i,n-r,Scaled Abuse_Inauthentic Behavior,,Facebook,https://www.nationthailand.com/in-focus/30292518
"('Forgetting events is part of the way we create memories. It also explains the Facebook crisis, Putin and Trump.', 'chicago tribune', '2018-04-06')",1-i->n-i,1-i,n-i,Scaled Abuse_Spam,Protective Measures,Facebook ,https://www.chicagotribune.com/2018/04/06/forgetting-events-is-part-of-the-way-we-create-memories-it-also-explains-the-facebook-crisis-putin-and-trump/
"('How to Keep the Rising Tide of Fake News From Drowning Our Democracy', 'new york times', '2022-03-07')",n-r->n-r,n-r,n-r,Scaled Abuse_Inauthentic Behavior,Protective Measures,Social Media,https://www.nytimes.com/2022/03/07/opinion/cheap-speech-fake-news-democracy.html
"('Howard cancels another day of online and hybrid classes as officials investigate alleged cyberattack', 'the washington post', '2021-09-08')",n-r->n-r,n-r,n-r,Scaled Abuse_Malware,,Online,https://www.washingtonpost.com/education/2021/09/08/howard-university-ransomware-cyberattack/
"('Israeli Intelligence Firm's Election-Meddling Analysis Comes Under Mueller's Scrutiny; Psy-Group presentation outlines ways Trump campaign was helped by fake social media accounts', 'wall street journal', '2018-05-25')",n-r->n-r,n-r,n-r,Scaled Abuse_Inauthentic Behavior,,Facebook,https://www.wsj.com/articles/israeli-intelligence-firms-election-meddling-analysis-comes-under-muellers-scrutiny-1527288767
"('Kasautii Zindagii Kay's Mohini Basu aka Shubhaavi Choksey's Instagram account gets hacked; Hina Khan warns her followers', 'the times of india', '2020-08-01')",1-r->1-i,1-r,1-i,Scaled Abuse_Hacking,Protective Measures,Instagram,https://timesofindia.indiatimes.com/tv/news/hindi/kasautii-zindagii-kays-mohini-basu-aka-shubhaavi-chokseys-instagram-account-gets-hacked-hina-khan-warns-her-followers/articleshow/77280869.cms
"('Li Nanxing's Instagram account hacked by swindlers', 'the straits times', '2022-01-20')",1-r->1-i,1-r,1-i,Scaled Abuse_Hacking,Fraud,Instagram,https://www.straitstimes.com/life/entertainment/li-nanxings-instagram-account-hacked-by-swindlers
"('Likejacking': Spammers Hit Social Media, bloomberg businessweek, 2012-05-28)",n-r->n-r,n-r,n-r,Scaled Abuse_Spam,,Pinterest,https://www.bloomberg.com/news/articles/2012-05-24/likejacking-spammers-hit-social-media
"('Media: Tools of the trade: Anti-SMS-spam', 'the guardian', '2009-06-29')",n-r->n-r,n-r,n-r,Scaled Abuse_Spam,,Message,https://www.theguardian.com/media/2009/jun/29/avoid-sms-spam-advice
"('Miscreants hack FB account of transgender board V-C', 'the times of india', '2023-03-05')",n-r->1-i,n-r,1-i,Scaled Abuse_Hacking,Legal Action,Facebook,https://timesofindia.indiatimes.com/city/lucknow/miscreants-hack-fb-account-of-transgender-board-v-c/articleshow/98421039.cms
"('More E-Mail Account Details Leaked Online', 'new york times', '2009-10-06')",n-r->n-r,n-r,n-r,Scaled Abuse_Malware,,Hotmail,https://archive.nytimes.com/gadgetwise.blogs.nytimes.com/2009/10/06/more-e-mail-account-details-leaked-online/
"('Spot the bot: AI-generated fake reviews flooding the internet prove difficult to detect', 'irish examiner', '2023-07-15')",n-r->n-r,n-r,n-r,Scaled Abuse_Inauthentic Behavior,Social Media Policy Change,Online,https://www.irishexaminer.com/opinion/commentanalysis/arid-41184352.html
"('Thai hacktivists targeting government websites arrested, junta says', 'dpa international (english)', '2016-12-26')",1-r->1-i,1-r,1-i,Scaled Abuse_Malware,Legal Action,Online,https://www.newvision.co.ug/news/1442831/thailand-detains-hacks-protesting-cyber-law
"('Today’s Scuttlebot: Confessions of a Fake Web Traffic Buyer, and the False Promise of Classroom Technology', 'new york times', '2013-11-12')",1-i->n-r,1-i,n-r,Scaled Abuse_Inauthentic Behavior,,Online,https://archive.nytimes.com/bits.blogs.nytimes.com/2013/11/12/todays-scuttlebot-confessions-of-a-fake-web-traffic-buyer-and-the-false-promise-of-classroom-technology/
"('Video shows how to hack emergency alert system to send fake terror threats', 'the daily telegraph', '2023-04-22')",1-i->1-i,1-i,1-i,Scaled Abuse_Hacking,,Youtube,https://www.telegraph.co.uk/politics/2023/04/21/hackers-fake-terror-threats-youtube/
"('What happens when most of China visits your website? It dies a horrible death', 'the guardian', '2015-01-23')",n-r->S,n-r,S,Scaled Abuse_Spam,,Iconfactory,https://www.theguardian.com/technology/2015/jan/23/what-happens-when-most-of-china-visits-your-website-it-dies-a-horrible-death
"('With money moving hands, online crime comes of age', 'the times of india', '2011-08-23')",n-r->1-i,n-r,1-i,Scaled Abuse_Malware,,Online,https://timesofindia.indiatimes.com/city/mumbai/with-money-moving-hands-online-crime-comes-of-age/articleshow/9690938.cms
"('Your country needs you to fight fake news, UK journalists told', 'the guardian', '2018-05-01')",n-r->n-r,n-r,n-r,Scaled Abuse_Inauthentic Behavior,Social Media Policy Change,Online,https://www.theguardian.com/politics/2018/may/01/your-country-needs-you-to-fight-fake-news-uk-journalists-told
"(Army's YouTube and Twitter sites 'breached', the daily telegraph, 2022-07-04)",n-r->1-i,n-r,1-i,Scaled Abuse_Hacking,,"Twitter, Youtube",https://www.telegraph.co.uk/news/2022/07/03/british-army-hit-cyberattack-twitter-youtube-accounts-hacked/
"(Chinese hackers outed themselves by logging into their personal Facebook accounts (Posted 2013-02-19 19:35:16), the washington post, 2013-01-01)",n-r->n-r,n-r,n-r,Scaled Abuse_Hacking,,Online,https://www.washingtonpost.com/news/worldviews/wp/2013/02/19/chinese-hackers-outed-themselves-by-logging-into-their-personal-facebook-accounts/
"(Disneyland's Instagram Account Hacked With a Series of Profane, Racist Posts; 'We worked quickly to remove the reprehensible content,' a Disneyland representative said, wall street journal, 2022-07-07)",1-r->1-i,1-r,1-i,Scaled Abuse_Hacking,Protective Measures,Instagram,https://www.wsj.com/business/media/disneylands-instagram-account-hacked-with-a-series-of-profane-racist-posts-11657213488
"(Down the rabbit hole: how QAnon conspiracies thrive on Facebook, the guardian, 2020-06-25)",1-i->n-r,1-i,n-r,Scaled Abuse_Inauthentic Behavior,Protective Measures,Facebook,https://www.theguardian.com/technology/2020/jun/25/qanon-facebook-conspiracy-theories-algorithm
"(Facebook cracks down on covert influence networks targeting Ukraine, the washington post, 2022-04-08)",n-r->S,n-r,S,Scaled Abuse_Inauthentic Behavior,Social Media Policy Change,Facebook,https://www.washingtonpost.com/technology/2022/04/07/facebook-covert-influence-ukraine/
"(FIA busts gang hacking girls Facebook accounts, the nation, 2015-10-14)",n-r->n-r,n-r,n-r,Scaled Abuse_Hacking,Legal Action,Facebook,https://arynews.tv/fia-busts-gang-hacking-girls-facebook-accounts/
"(Fighting fake news is an online arms race, irish examiner, 2018-07-12)",n-r->n-r,n-r,n-r,Scaled Abuse_Inauthentic Behavior,Social Media Policy Change,Online,https://www.irishexaminer.com/opinion/commentanalysis/arid-30854545.html
"(Russian TV, online platforms hacked with antiwar message on Victory Day, the washington post, 2022-05-09)",n-r->n-i,n-r,n-i,Scaled Abuse_Hacking,,"SmartTV, Yandex, Rutube",https://www.washingtonpost.com/world/2022/05/09/russia-tv-hack-victory-day-ukraine-war/
"(Soldiers in a War on Fake News, new york times, 2018-10-10)",n-r->n-r,n-r,n-r,Scaled Abuse_Inauthentic Behavior,Protective Measures,Facebook,https://www.nytimes.com/2018/10/09/business/facebook-philippines-rappler-fake-news.html
"(Sony demands news media delete data obtained by hackers, international new york times, 2014-12-16)",n-r->1-i,n-r,1-i,Scaled Abuse_Hacking,Protective Measures,Sony,https://www.nytimes.com/2014/12/15/business/sony-pictures-demands-that-news-organizations-delete-stolen-data.html
"(The London police Twitter feed was hacked. Then Trump got in on the act., the washington post, 2019-07-20)",n-r->1-i,n-r,1-i,Scaled Abuse_Hacking,Remove Content,Twitter,https://www.washingtonpost.com/world/2019/07/20/london-police-twitter-feed-was-hacked-then-trump-got-act/
Anupama Parameswaran’s Facebook account gets hacked; the actress slams the hacker for morphing her photos,n-r->1-i,n-r,1-i,Scaled Abuse_Hacking,,Facebook,https://timesofindia.indiatimes.com/entertainment/malayalam/movies/news/anupama-parameswarans-facebook-account-gets-hacked-the-actress-slams-the-hacker-for-morphing-her-photos/articleshow/75105063.cms
Average Twitter users may receive up to 17 'dangerous' Tweets per day,n-r->n-r,n-r,n-r,Scaled Abuse_Spam,,Twitter,https://www.telegraph.co.uk/technology/mobile-phones/8441294/Smart-phones-undermining-parental-tabs-on-internet-use.html
"Bots, Denial of Service Are Latest Weapons in Net Neutrality Battle",n-r->n-r,n-r,n-r,Scaled Abuse_Inauthentic Behavior,,Online,https://www.wsj.com/articles/bots-denial-of-service-are-latest-weapons-in-net-neutrality-battle-1494533379
Chief economic advisor’s Twitter account gets hacked,n-r->1-i,n-r,1-i,Scaled Abuse_Hacking,,Twitter,https://www.hindustantimes.com/nation-newspaper/chief-economic-advisor-s-twitter-account-gets-hacked/story-SftmO6yAOAxNjwOtfwqqBP.html
Dutch Man Said to Be Held in Powerful Internet Attack,1-r->1-i,1-r,1-i,Scaled Abuse_Hacking,Legal Action,Online,https://www.nytimes.com/2013/04/27/technology/dutch-man-said-to-be-arrested-in-powerful-internet-attack.html
Exclusive: Ayli Ghiya's Instagram account hacked; vulgar messages sent to followers,n-r->1-i,n-r,1-i,Scaled Abuse_Hacking,,Instagram,https://timesofindia.indiatimes.com/entertainment/marathi/movies/news/exclusive-ayli-ghiyas-instagram-account-hacked-vulgar-messages-sent-to-followers/articleshow/77576078.cms
"Facebook gives $1,000 in ad credits for counter terror propaganda",1-i->S,1-i,S,Scaled Abuse_Inauthentic Behavior,Protective Measures,Facebook,https://www.washingtonpost.com/local/education/is-a-history-textbook-full-of-sugar-coated-lies-because-it-celebrates-minorities/2016/03/11/54590e80-e7b3-11e5-a6f3-21ccdbc5f74e_story.html
Facebook Says Hackers Breached Its Computers,n-r->S,n-r,S,Scaled Abuse_Hacking,,Facebook,https://archive.nytimes.com/bits.blogs.nytimes.com/2013/02/15/facebook-admits-it-was-hacked/
Fake Facebook accounts mar debate on Philippine anti-terror bill,n-r->n-r,n-r,n-r,Scaled Abuse_Inauthentic Behavior,Protective Measures,Facebook,https://www.thestar.com.my/aseanplus/aseanplus-news/2020/06/07/fake-facebook-accounts-mar-debate-on-philippine-anti-terror-bill#goog_rewarded
"In French Elections, Alt-Right Messages and Memes Don‚Äôt Translate",n-i->n-r,n-i,n-r,Scaled Abuse_Inauthentic Behavior,,4chan,https://www.nytimes.com/2017/05/04/technology/french-elections-alt-right-fake-news-le-pen-macron.html
IRS Says Cyberattacks More Extensive Than Previously Reported,n-r->n-r,n-r,n-r,Scaled Abuse_Hacking,,Get Transcript,https://www.wsj.com/articles/irs-says-cyberattacks-more-extensive-than-previously-reported-1439834639
LinkedIn pages that promise prurient pics link to malware,n-r->n-r,n-r,n-r,Scaled Abuse_Malware,,LinkedIn,https://www.computerworld.com/article/1710092/linkedin-pages-that-promise-prurient-pics-link-to-malware.html?utm=hybrid_search
Online: Incredible bulk: Danny O'Brien mingles among the arch spammers and explains the new ways to track down serial offenders,n-r->n-r,n-r,n-r,Scaled Abuse_Spam,Legal Action,Online,https://www.theguardian.com/technology/2004/apr/08/spam.internet
Several groups banned by Facebook had strong similarities to Twitter accounts linked to Russia six weeks ago,1-i->n-r,1-i,n-r,Scaled Abuse_Inauthentic Behavior,Platform Ban,Facebook,https://www.washingtonpost.com/technology/2018/08/04/several-groups-banned-by-facebook-had-strong-similarities-twitter-accounts-linked-russia-six-weeks-ago/
The Daily 202: Technology giants face big test in midterm elections,n-r->n-r,n-r,n-r,Scaled Abuse_Inauthentic Behavior,Platform Ban,"Facebook, Twitter, Google",https://www.washingtonpost.com/news/powerpost/paloma/daily-202/2018/10/08/daily-202-technology-giants-face-big-test-in-midterm-elections/5bba75ea1b326b7c8a8d1886/
Twitter hackers spread Ground Zero attack scare before account suspension,n-r->1-i,n-r,1-i,Scaled Abuse_Inauthentic Behavior,"Misinformation led to action, Address Misinformation",Twitter,https://www.theguardian.com/world/2011/sep/10/twitter-hackers-ground-zero-scare
Twitter shut as hackers bombard it with spam,n-r->S,n-r,S,Scaled Abuse_Spam,,Twitter,https://timesofindia.indiatimes.com/world/us/twitter-shut-as-hackers-bombard-it-with-spam/articleshow/4865236.cms
Twitter Suspends Some Accounts Backing Michael Bloomberg,n-r->n-r,n-r,n-r,Scaled Abuse_Inauthentic Behavior,Remove Content,Twitter,https://www.wsj.com/articles/twitter-suspends-some-accounts-backing-michael-bloomberg-11582404989
"(''A crime scene of unspeakable horror': child sex abuse and the internet', 'the guardian', '2016-05-31')",n-r->n-r,n-r,n-r,Violent & Criminal Behavior_Child Abuse&Nudity,"Legal Action, Protective Measure",Online,https://www.theguardian.com/society/2016/may/31/a-scene-of-unspeakable-horror-child-sex-abuse-and-the-internet
"('1 booked for faking girl's Facebook profile', 'the times of india', '2011-09-18')",1-r->1-r,1-r,1-r,Violent & Criminal Behavior_Sexual Exploitation,Legal Action,Facebook,https://timesofindia.indiatimes.com/india/1-booked-for-faking-girls-facebook-profile/articleshow/10014146.cms
"('20 school girls held in online sex racket in China', 'the hindustan times', '2011-11-09')",n-r->n-r,n-r,n-r,Violent & Criminal Behavior_Child Abuse&Nudity,Legal Action,Online,https://www.hindustantimes.com/world/20-school-girls-held-in-online-sex-racket-in-china/story-qeSQbDkHpmE34SZq2Hmg7H.html
"('A U.S. Reply, in English, to Terrorists’ Online Lure', 'new york times', '2013-12-04')",1-i->n-r,1-i,n-r,Violent & Criminal Behavior_Dangerous Organizations,Protective Measures,Online,https://www.nytimes.com/2013/12/05/world/middleeast/us-aims-to-blunt-terrorist-recruiting-of-english-speakers.html
"('Aasiya Andrabi raided cyber cafes, but now uses Twitter freely', 'the times of india', '2018-07-07')",1-i->n-r,1-i,n-r,Violent & Criminal Behavior_Dangerous Organizations,,Twitter,https://timesofindia.indiatimes.com/india/she-raided-cyber-cafes-but-now-uses-twitter-freely/articleshow/64891427.cms
"('Ajmer dargah committee seeks more security after threat video', 'the times of india', '2017-12-28')",1-r->n-r,1-r,n-r,Violent & Criminal Behavior_Violence,Legal Action,Online,https://timesofindia.indiatimes.com/city/ajmer/ajmer-dargah-committee-seeks-more-security-after-threat-video/articleshow/62281840.cms
"('Amid social media-inspired thefts of Hyundais and Kias, Lincolnwood police providing locks', 'chicago tribune', '2022-09-20')",n-r->n-r,n-r,n-r,Violent & Criminal Behavior_Illegal Behavior,Protective Measures,TikTok,https://www.chicagotribune.com/2022/09/20/amid-social-media-inspired-thefts-of-hyundais-and-kias-lincolnwood-police-providing-locks/
"('Another city businessman gets extortion threat via video', 'the times of india', '2023-02-09')",n-r->1-r,n-r,1-r,Violent & Criminal Behavior_Violence,Legal Action,Whatsapp,https://timesofindia.indiatimes.com/city/jaipur/another-city-businessman-gets-extortion-threat-via-video/articleshow/97752826.cms
"('At Least Three People Shot at Arizona Shopping Center; Suspected gunman taken into custody after shooting at shopping center in suburban Phoenix; police are looking into a video posted on Snapchat', 'wall street journal', '2020-05-21')",1-r->n-r,1-r,n-r,Violent & Criminal Behavior_Violence,Violent Behavior,Snapchat,https://www.wsj.com/articles/at-least-three-people-shot-at-arizona-shopping-center-11590037688
"('Bhojpuri filmmaker arrested for spreading nude scenes of an actress on social media', 'the times of india', '2018-04-05')",1-r->1-i,1-r,1-i,Violent & Criminal Behavior_Sexual Exploitation,Legal Action,Youtube,https://www.indiatoday.in/india/story/bhojpuri-film-producer-arrested-for-circulating-obscene-clips-of-actress-1203348-2018-04-02
"('Breaking news: Leader of online group where secret documents leaked is Air National Guardsman', 'new york times', '2023-04-13')",1-r->1-i,1-r,1-i,Violent & Criminal Behavior_Illegal Behavior,Legal Action,Discord,https://www.nytimes.com/live/2023/04/13/us/documents-leak-pentagon
"('Brit couple 'abused own children online for international paedophile ring'', 'the hindustan times', '2011-01-04')",1-r->1-r,1-r,1-r,Violent & Criminal Behavior_Child Abuse&Nudity,Legal Action,Online,https://www.oneindia.com/2011/01/04/britcouple-abused-own-children-online-for-internationalpa.html
"('British headteacher groomed at least 131 children worldwide using social media', 'irish examiner', '2022-09-22')",1-r->1-r,1-r,1-r,Violent & Criminal Behavior_Child Abuse&Nudity,Legal Action,Facebook,https://www.irishexaminer.com/world/arid-40967519.html
"('Cops, TMC promise action after humiliation video goes viral', 'the times of india', '2018-05-23')",1-r->n-r,1-r,n-r,Violent & Criminal Behavior_Sexual Exploitation,Legal Action,Social Media,https://timesofindia.indiatimes.com/city/kolkata/cops-tmc-promise-action-after-humiliation-video-goes-viral/articleshow/64270074.cms
"('De-addiction centre owner arrested after old video of hitting inmate goes viral', 'the hindustan times', '2022-08-10')",1-r->n-r,1-r,n-r,Violent & Criminal Behavior_Violence,Legal Action,Online,https://www.hindustantimes.com/cities/others/deaddiction-centre-owner-arrested-after-old-video-of-hitting-inmate-goes-viral-101660131497682.html
"('Delhi man arrested for stalking, harassing 50 women on Instagram', 'the hindustan times', '2023-02-27')",1-r->n-r,1-r,n-r,Violent & Criminal Behavior_Sexual Exploitation,Legal Action,Instagram,https://www.hindustantimes.com/cities/delhi-news/delhi-man-arrested-for-stalking-harassing-50-women-on-instagram-101677440848620.html
"('Facebook and Twitter users alert gardai to fight threat', 'irish times', '2012-01-23')",n-r->n-r,n-r,n-r,Violent & Criminal Behavior_Dangerous Organizations,Legal Action,"Facebook, Twitter",https://www.google.com/search?q=(%27Facebook+and+Twitter+users+alert+gardai+to+fight+threat%27%2C+%27irish+times%27%2C+%272012-01-23%27)&oq=(%27Facebook+and+Twitter+users+alert+gardai+to+fight+threat%27%2C+%27irish+times%27%2C+%272012-01-23%27)&gs_lcrp=EgZjaHJvbWUyBggAEEUYOdIBBzE2MGowajmoAgCwAgE&sourceid=chrome&ie=UTF-8
"('Facebook friend blackmails college girl, extorts Rs 7 lakh from her', 'the times of india', '2016-06-20')",1-r->1-r,1-r,1-r,Violent & Criminal Behavior_Violence,Legal Action,Facebook,https://timesofindia.indiatimes.com/city/bengaluru/facebook-friend-blackmails-college-girl-extorts-rs-7-lakh-from-her/articleshow/52815508.cms
"('Facebook reinstated terror suspect's account nine times', 'the daily telegraph', '2018-01-27')",1-r->n-r,1-r,n-r,Violent & Criminal Behavior_Dangerous Organizations,Remove Content,Facebook,https://www.theguardian.com/uk-news/2018/jan/26/facebook-reactivated-terror-suspects-account-nine-times
"('Friendship' on Facebook ends in blackmail plot against woman, the times of india, 2019-01-09)",1-r->1-r,1-r,1-r,Violent & Criminal Behavior_Violence,Legal Action,Facebook,https://timesofindia.indiatimes.com/city/ghaziabad/friendship-on-fb-ends-in-blackmail-plot-against-woman/articleshow/67428686.cms
"('Gardai await blood tests on sex act video girl', 'irish times', '2013-08-21')",1-r->1-r,1-r,1-r,Violent & Criminal Behavior_Child Abuse&Nudity,,"Youtube, Twitter",https://www.irishexaminer.com/news/arid-20240608.html
"('Girl eloping to join Instagram friend in Hyderabad rescued at Bengaluru airport', 'the times of india', '2020-06-27')",1-r->1-r,1-r,1-r,Violent & Criminal Behavior_Child Abuse&Nudity,,Instagram,https://timesofindia.indiatimes.com/city/bengaluru/girl-eloping-to-join-instagram-friend-in-hyderabad-rescued-at-bengaluru-airport/articleshow/76636464.cms
"('Give info on child porn plaints, SC tells social media giants', 'the times of india', '2017-09-05')",n-r->n-r,n-r,n-r,Violent & Criminal Behavior_Child Abuse&Nudity,Legal Action,"Facebook, Google, WhatsApp, Microsoft, Yahoo",https://timesofindia.indiatimes.com/india/give-info-of-plaints-on-child-porn-sc-tells-social-sites/articleshow/60370040.cms
"('Got death threat on Twitter for FIR against Nawab Malik, Sameer Wankhede to cops', 'the hindustan times', '2022-08-19')",1-i->1-i,1-i,1-i,Violent & Criminal Behavior_Violence,Legal Action,Twitter,https://www.hindustantimes.com/cities/mumbai-news/got-death-threat-on-twitter-for-fir-against-nawab-malik-sameer-wankhede-to-cops-101660899117577.html
"('Hindus dismayed at porn-star type image of goddess Kali in upcoming video game', 'the times of india', '2012-07-16')",S->1-i,S,1-i,Violent & Criminal Behavior_Sexual Exploitation,,Game,https://timesofindia.indiatimes.com/india/hindus-dismayed-at-porn-star-type-image-of-goddess-kali-in-upcoming-video-game/articleshow/14936620.cms
"('Horrific viral video reveals 'crisis' of school bullying in Fiji', 'the guardian', '2020-03-13')",n-r->1-r,n-r,1-r,Violent & Criminal Behavior_Violence,Legal Action,Facebook,https://www.theguardian.com/world/2020/mar/10/horrific-viral-video-reveals-crisis-of-school-bullying-in-fiji
"('In Comment On YouTube, A Warning For the F.B.I.', 'new york times', '2018-02-16')",1-r->n-r,1-r,n-r,Violent & Criminal Behavior_Violence,Violent Behavior,Youtube,https://www.nytimes.com/2018/02/15/us/politics/nikolas-cruz-youtube-comment-fbi.html
"('Indian Banks Investigate Allegations By Website', 'wall street journal', '2013-03-14')",S->n-r,S,n-r,Violent & Criminal Behavior_Illegal Behavior,Legal Action,Cobrapost,https://www.wsj.com/articles/SB10001424127887323393304578360140918634544
"('Indian government blocks 60 websites promoting Islamic State', 'bbc monitoring south asia', '2015-10-15')",n-r->n-r,n-r,n-r,Violent & Criminal Behavior_Dangerous Organizations,,Facebook,https://www.thehindu.com/news/national/central-government-blocks-two-website-of-islamic-state/article7762786.ece
"('Inquiry Seeks Twitter User in Brooklyn Bridge Flag Case', 'new york times', '2014-08-08')",1-r->1-i,1-r,1-i,Violent & Criminal Behavior_Dangerous Organizations,Legal Action,Twitter,https://www.nytimes.com/2014/08/09/nyregion/inquiry-seeks-twitter-user-in-brooklyn-bridge-flag-case.html
"('Internet bans for teens accused of inciting riot', 'the daily telegraph', '2011-08-19')",n-r->n-r,n-r,n-r,Violent & Criminal Behavior_Dangerous Organizations,Legal Action,Facebook,https://www.bbc.com/news/uk-scotland-tayside-central-14577987
"('Internet threats against Ulster politician', 'the guardian', '2007-03-16')",n-r->1-i,n-r,1-i,Violent & Criminal Behavior_Violence,Legal Action,Youtube,https://amp.theguardian.com/uk/2007/mar/16/northernireland.northernireland
"('Jilted husband posts naked photos of wife', 'the daily telegraph', '2015-08-12')",1-r->1-r,1-r,1-r,Violent & Criminal Behavior_Sexual Exploitation,Legal Action,Facebook,https://www.telegraph.co.uk/news/uknews/crime/11796913/Husband-posted-naked-pictures-of-cheating-wife-court-hears.html
"('K-pop star Goo Ha-ra's ex-boyfriend jailed for sex video blackmail', 'the korea times', '2020-07-03')",1-i->1-i,1-i,1-i,Violent & Criminal Behavior_Sexual Exploitation,Legal Action,Online,https://www.koreatimes.co.kr/entertainment/k-pop/20200703/k-pop-star-goo-ha-ras-ex-boyfriend-jailed-for-sex-video-blackmail
"('Kittens and Nutella: How Isil is recruiting jihadists online', 'the daily telegraph', '2016-05-26')",1-i->n-r,1-i,n-r,Violent & Criminal Behavior_Dangerous Organizations,,Social Media,https://www.telegraph.co.uk/news/2016/05/25/isil-using-kittens-to-lure-jihadists-to-fight/
"('KRK's twitter account hacked because of Sunny Leone', 'the times of india', '2012-07-11')",1-r->n-r,1-r,n-r,Violent & Criminal Behavior_Violence,Public Apology,Twitter,https://timesofindia.indiatimes.com/entertainment/hindi/bollywood/news/krks-twitter-account-hacked-because-of-sunny-leone/articleshow/14803559.cms
"('Lake County prosecutors launch probe into accusations former state Rep. Nick Sauer showed nude photos of ex-girlfriend online', 'chicago tribune', '2018-08-06')",1-i->1-r,1-i,1-r,Violent & Criminal Behavior_Sexual Exploitation,"Legal Action, Restricted from job/school",Instagram,https://www.chicagotribune.com/2018/08/06/lake-county-prosecutors-launch-probe-into-accusations-former-state-rep-nick-sauer-showed-nude-photos-of-ex-girlfriend-online/
"('Man jailed for having sex with a 16-year-old he met on Facebook', 'irish times', '2015-03-28')",1-r->1-r,1-r,1-r,Violent & Criminal Behavior_Child Abuse&Nudity,Legal Action,Facebook,https://www.irishtimes.com/news/crime-and-law/man-jailed-for-having-sex-with-16-year-old-he-met-on-facebook-1.2156619
"('Man who posed online as child model scout admits 88 sex offences', 'the guardian', '2023-07-24')",1-r->n-r,1-r,n-r,Violent & Criminal Behavior_Sexual Exploitation,Legal Action,"Instagram, TikTok, Snapchat",https://www.theguardian.com/uk-news/2023/jul/24/david-harmes-posed-online-child-model-scout-admits-88-sex-offences
"('Man who threatened Merriam-Webster with anti-LGBTQ violence pleads guilty', 'the washington post', '2022-09-16')",1-r->n-r,1-r,n-r,Violent & Criminal Behavior_Violence,Legal Action,Merriam-Webster,https://www.washingtonpost.com/nation/2022/09/16/merriam-webster-lgbtq-threat/
"('Meta’s new AI lets people make chatbots. They’re using it for sex.', 'the washington post', '2023-06-26')",n-r->n-r,n-r,n-r,Violent & Criminal Behavior_Sexual Exploitation,Public Message to Social Media,"Meta, Youtube",https://www.washingtonpost.com/technology/2023/06/26/facebook-chatbot-sex/
"('Model George Koh guilty of killing rival after Instagram row', 'the guardian', '2018-08-13')",1-r->1-r,1-r,1-r,Violent & Criminal Behavior_Violence,Death,Instagram,https://www.theguardian.com/uk-news/2018/aug/13/model-george-koh-guilty-killing-rival-london-instagram-row
"('National: Facebook party crowd threw bottles at police', 'the guardian', '2010-02-13')",n-r->n-r,n-r,n-r,Violent & Criminal Behavior_Dangerous Organizations,"Violent Behavior, Legal Action",Facebook,https://www.telegraph.co.uk/technology/facebook/7218064/Riot-police-called-to-Facebook-party-in-Park-Lane-town-house.html
"('No relief from HC for man who circulated woman's nude video', 'the times of india', '2022-06-17')",1-r->1-r,1-r,1-r,Violent & Criminal Behavior_Sexual Exploitation,Legal Action,Online,https://timesofindia.indiatimes.com/city/mumbai/no-relief-from-hc-for-man-who-circulated-womans-nude-video/articleshow/92269243.cms
"('Online bomb threat: Boy, 13, arrested', 'the straits times', '2013-01-02')",1-r->n-r,1-r,n-r,Violent & Criminal Behavior_Violence,Legal Action,Facebook,https://www.arabnews.com/node/436595/amp
"('Online echo chamber likely influenced detained teen, say experts', 'the straits times', '2021-01-31')",S->1-r,S,1-r,Violent & Criminal Behavior_Violence,Legal Action,Online,https://www.straitstimes.com/singapore/online-echo-chamber-likely-influenced-detained-teen-say-experts
"('Online Footprint Builds Portrait of Gunman's Life', 'new york times', '2016-07-19')",1-r->n-r,1-r,n-r,Violent & Criminal Behavior_Dangerous Organizations,Violent Behavior,Online,https://www.nytimes.com/2016/07/19/us/baton-rouge-shooting.html
"('Piracy returns! Bollywood speaks up on the live streaming of Padmaavat', 'the hindustan times', '2018-01-28')",1-r->1-r,1-r,1-r,Violent & Criminal Behavior_Violence,Protective Measures,Instagram,https://www.hindustantimes.com/bollywood/piracy-returns-bollywood-speaks-up-on-the-live-streaming-of-padmaavat/story-doGW1Qlx25HwZPNbkNXPWP.html
"('Podcast: How California popularized the 'Great Replacement'', 'los angeles times', '2022-05-18')",S->n-r,S,n-r,Violent & Criminal Behavior_Dangerous Organizations,Violent Behavior,"4chan, 8chan, discord",https://www.latimes.com/podcasts/story/2022-05-18/podcast-how-california-popularized-the-great-replacement
"('Police probe Instagram post that 'advocated terror'', 'the straits times', '2018-09-21')",n-r->n-r,n-r,n-r,Violent & Criminal Behavior_Dangerous Organizations,Legal Action,Instagram,https://www.straitstimes.com/singapore/image-inciting-acts-of-terror-posted-on-instagram-account-linked-to-nanyang-jc-police
"('Police registers a case against a user who made inappropriate comments against Vijay Sethupathi's daughter', 'the times of india', '2020-10-22')",1-r->1-i,1-r,1-i,Violent & Criminal Behavior_Violence,Legal Action,Online,https://timesofindia.indiatimes.com/entertainment/tamil/movies/news/police-registers-a-case-against-a-user-who-made-inappropriate-comments-against-vijay-sethupathis-daughter/articleshow/78783057.cms
"('Police: Griffith man makes online ‘mass murder’ threat to Highland business', 'chicago tribune', '2022-08-25')",1-r->n-r,1-r,n-r,Violent & Criminal Behavior_Violence,Legal Action,Online,https://www.chicagotribune.com/2022/08/25/police-griffith-man-makes-online-mass-murder-threat-to-highland-business/
"('Prison for Graffiti Artist and YouTube Star', 'new york times', '2009-09-10')",1-i->n-r,1-i,n-r,Violent & Criminal Behavior_Illegal Behavior,Legal Action,Youtube,https://archive.nytimes.com/thelede.blogs.nytimes.com/2009/09/10/prison-for-graffiti-artist-and-youtube-star/
"('Prosecutors: Man livestreamed head stomp attack on Facebook', 'chicago tribune', '2018-08-19')",1-r->n-r,1-r,n-r,Violent & Criminal Behavior_Violence,Legal Action,Facebook Live,https://www.chicagotribune.com/2018/08/19/prosecutors-man-livestreamed-head-stomp-attack-on-facebook/
"('Prospectors fined after boasting about gold nugget on Facebook', 'the daily telegraph', '2017-05-16')",n-r->1-i,n-r,1-i,Violent & Criminal Behavior_Illegal Behavior,Legal Action,Facebook,https://www.telegraph.co.uk/news/2017/05/15/three-australian-men-took-huge-gold-nugget-mine-barbecue-caught/
"('Pune accountant defames woman on social media, booked', 'the times of india', '2018-08-29')",1-r->1-r,1-r,1-r,Violent & Criminal Behavior_Sexual Exploitation,Legal Action,Facebook,https://timesofindia.indiatimes.com/city/navi-mumbai/pune-accountant-defames-woman-on-social-media-booked/articleshow/65584699.cms
"('Revenge pornography website operator sentenced to 25 months in prison', 'the guardian', '2015-12-03')",1-i->n-r,1-i,n-r,Violent & Criminal Behavior_Sexual Exploitation,Legal Action,IsAnyoneUp,https://www.theguardian.com/us-news/2015/dec/03/revenge-pornography-website-operator-sentenced-isanyoneup-hunter-moore
"('Rewa cop suspended after his 'youth-thrashing' video goes viral', 'the times of india', '2020-06-24')",n-r->n-r,n-r,n-r,Violent & Criminal Behavior_Violence,Restricted from job/school,Online,https://timesofindia.indiatimes.com/city/bhopal/rewa-cop-suspended-after-his-youth-thrashing-video-goes-viral/articleshow/76518701.cms
"('Santa Ana man charged with threatening Parkland shooting victims’ family and friends online', 'los angeles times', '2019-01-23')",1-r->n-r,1-r,n-r,Violent & Criminal Behavior_Violence,Legal Action,Instagram,https://www.latimes.com/local/lanow/la-me-ln-fleury-charges-20190123-story.html
"('Social media furor leads FIR to be registered against man wife over beating mother', 'the nation', '2020-07-23')",1-r->1-r,1-r,1-r,Violent & Criminal Behavior_Violence,Legal Action,Online,https://www.nation.com.pk/22-Jul-2020/social-media-furor-leads-fir-to-be-registered-against-man-wife-over-beating-mother
"('Social media give terrorists an edge', 'chicago tribune', '2015-01-18')",1-i->n-r,1-i,n-r,Violent & Criminal Behavior_Dangerous Organizations,,"Ask.fm, Twitter",https://www.chicagotribune.com/2015/01/18/good-social-media-strategy-helps-terror-groups-attract-teens-spread-word/
"('Surge in online child sex abuse material', 'irish examiner', '2015-05-15')",n-r->n-r,n-r,n-r,Violent & Criminal Behavior_Child Abuse&Nudity,,Online,https://www.irishexaminer.com/news/arid-20330802.html
"('Suspect Traveled World, But Lived on the Internet', 'new york times', '2019-03-16')",1-i->n-r,1-i,n-r,Violent & Criminal Behavior_Violence,Violent Behavior,Social Media,https://www.nytimes.com/2019/03/15/world/asia/new-zealand-shooting-brenton-tarrant.html
"('Teen thrashed over social media post', 'the times of india', '2022-02-06')",1-r->n-r,1-r,n-r,Violent & Criminal Behavior_Violence,Violent Behavior,Social Media,https://timesofindia.indiatimes.com/city/surat/teen-thrashed-over-social-media-post/articleshow/89356687.cms
"('Temple attack accused would radicalise youth via social media', the times of india, 2022-04-08)",n-r->n-r,n-r,n-r,Violent & Criminal Behavior_Dangerous Organizations,Legal Action,Whatsapp,https://timesofindia.indiatimes.com/city/lucknow/gorakhnath-temple-attack-accused-used-to-radicalise-youths-through-social-media-police/articleshow/90712932.cms
"('The Nation; Extremists Are Homing In on the Internet, Says Gonzales; The attorney general estimates 5,000 to 6,000 websites are being used to mobilize efforts.', 'los angeles times', '2006-08-17')",n-r->n-r,n-r,n-r,Violent & Criminal Behavior_Dangerous Organizations,Violent Behavior,Online,https://www.upi.com/Top_News/2006/08/17/Gonzales-Extremists-relying-on-Web-sites/38651155821421/
"('Traffickers use Rwanda ruling in TikTok ads', 'the daily telegraph', '2023-07-03')",1-i->n-r,1-i,n-r,Violent & Criminal Behavior_Dangerous Organizations,Remove Content,TikTok,https://www.telegraph.co.uk/news/2023/07/02/albanian-people-smugglers-use-rwanda-court-ruling-tiktok/
"('Twitter Moves to Rejoin Industry Group to Fight Child Sexual Abuse Material Online; CEO Linda Yaccarino approved $40,000 annual cost to participate in group as part of her efforts to reassure advertisers', 'wall street journal', '2023-06-29')",n-r->n-r,n-r,n-r,Violent & Criminal Behavior_Child Abuse&Nudity,Protective Measures,Twitter,https://www.wsj.com/tech/twitter-moves-to-rejoin-industry-group-to-fight-child-sexual-abuse-material-online-7b8d0132
"('Two held for posting lewd comments against Reshma Patel', 'the times of india', '2018-07-19')",n-r->1-i,n-r,1-i,Violent & Criminal Behavior_Sexual Exploitation,Legal Action,Online,https://timesofindia.indiatimes.com/city/ahmedabad/two-held-for-posting-lewd-comments-against-reshma-patel/articleshow/65045961.cms
"('Video showing infant being fed beer draws flak', 'the times of india', '2016-08-09')",1-r->n-r,1-r,n-r,Violent & Criminal Behavior_Child Abuse&Nudity,,Online,https://timesofindia.indiatimes.com/city/chennai/video-showing-infant-being-fed-beer-draws-flak/articleshow/53607327.cms
"('Viral video with animal cruelty on the rise', 'the times of india', '2015-07-17')",1-r->n-r,1-r,n-r,Violent & Criminal Behavior_Violence,,Facebook,https://timesofindia.indiatimes.com/life-style/relationships/pets/viral-video-with-animal-cruelty-on-the-rise/articleshow/48099513.cms
"('Weinstein's Friend in Italy Finds Himself Engulfed in a Media Storm', 'new york times', '2017-10-25')",1-i->1-i,1-i,1-i,Violent & Criminal Behavior_Violence,Legal Action,Message,https://www.nytimes.com/2017/10/24/world/europe/fabrizio-lombardo-harvey-weinstein-italy.html
"('White supremacists are recruiting white teens online. Parents must stop them.', 'the washington post', '2019-08-15')",n-r->n-r,n-r,n-r,Violent & Criminal Behavior_Dangerous Organizations,"Violent Behavior, Death",Online Community,https://www.washingtonpost.com/local/white-supremacists-are-recruiting-white-teens-online-parents-must-stop-them/2019/08/15/5169c192-bf69-11e9-b873-63ace636af08_story.html
"('Woman molested at home after filing complaint for online stalking', 'the hindustan times', '2019-06-04')",1-r->1-r,1-r,1-r,Violent & Criminal Behavior_Violence,Violent Behavior,Online,https://www.hindustantimes.com/delhi-news/stalker-molests-woman-at-home-after-she-files-a-police-complaint/story-VkEgGhlUk1hrSYnAtgegIN.html
"('Woman posts sister's porn profile on net to take revenge', 'the times of india', '2011-04-17')",1-r->1-r,1-r,1-r,Violent & Criminal Behavior_Sexual Exploitation,Legal Action,Orkut,https://timesofindia.indiatimes.com/city/chennai/woman-posts-sisters-porn-profile-on-net-to-take-revenge/articleshow/7995154.cms
"('World News: Trackers Chase Islamic State in Social Media', 'wall street journal', '2014-08-28')",n-r->n-r,n-r,n-r,Violent & Criminal Behavior_Dangerous Organizations,Violent Behavior,"Twitter, Facebook",https://www.wsj.com/articles/islamic-state-leaves-trail-on-social-media-1409184439
"('Youth stabbed over Bebo webpage', 'irish times', '2008-06-21')",n-r->1-r,n-r,1-r,Violent & Criminal Behavior_Violence,Violent Behavior,Bebo,https://www.independent.ie/irish-news/bebo-comment-on-girl-led-to-beating/26455721.html
"('YouTube offers refunds for adverts next to terror videos', 'the daily telegraph', '2017-07-04')",S->n-r,S,n-r,Violent & Criminal Behavior_Dangerous Organizations,Remove Content,Youtube,https://www.telegraph.co.uk/technology/2017/07/03/youtube-refunds-advertisers-terror-content-scandal/
"('YouTube video 'shows French family held in Cameroon'', 'the guardian', '2013-02-26')",1-r->n-r,1-r,n-r,Violent & Criminal Behavior_Violence,,Youtube,https://www.nytimes.com/2013/02/26/world/africa/video-claims-french-familys-kidnappers-are-nigerian-extremists.html
"('Zarqawi Built Global Jihadist Network on Internet', 'new york times', '2006-06-09')",1-i->n-r,1-i,n-r,Violent & Criminal Behavior_Dangerous Organizations,Violent Behavior,Online,https://www.nytimes.com/2006/06/09/world/middleeast/09web.html
"(14-year-old rapes disabled minor girl; friends shoot video for social media, the hindustan times, 2023-01-21)",n-r->1-r,n-r,1-r,Violent & Criminal Behavior_Sexual Exploitation,Legal Action,Instagram,https://www.hindustantimes.com/cities/mumbai-news/14yearold-rapes-disabled-minor-girl-friends-shoot-video-for-social-media-101674325251383.html
"(2 Mundelein High School students charged after social media threat: police, chicago tribune, 2018-02-26)",n-r->1-r,n-r,1-r,Violent & Criminal Behavior_Violence,Legal Action,Snapchat,https://www.chicagotribune.com/2018/02/26/2-mundelein-high-school-students-charged-after-social-media-threat-police/
"(6 youths rape 40-year-old woman in Baran, upload video on social media, the times of india, 2018-03-12)",n-r->1-r,n-r,1-r,Violent & Criminal Behavior_Sexual Exploitation,Legal Action,Social Media,https://timesofindia.indiatimes.com/city/jaipur/6-youths-rape-40-year-old-woman-in-baran-upload-video-on-social-media/articleshow/63253051.cms
"(Boys given 5 years probation for sex assault of girl broadcast live on Facebook, chicago tribune, 2018-01-11)",n-r->n-r,n-r,n-r,Violent & Criminal Behavior_Sexual Exploitation,Legal Action,Facebook Live,https://www.chicagotribune.com/2018/01/11/boys-given-5-years-probation-for-sex-assault-of-girl-broadcast-live-on-facebook/
"(Chinese authority reveals major online pornography cases, xinhua news agency - ceis, 2018-07-26)",n-r->n-r,n-r,n-r,Violent & Criminal Behavior_Child Abuse&Nudity,Legal Action,WeChat,https://www.ecns.cn/news/society/2018-07-27/detail-ifywnmyq4943008.shtml
"(Eight students booked by Mangaluru police under Pocso Act after kissing video goes viral, the hindustan times, 2022-07-23)",1-r->1-r,1-r,1-r,Violent & Criminal Behavior_Sexual Exploitation,Legal Action,Social Media,https://www.hindustantimes.com/cities/bengaluru-news/eight-students-booked-by-mangaluru-police-under-pocso-act-after-kissing-video-goes-viral-101658514923665.html
"(FIR against site over morphed fake tweets of journalist, the times of india, 2022-02-01)",n-r->1-i,n-r,1-i,Violent & Criminal Behavior_Violence,Legal Action,"Twitter, Instagram",https://www.hindustantimes.com/cities/mumbai-news/fir-against-4-for-sending-rape-death-threats-to-journalist-rana-ayyub-101643643090742.html
"(Gujarat: 25,000 morphed, explicit posts removed in a yr, the times of india, 2023-04-27)",1-r->1-r,1-r,1-r,Violent & Criminal Behavior_Sexual Exploitation,Legal Action,Facebook,https://timesofindia.indiatimes.com/city/ahmedabad/gujarat-25000-morphed-explicit-posts-removed-in-a-yr/articleshow/99772260.cms
"(Islamic State trying to spread tentacles through online propaganda: NIA, the hindustan times, 2021-09-18)",n-i->n-r,n-i,n-r,Violent & Criminal Behavior_Dangerous Organizations,Legal Action,Online,https://www.hindustantimes.com/india-news/islamic-state-trying-to-spread-tentacles-through-online-propaganda-nia-101631904989331.html
"(Kia and Hyundai to Pay $200 Million to Settle Viral Car-Theft Suit; Car owners sued the companies after a social-media challenge inspired thieves, wall street journal, 2023-05-19), (Hyundai, Kia reach settlement on vehicles vulnerable to TikTok theft challenge, los angeles times, 2023-05-19)",n-r->n-r,n-r,n-r,Violent & Criminal Behavior_Violence,Violent Behavior,Social Media,https://www.wsj.com/business/kia-and-hyundai-to-pay-200-million-to-settle-viral-car-theft-suit-7321e9fb
"(Man issues threat to cops and lawyers in viral video, the times of india, 2022-01-20)",1-r->n-i,1-r,n-i,Violent & Criminal Behavior_Violence,,Social Media,https://timesofindia.indiatimes.com/city/kanpur/man-issues-threat-to-cops-and-lawyers-in-viral-video/articleshow/88983881.cms
"(Man posts obscene photos of Tollywood actresses, held, the times of india, 2017-10-10)",1-r->1-i,1-r,1-i,Violent & Criminal Behavior_Sexual Exploitation,Legal Action,Online,https://timesofindia.indiatimes.com/city/hyderabad/man-posts-obscene-photos-of-tollywood-actresses-held/articleshow/61002391.cms
"(Mumbai: Film producer Sandeep Singh receives death threat post on social media, FIR registered, the times of india, 2022-07-08)",1-r->1-i,1-r,1-i,Violent & Criminal Behavior_Violence,Legal Action,Facebook,https://timesofindia.indiatimes.com/city/mumbai/mumbai-film-producer-sandeep-singh-receives-death-threat-post-on-social-media-fir-registered/articleshow/92729169.cms
"(Radicalisation of rightwing extremists via pages on Facebook and in the Daily Mail | Letters, the guardian, 2017-06-20)",1-i->n-r,1-i,n-r,Violent & Criminal Behavior_Dangerous Organizations,,Facebook,https://www.theguardian.com/world/2017/jun/20/radicalisation-of-rightwing-extremists-via-pages-on-facebook-and-in-the-daily-mail
"(Social media locked in feud with ISIS, the korea times, 2016-04-15)",1-i->S,1-i,S,Violent & Criminal Behavior_Dangerous Organizations,,"Facebook, Twitter",https://www.koreatimes.co.kr/world/20160415/social-media-locked-in-feud-with-isis
"(The Media Brought the Alt-Right to My Campus, new york times, 2017-06-16)",n-r->n-r,n-r,n-r,Violent & Criminal Behavior_Violence,Violent Behavior,"4chan, Reddit",https://www.nytimes.com/2017/06/16/opinion/media-alt-right-evergreen-college.html
"(Turmoil in Egypt: The Secret Rally That Sparked an Uprising --- Cairo Protest Organizers Describe Ruses Used to Gain Foothold Against Police; the Candy-Store Meet That Wasn't on Facebook, wall street journal, 2011-02-11)",n-r->n-r,n-r,n-r,Violent & Criminal Behavior_Dangerous Organizations,Protest,Facebook,https://www.wsj.com/articles/SB10001424052748704132204576135882356532702
"(UK MPs say Twitter, Google not doing enough to curb extremism, the hindustan times, 2016-08-26)",1-i->n-r,1-i,n-r,Violent & Criminal Behavior_Dangerous Organizations,Remove Content,"Twitter, Google",https://www.hindustantimes.com/world-news/uk-mps-say-twitter-google-not-doing-enough-to-curb-extremism/story-2o870gE9bN6jav8JJovEBL.html
"(Woman takes ex-GF to court for posting her nude pic online, the times of india, 2017-02-28)",1-r->1-r,1-r,1-r,Violent & Criminal Behavior_Violence,Legal Action,WhatsApp,https://timesofindia.indiatimes.com/city/mumbai/woman-takes-ex-girlfriend-to-court-for-posting-her-nude-photo-online/articleshow/57382682.cms
Al-Shabab say they are back on Twitter,1-i->n-r,1-i,n-r,Violent & Criminal Behavior_Dangerous Organizations,,Twitter,https://www.aljazeera.com/news/2013/12/16/al-shabab-say-they-are-back-on-twitter
Asthma attack case prompts warnings of Facebook risks,1-r->1-r,1-r,1-r,Violent & Criminal Behavior_Dangerous Organizations,,Facebook,https://www.irishexaminer.com/world/arid-20136869.html
Boston Suspects Are Seen as Self-Taught and Fueled by Web,1-i->n-r,1-i,n-r,Violent & Criminal Behavior_Dangerous Organizations,"Violent Behavior, Legal Action",Online,https://timesofindia.indiatimes.com/city/nagpur/internet-fraudster-siphons-of-rs-13-35-lakhs/articleshow/20596546.cms
Coimbatore: Police remain mute spectators as video of women changing dress goes viral,1-r->n-r,1-r,n-r,Violent & Criminal Behavior_Sexual Exploitation,Legal Action,Social Media,https://timesofindia.indiatimes.com/city/coimbatore/police-remain-mute-spectators-as-video-of-women-changing-dress-goes-viral/articleshow/73146474.cms
"Gurdaspur man rapes 14-year-old ‘online friend’, held",1-r->1-r,1-r,1-r,Violent & Criminal Behavior_Sexual Exploitation,Legal Action,Social Networking Site,https://www.hindustantimes.com/cities/chandigarh-news/gurdaspur-man-rapes-14-year-old-online-friend-held-101630446474410.html
How a Stabbing in Israel Echoes Through the Fight Over Online Speech,1-i->n-r,1-i,n-r,Violent & Criminal Behavior_Dangerous Organizations,Social Media Policy Change,Facebook,https://www.nytimes.com/2021/03/24/technology/section-230-hearing-facebook.html
"In custody, Pasupalan posts a selfie on FB",1-i->n-r,1-i,n-r,Violent & Criminal Behavior_Sexual Exploitation,,Facebook,https://timesofindia.indiatimes.com/city/thiruvananthapuram/in-custody-pasupalan-posts-a-selfie-on-fb/articleshow/50862848.cms
Kidnap Probe Focuses on Web Diary,1-r->n-r,1-r,n-r,Violent & Criminal Behavior_Child Abuse&Nudity,,Web Diary,https://www.latimes.com/archives/la-xpm-2005-jul-04-na-idaho4-story.html
Metro Briefing | New Jersey: Paterson: Man Arrested In Online Sex Sting,1-r->1-r,1-r,1-r,Violent & Criminal Behavior_Child Abuse&Nudity,,Online chat,https://www.nytimes.com/2004/06/28/nyregion/metro-briefing-new-jersey-paterson-man-arrested-in-online-sex-sting.html
Missouri: Mayor Arrested in Internet Sex Sting,1-r->1-r,1-r,1-r,Violent & Criminal Behavior_Sexual Exploitation,Legal Action,Yahoo,https://www.nytimes.com/2008/01/15/us/15brfs-MAYORARRESTE_BRF.html
"Mumbai man creates five fake accounts, posts ex-lover's photos; booked",1-r->1-r,1-r,1-r,Violent & Criminal Behavior_Sexual Exploitation,Legal Action,Social Media,https://www.nytimes.com/2019/06/30/opinion/immigrants-social-media.html
Nawanshahr ‘BKI ultra’ was drafting youth on Facebook for bomb attacks,n-i->n-r,n-i,n-r,Violent & Criminal Behavior_Dangerous Organizations,Legal Action,Facebook,https://www.hindustantimes.com/punjab/nawanshahr-babbar-khals-international-ultra-was-drafting-youth-on-facebook-for-bomb-attacks/story-Z7M5zWddHMWY9tejSpKkKI.html
Old guard attempt to restore dictatorship via new media,1-i->n-r,1-i,n-r,Violent & Criminal Behavior_Dangerous Organizations,,Facebook,https://www.telegraph.co.uk/technology/internet/9818691/Misogynist-trolls-need-an-earful-from-the-barmaid.html
One in 4 children meets an Internet stranger,n-r->n-r,n-r,n-r,Violent & Criminal Behavior_Child Abuse&Nudity,,Online,https://www.dailymail.co.uk/news/article-478996/One-4-children-meets-Internet-stranger.html
Police rescue children from online abuse,1-r->n-r,1-r,n-r,Violent & Criminal Behavior_Child Abuse&Nudity,Legal Action,Online,https://www.theguardian.com/uk/2009/sep/02/children-rescued-internet-paedophiles
"Quaden Bayles's family getting death threats months after anti-bullying video, mother says",n-r->1-i,n-r,1-i,Violent & Criminal Behavior_Violence,,Social Media,https://timesofindia.indiatimes.com/city/mumbai/man-steps-out-to-buy-syrup-for-kin-scooter-impounded/articleshow/76738179.cms
"Suspect Confesses to Killing Airmen; Kosovo Native Says Jihadist Videos Inspired Him; in Confession, He Refuses to Reveal Where He Bought the Gun",n-r->1-r,n-r,1-r,Violent & Criminal Behavior_Violence,,Online,https://www.wsj.com/articles/SB10001424053111904716604576542192510972276
Tennessee: Conspiracy Charges Over Online Postings,n-r->n-r,n-r,n-r,Violent & Criminal Behavior_Violence,Legal Action,MySpace,https://www.nytimes.com/2007/01/26/us/26brfs-CHARGES.html
Thousands of paedophiles to escape law over online images,n-r->n-r,n-r,n-r,Violent & Criminal Behavior_Child Abuse&Nudity,Legal Action,Online,https://www.nytimes.com/2014/11/17/world/middleeast/peter-kassig-isis-video-execution.html
YouTube urged to delete radical cleric's sermons,n-r->n-r,n-r,n-r,Violent & Criminal Behavior_Violence,,Youtube,https://www.theguardian.com/world/2011/feb/28/youtube-urged-to-delete-sermons
"('"" Nordpresse "" dit avoir été censuré par Facebook', 'le monde', '2018-07-24')",S->1-i,S,1-i,Community Specific Rules_Content Limitation,,Facebook,https://www.lemonde.fr/les-decodeurs/article/2018/07/22/bloque-sur-facebook-le-site-parodique-nordpresse-crie-a-la-censure_5334640_4355770.html
"('Burhan effect: Facebook blocks page of Kashmir magazine, deletes cover of issue', 'the hindustan times', '2017-07-10')",1-i->S,1-i,S,Community Specific Rules_Content Limitation,,Facebook,https://www.hindustantimes.com/india-news/burhan-effect-facebook-blocks-page-of-kashmir-magazine-deletes-cover-of-issue/story-FWxU7PnATmZc52jClkkl0O.html
"('By-election online breaches: Police warnings for 4', 'the straits times', '2017-02-17')",n-r->S,n-r,S,Community Specific Rules_Content Limitation,Legal Action,Facebook,https://www.straitstimes.com/politics/four-people-receive-police-warning-over-online-posts-during-bukit-batok-by-election
"('Facebook reverses ban on Led Zeppelin album cover featuring naked children', 'the guardian', '2019-06-21')",S->1-i,S,1-i,Community Specific Rules_Content Limitation,,Facebook,https://www.theguardian.com/music/2019/jun/21/facebook-reverses-ban-on-led-zeppelin-album-cover-featuring-naked-children
"('Microsoft bans users for ‘excessive profanity’ in Xbox One video uploads', 'the guardian', '2013-11-26')",1-r->n-r,1-r,n-r,Community Specific Rules_Content Limitation,Banned from Community,Xbox Live,https://www.theguardian.com/technology/2013/nov/26/microsoft-bans-users-for-excessive-profanity-in-xbox-one-video-uploads
"('My sister-in-law who talks flirty on Facebook', 'irish times', '2010-11-10')",1-r->S,1-r,S,Community Specific Rules_Content Limitation,,Facebook,https://www.irishtimes.com/life-and-style/people/my-sister-in-law-who-talks-flirty-on-facebook-1.674785
"('The Parody Tweets That Went on Too Long', 'new york times', '2009-04-19')",n-r->n-r,n-r,n-r,Community Specific Rules_Format,,Twitter,https://www.nytimes.com/2009/04/20/business/media/20trudeau.html
"('These Oklahoma marijuana dispensaries are suing Facebook', 'chicago tribune', '2019-08-02')",n-r->S,n-r,S,Community Specific Rules_Content Limitation,Legal Action,Facebook,https://www.chicagotribune.com/2019/08/02/these-oklahoma-marijuana-dispensaries-are-suing-facebook/
"('YouTube video: Notice issued to SAD for poll code violation in Adampur constituency', 'the hindustan times', '2017-01-15')",1-r->S,1-r,S,Community Specific Rules_Content Limitation,Legal Action,Youtube,https://www.hindustantimes.com/assembly-elections/adampur-mla-pawan-kumar-tinu-s-promotional-advertisement-sad-issued-notice-for-poll-code-violation/story-RqoFtiqadRpvbGJn7puRjJ.html
"('Zuckerberg's advocacy ads under fire; Seeking immigration reform, Facebook founder is alienating some progressives by touting conservatives.', 'los angeles times', '2013-05-02')",1-i->S,1-i,S,Community Specific Rules_Content Limitation,,Facebook,https://www.latimes.com/business/la-xpm-2013-may-01-la-fi-facebook-zuckerberg-20130502-story.html
"(Facebook moves to reduce 'clickbait', international new york times, 2016-08-06)",S->n-i,S,n-i,Community Specific Rules_Content Limitation,,Facebook,https://www.nytimes.com/2016/08/05/technology/facebook-moves-to-push-clickbait-lower-in-the-news-feed.html
"(Facebook restores posts following complaints about incorrect removal, irish times, 2020-03-19)",S->n-r,S,n-r,Community Specific Rules_Content Limitation,Public Message from/to Social Media,Facebook,https://www.irishtimes.com/news/health/coronavirus-facebook-forced-to-restore-covid-19-posts-following-complaints-1.4206006
"(Scary Campaign Ads, And a Mother's Story, new york times, 2004-10-24)",1-i->1-r,1-i,1-r,Community Specific Rules_Content Limitation,,TV,https://www.nytimes.com/2004/10/24/opinion/scary-campaign-ads-and-a-mothers-story-396087.html
Rahul's videos 'suppressed'? YouTube to find out,n-r->n-r,n-r,n-r,Community Specific Rules_Content Limitation,,Youtube,https://timesofindia.indiatimes.com/india/rahuls-videos-suppressed-youtube-to-probe/articleshow/99102753.cms
YouTube blocks PIB's video content,S->1-i,S,1-i,Community Specific Rules_Content Limitation,,Youtube,https://elpais.com/politica/2018/09/09/actualidad/1536522168_713986.html